panel,mechanism,point,x1,x2,signal
a,Null,0,-1.6903085094570331,-1.6903085094570331,0.0
a,Null,1,-1.6057930839841814,-1.6903085094570331,0.0
a,Null,2,-1.52127765851133,-1.6903085094570331,0.0
a,Null,3,-1.4367622330384782,-1.6903085094570331,0.0
a,Null,4,-1.3522468075656264,-1.6903085094570331,0.0
a,Null,5,-1.267731382092775,-1.6903085094570331,0.0
a,Null,6,-1.1832159566199232,-1.6903085094570331,0.0
a,Null,7,-1.0987005311470714,-1.6903085094570331,0.0
a,Null,8,-1.01418510567422,-1.6903085094570331,0.0
a,Null,9,-0.9296696802013682,-1.6903085094570331,0.0
a,Null,10,-0.8451542547285166,-1.6903085094570331,0.0
a,Null,11,-0.760638829255665,-1.6903085094570331,0.0
a,Null,12,-0.6761234037828132,-1.6903085094570331,0.0
a,Null,13,-0.5916079783099616,-1.6903085094570331,0.0
a,Null,14,-0.50709255283711,-1.6903085094570331,0.0
a,Null,15,-0.4225771273642583,-1.6903085094570331,0.0
a,Null,16,-0.3380617018914066,-1.6903085094570331,0.0
a,Null,17,-0.253546276418555,-1.6903085094570331,0.0
a,Null,18,-0.1690308509457033,-1.6903085094570331,0.0
a,Null,19,-0.08451542547285165,-1.6903085094570331,0.0
a,Null,20,0.0,-1.6903085094570331,0.0
a,Null,21,0.08451542547285165,-1.6903085094570331,0.0
a,Null,22,0.1690308509457033,-1.6903085094570331,0.0
a,Null,23,0.253546276418555,-1.6903085094570331,0.0
a,Null,24,0.3380617018914066,-1.6903085094570331,0.0
a,Null,25,0.4225771273642583,-1.6903085094570331,0.0
a,Null,26,0.50709255283711,-1.6903085094570331,0.0
a,Null,27,0.5916079783099616,-1.6903085094570331,0.0
a,Null,28,0.6761234037828132,-1.6903085094570331,0.0
a,Null,29,0.760638829255665,-1.6903085094570331,0.0
a,Null,30,0.8451542547285166,-1.6903085094570331,0.0
a,Null,31,0.9296696802013682,-1.6903085094570331,0.0
a,Null,32,1.01418510567422,-1.6903085094570331,0.0
a,Null,33,1.0987005311470714,-1.6903085094570331,0.0
a,Null,34,1.1832159566199232,-1.6903085094570331,0.0
a,Null,35,1.267731382092775,-1.6903085094570331,0.0
a,Null,36,1.3522468075656264,-1.6903085094570331,0.0
a,Null,37,1.4367622330384782,-1.6903085094570331,0.0
a,Null,38,1.52127765851133,-1.6903085094570331,0.0
a,Null,39,1.6057930839841814,-1.6903085094570331,0.0
a,Null,40,1.6903085094570331,-1.6903085094570331,0.0
a,Null,41,-1.6903085094570331,-1.6057930839841814,0.0
a,Null,42,-1.6057930839841814,-1.6057930839841814,0.0
a,Null,43,-1.52127765851133,-1.6057930839841814,0.0
a,Null,44,-1.4367622330384782,-1.6057930839841814,0.0
a,Null,45,-1.3522468075656264,-1.6057930839841814,0.0
a,Null,46,-1.267731382092775,-1.6057930839841814,0.0
a,Null,47,-1.1832159566199232,-1.6057930839841814,0.0
a,Null,48,-1.0987005311470714,-1.6057930839841814,0.0
a,Null,49,-1.01418510567422,-1.6057930839841814,0.0
a,Null,50,-0.9296696802013682,-1.6057930839841814,0.0
a,Null,51,-0.8451542547285166,-1.6057930839841814,0.0
a,Null,52,-0.760638829255665,-1.6057930839841814,0.0
a,Null,53,-0.6761234037828132,-1.6057930839841814,0.0
a,Null,54,-0.5916079783099616,-1.6057930839841814,0.0
a,Null,55,-0.50709255283711,-1.6057930839841814,0.0
a,Null,56,-0.4225771273642583,-1.6057930839841814,0.0
a,Null,57,-0.3380617018914066,-1.6057930839841814,0.0
a,Null,58,-0.253546276418555,-1.6057930839841814,0.0
a,Null,59,-0.1690308509457033,-1.6057930839841814,0.0
a,Null,60,-0.08451542547285165,-1.6057930839841814,0.0
a,Null,61,0.0,-1.6057930839841814,0.0
a,Null,62,0.08451542547285165,-1.6057930839841814,0.0
a,Null,63,0.1690308509457033,-1.6057930839841814,0.0
a,Null,64,0.253546276418555,-1.6057930839841814,0.0
a,Null,65,0.3380617018914066,-1.6057930839841814,0.0
a,Null,66,0.4225771273642583,-1.6057930839841814,0.0
a,Null,67,0.50709255283711,-1.6057930839841814,0.0
a,Null,68,0.5916079783099616,-1.6057930839841814,0.0
a,Null,69,0.6761234037828132,-1.6057930839841814,0.0
a,Null,70,0.760638829255665,-1.6057930839841814,0.0
a,Null,71,0.8451542547285166,-1.6057930839841814,0.0
a,Null,72,0.9296696802013682,-1.6057930839841814,0.0
a,Null,73,1.01418510567422,-1.6057930839841814,0.0
a,Null,74,1.0987005311470714,-1.6057930839841814,0.0
a,Null,75,1.1832159566199232,-1.6057930839841814,0.0
a,Null,76,1.267731382092775,-1.6057930839841814,0.0
a,Null,77,1.3522468075656264,-1.6057930839841814,0.0
a,Null,78,1.4367622330384782,-1.6057930839841814,0.0
a,Null,79,1.52127765851133,-1.6057930839841814,0.0
a,Null,80,1.6057930839841814,-1.6057930839841814,0.0
a,Null,81,1.6903085094570331,-1.6057930839841814,0.0
a,Null,82,-1.6903085094570331,-1.52127765851133,0.0
a,Null,83,-1.6057930839841814,-1.52127765851133,0.0
a,Null,84,-1.52127765851133,-1.52127765851133,0.0
a,Null,85,-1.4367622330384782,-1.52127765851133,0.0
a,Null,86,-1.3522468075656264,-1.52127765851133,0.0
a,Null,87,-1.267731382092775,-1.52127765851133,0.0
a,Null,88,-1.1832159566199232,-1.52127765851133,0.0
a,Null,89,-1.0987005311470714,-1.52127765851133,0.0
a,Null,90,-1.01418510567422,-1.52127765851133,0.0
a,Null,91,-0.9296696802013682,-1.52127765851133,0.0
a,Null,92,-0.8451542547285166,-1.52127765851133,0.0
a,Null,93,-0.760638829255665,-1.52127765851133,0.0
a,Null,94,-0.6761234037828132,-1.52127765851133,0.0
a,Null,95,-0.5916079783099616,-1.52127765851133,0.0
a,Null,96,-0.50709255283711,-1.52127765851133,0.0
a,Null,97,-0.4225771273642583,-1.52127765851133,0.0
a,Null,98,-0.3380617018914066,-1.52127765851133,0.0
a,Null,99,-0.253546276418555,-1.52127765851133,0.0
a,Null,100,-0.1690308509457033,-1.52127765851133,0.0
a,Null,101,-0.08451542547285165,-1.52127765851133,0.0
a,Null,102,0.0,-1.52127765851133,0.0
a,Null,103,0.08451542547285165,-1.52127765851133,0.0
a,Null,104,0.1690308509457033,-1.52127765851133,0.0
a,Null,105,0.253546276418555,-1.52127765851133,0.0
a,Null,106,0.3380617018914066,-1.52127765851133,0.0
a,Null,107,0.4225771273642583,-1.52127765851133,0.0
a,Null,108,0.50709255283711,-1.52127765851133,0.0
a,Null,109,0.5916079783099616,-1.52127765851133,0.0
a,Null,110,0.6761234037828132,-1.52127765851133,0.0
a,Null,111,0.760638829255665,-1.52127765851133,0.0
a,Null,112,0.8451542547285166,-1.52127765851133,0.0
a,Null,113,0.9296696802013682,-1.52127765851133,0.0
a,Null,114,1.01418510567422,-1.52127765851133,0.0
a,Null,115,1.0987005311470714,-1.52127765851133,0.0
a,Null,116,1.1832159566199232,-1.52127765851133,0.0
a,Null,117,1.267731382092775,-1.52127765851133,0.0
a,Null,118,1.3522468075656264,-1.52127765851133,0.0
a,Null,119,1.4367622330384782,-1.52127765851133,0.0
a,Null,120,1.52127765851133,-1.52127765851133,0.0
a,Null,121,1.6057930839841814,-1.52127765851133,0.0
a,Null,122,1.6903085094570331,-1.52127765851133,0.0
a,Null,123,-1.6903085094570331,-1.4367622330384782,0.0
a,Null,124,-1.6057930839841814,-1.4367622330384782,0.0
a,Null,125,-1.52127765851133,-1.4367622330384782,0.0
a,Null,126,-1.4367622330384782,-1.4367622330384782,0.0
a,Null,127,-1.3522468075656264,-1.4367622330384782,0.0
a,Null,128,-1.267731382092775,-1.4367622330384782,0.0
a,Null,129,-1.1832159566199232,-1.4367622330384782,0.0
a,Null,130,-1.0987005311470714,-1.4367622330384782,0.0
a,Null,131,-1.01418510567422,-1.4367622330384782,0.0
a,Null,132,-0.9296696802013682,-1.4367622330384782,0.0
a,Null,133,-0.8451542547285166,-1.4367622330384782,0.0
a,Null,134,-0.760638829255665,-1.4367622330384782,0.0
a,Null,135,-0.6761234037828132,-1.4367622330384782,0.0
a,Null,136,-0.5916079783099616,-1.4367622330384782,0.0
a,Null,137,-0.50709255283711,-1.4367622330384782,0.0
a,Null,138,-0.4225771273642583,-1.4367622330384782,0.0
a,Null,139,-0.3380617018914066,-1.4367622330384782,0.0
a,Null,140,-0.253546276418555,-1.4367622330384782,0.0
a,Null,141,-0.1690308509457033,-1.4367622330384782,0.0
a,Null,142,-0.08451542547285165,-1.4367622330384782,0.0
a,Null,143,0.0,-1.4367622330384782,0.0
a,Null,144,0.08451542547285165,-1.4367622330384782,0.0
a,Null,145,0.1690308509457033,-1.4367622330384782,0.0
a,Null,146,0.253546276418555,-1.4367622330384782,0.0
a,Null,147,0.3380617018914066,-1.4367622330384782,0.0
a,Null,148,0.4225771273642583,-1.4367622330384782,0.0
a,Null,149,0.50709255283711,-1.4367622330384782,0.0
a,Null,150,0.5916079783099616,-1.4367622330384782,0.0
a,Null,151,0.6761234037828132,-1.4367622330384782,0.0
a,Null,152,0.760638829255665,-1.4367622330384782,0.0
a,Null,153,0.8451542547285166,-1.4367622330384782,0.0
a,Null,154,0.9296696802013682,-1.4367622330384782,0.0
a,Null,155,1.01418510567422,-1.4367622330384782,0.0
a,Null,156,1.0987005311470714,-1.4367622330384782,0.0
a,Null,157,1.1832159566199232,-1.4367622330384782,0.0
a,Null,158,1.267731382092775,-1.4367622330384782,0.0
a,Null,159,1.3522468075656264,-1.4367622330384782,0.0
a,Null,160,1.4367622330384782,-1.4367622330384782,0.0
a,Null,161,1.52127765851133,-1.4367622330384782,0.0
a,Null,162,1.6057930839841814,-1.4367622330384782,0.0
a,Null,163,1.6903085094570331,-1.4367622330384782,0.0
a,Null,164,-1.6903085094570331,-1.3522468075656264,0.0
a,Null,165,-1.6057930839841814,-1.3522468075656264,0.0
a,Null,166,-1.52127765851133,-1.3522468075656264,0.0
a,Null,167,-1.4367622330384782,-1.3522468075656264,0.0
a,Null,168,-1.3522468075656264,-1.3522468075656264,0.0
a,Null,169,-1.267731382092775,-1.3522468075656264,0.0
a,Null,170,-1.1832159566199232,-1.3522468075656264,0.0
a,Null,171,-1.0987005311470714,-1.3522468075656264,0.0
a,Null,172,-1.01418510567422,-1.3522468075656264,0.0
a,Null,173,-0.9296696802013682,-1.3522468075656264,0.0
a,Null,174,-0.8451542547285166,-1.3522468075656264,0.0
a,Null,175,-0.760638829255665,-1.3522468075656264,0.0
a,Null,176,-0.6761234037828132,-1.3522468075656264,0.0
a,Null,177,-0.5916079783099616,-1.3522468075656264,0.0
a,Null,178,-0.50709255283711,-1.3522468075656264,0.0
a,Null,179,-0.4225771273642583,-1.3522468075656264,0.0
a,Null,180,-0.3380617018914066,-1.3522468075656264,0.0
a,Null,181,-0.253546276418555,-1.3522468075656264,0.0
a,Null,182,-0.1690308509457033,-1.3522468075656264,0.0
a,Null,183,-0.08451542547285165,-1.3522468075656264,0.0
a,Null,184,0.0,-1.3522468075656264,0.0
a,Null,185,0.08451542547285165,-1.3522468075656264,0.0
a,Null,186,0.1690308509457033,-1.3522468075656264,0.0
a,Null,187,0.253546276418555,-1.3522468075656264,0.0
a,Null,188,0.3380617018914066,-1.3522468075656264,0.0
a,Null,189,0.4225771273642583,-1.3522468075656264,0.0
a,Null,190,0.50709255283711,-1.3522468075656264,0.0
a,Null,191,0.5916079783099616,-1.3522468075656264,0.0
a,Null,192,0.6761234037828132,-1.3522468075656264,0.0
a,Null,193,0.760638829255665,-1.3522468075656264,0.0
a,Null,194,0.8451542547285166,-1.3522468075656264,0.0
a,Null,195,0.9296696802013682,-1.3522468075656264,0.0
a,Null,196,1.01418510567422,-1.3522468075656264,0.0
a,Null,197,1.0987005311470714,-1.3522468075656264,0.0
a,Null,198,1.1832159566199232,-1.3522468075656264,0.0
a,Null,199,1.267731382092775,-1.3522468075656264,0.0
a,Null,200,1.3522468075656264,-1.3522468075656264,0.0
a,Null,201,1.4367622330384782,-1.3522468075656264,0.0
a,Null,202,1.52127765851133,-1.3522468075656264,0.0
a,Null,203,1.6057930839841814,-1.3522468075656264,0.0
a,Null,204,1.6903085094570331,-1.3522468075656264,0.0
a,Null,205,-1.6903085094570331,-1.267731382092775,0.0
a,Null,206,-1.6057930839841814,-1.267731382092775,0.0
a,Null,207,-1.52127765851133,-1.267731382092775,0.0
a,Null,208,-1.4367622330384782,-1.267731382092775,0.0
a,Null,209,-1.3522468075656264,-1.267731382092775,0.0
a,Null,210,-1.267731382092775,-1.267731382092775,0.0
a,Null,211,-1.1832159566199232,-1.267731382092775,0.0
a,Null,212,-1.0987005311470714,-1.267731382092775,0.0
a,Null,213,-1.01418510567422,-1.267731382092775,0.0
a,Null,214,-0.9296696802013682,-1.267731382092775,0.0
a,Null,215,-0.8451542547285166,-1.267731382092775,0.0
a,Null,216,-0.760638829255665,-1.267731382092775,0.0
a,Null,217,-0.6761234037828132,-1.267731382092775,0.0
a,Null,218,-0.5916079783099616,-1.267731382092775,0.0
a,Null,219,-0.50709255283711,-1.267731382092775,0.0
a,Null,220,-0.4225771273642583,-1.267731382092775,0.0
a,Null,221,-0.3380617018914066,-1.267731382092775,0.0
a,Null,222,-0.253546276418555,-1.267731382092775,0.0
a,Null,223,-0.1690308509457033,-1.267731382092775,0.0
a,Null,224,-0.08451542547285165,-1.267731382092775,0.0
a,Null,225,0.0,-1.267731382092775,0.0
a,Null,226,0.08451542547285165,-1.267731382092775,0.0
a,Null,227,0.1690308509457033,-1.267731382092775,0.0
a,Null,228,0.253546276418555,-1.267731382092775,0.0
a,Null,229,0.3380617018914066,-1.267731382092775,0.0
a,Null,230,0.4225771273642583,-1.267731382092775,0.0
a,Null,231,0.50709255283711,-1.267731382092775,0.0
a,Null,232,0.5916079783099616,-1.267731382092775,0.0
a,Null,233,0.6761234037828132,-1.267731382092775,0.0
a,Null,234,0.760638829255665,-1.267731382092775,0.0
a,Null,235,0.8451542547285166,-1.267731382092775,0.0
a,Null,236,0.9296696802013682,-1.267731382092775,0.0
a,Null,237,1.01418510567422,-1.267731382092775,0.0
a,Null,238,1.0987005311470714,-1.267731382092775,0.0
a,Null,239,1.1832159566199232,-1.267731382092775,0.0
a,Null,240,1.267731382092775,-1.267731382092775,0.0
a,Null,241,1.3522468075656264,-1.267731382092775,0.0
a,Null,242,1.4367622330384782,-1.267731382092775,0.0
a,Null,243,1.52127765851133,-1.267731382092775,0.0
a,Null,244,1.6057930839841814,-1.267731382092775,0.0
a,Null,245,1.6903085094570331,-1.267731382092775,0.0
a,Null,246,-1.6903085094570331,-1.1832159566199232,0.0
a,Null,247,-1.6057930839841814,-1.1832159566199232,0.0
a,Null,248,-1.52127765851133,-1.1832159566199232,0.0
a,Null,249,-1.4367622330384782,-1.1832159566199232,0.0
a,Null,250,-1.3522468075656264,-1.1832159566199232,0.0
a,Null,251,-1.267731382092775,-1.1832159566199232,0.0
a,Null,252,-1.1832159566199232,-1.1832159566199232,0.0
a,Null,253,-1.0987005311470714,-1.1832159566199232,0.0
a,Null,254,-1.01418510567422,-1.1832159566199232,0.0
a,Null,255,-0.9296696802013682,-1.1832159566199232,0.0
a,Null,256,-0.8451542547285166,-1.1832159566199232,0.0
a,Null,257,-0.760638829255665,-1.1832159566199232,0.0
a,Null,258,-0.6761234037828132,-1.1832159566199232,0.0
a,Null,259,-0.5916079783099616,-1.1832159566199232,0.0
a,Null,260,-0.50709255283711,-1.1832159566199232,0.0
a,Null,261,-0.4225771273642583,-1.1832159566199232,0.0
a,Null,262,-0.3380617018914066,-1.1832159566199232,0.0
a,Null,263,-0.253546276418555,-1.1832159566199232,0.0
a,Null,264,-0.1690308509457033,-1.1832159566199232,0.0
a,Null,265,-0.08451542547285165,-1.1832159566199232,0.0
a,Null,266,0.0,-1.1832159566199232,0.0
a,Null,267,0.08451542547285165,-1.1832159566199232,0.0
a,Null,268,0.1690308509457033,-1.1832159566199232,0.0
a,Null,269,0.253546276418555,-1.1832159566199232,0.0
a,Null,270,0.3380617018914066,-1.1832159566199232,0.0
a,Null,271,0.4225771273642583,-1.1832159566199232,0.0
a,Null,272,0.50709255283711,-1.1832159566199232,0.0
a,Null,273,0.5916079783099616,-1.1832159566199232,0.0
a,Null,274,0.6761234037828132,-1.1832159566199232,0.0
a,Null,275,0.760638829255665,-1.1832159566199232,0.0
a,Null,276,0.8451542547285166,-1.1832159566199232,0.0
a,Null,277,0.9296696802013682,-1.1832159566199232,0.0
a,Null,278,1.01418510567422,-1.1832159566199232,0.0
a,Null,279,1.0987005311470714,-1.1832159566199232,0.0
a,Null,280,1.1832159566199232,-1.1832159566199232,0.0
a,Null,281,1.267731382092775,-1.1832159566199232,0.0
a,Null,282,1.3522468075656264,-1.1832159566199232,0.0
a,Null,283,1.4367622330384782,-1.1832159566199232,0.0
a,Null,284,1.52127765851133,-1.1832159566199232,0.0
a,Null,285,1.6057930839841814,-1.1832159566199232,0.0
a,Null,286,1.6903085094570331,-1.1832159566199232,0.0
a,Null,287,-1.6903085094570331,-1.0987005311470714,0.0
a,Null,288,-1.6057930839841814,-1.0987005311470714,0.0
a,Null,289,-1.52127765851133,-1.0987005311470714,0.0
a,Null,290,-1.4367622330384782,-1.0987005311470714,0.0
a,Null,291,-1.3522468075656264,-1.0987005311470714,0.0
a,Null,292,-1.267731382092775,-1.0987005311470714,0.0
a,Null,293,-1.1832159566199232,-1.0987005311470714,0.0
a,Null,294,-1.0987005311470714,-1.0987005311470714,0.0
a,Null,295,-1.01418510567422,-1.0987005311470714,0.0
a,Null,296,-0.9296696802013682,-1.0987005311470714,0.0
a,Null,297,-0.8451542547285166,-1.0987005311470714,0.0
a,Null,298,-0.760638829255665,-1.0987005311470714,0.0
a,Null,299,-0.6761234037828132,-1.0987005311470714,0.0
a,Null,300,-0.5916079783099616,-1.0987005311470714,0.0
a,Null,301,-0.50709255283711,-1.0987005311470714,0.0
a,Null,302,-0.4225771273642583,-1.0987005311470714,0.0
a,Null,303,-0.3380617018914066,-1.0987005311470714,0.0
a,Null,304,-0.253546276418555,-1.0987005311470714,0.0
a,Null,305,-0.1690308509457033,-1.0987005311470714,0.0
a,Null,306,-0.08451542547285165,-1.0987005311470714,0.0
a,Null,307,0.0,-1.0987005311470714,0.0
a,Null,308,0.08451542547285165,-1.0987005311470714,0.0
a,Null,309,0.1690308509457033,-1.0987005311470714,0.0
a,Null,310,0.253546276418555,-1.0987005311470714,0.0
a,Null,311,0.3380617018914066,-1.0987005311470714,0.0
a,Null,312,0.4225771273642583,-1.0987005311470714,0.0
a,Null,313,0.50709255283711,-1.0987005311470714,0.0
a,Null,314,0.5916079783099616,-1.0987005311470714,0.0
a,Null,315,0.6761234037828132,-1.0987005311470714,0.0
a,Null,316,0.760638829255665,-1.0987005311470714,0.0
a,Null,317,0.8451542547285166,-1.0987005311470714,0.0
a,Null,318,0.9296696802013682,-1.0987005311470714,0.0
a,Null,319,1.01418510567422,-1.0987005311470714,0.0
a,Null,320,1.0987005311470714,-1.0987005311470714,0.0
a,Null,321,1.1832159566199232,-1.0987005311470714,0.0
a,Null,322,1.267731382092775,-1.0987005311470714,0.0
a,Null,323,1.3522468075656264,-1.0987005311470714,0.0
a,Null,324,1.4367622330384782,-1.0987005311470714,0.0
a,Null,325,1.52127765851133,-1.0987005311470714,0.0
a,Null,326,1.6057930839841814,-1.0987005311470714,0.0
a,Null,327,1.6903085094570331,-1.0987005311470714,0.0
a,Null,328,-1.6903085094570331,-1.01418510567422,0.0
a,Null,329,-1.6057930839841814,-1.01418510567422,0.0
a,Null,330,-1.52127765851133,-1.01418510567422,0.0
a,Null,331,-1.4367622330384782,-1.01418510567422,0.0
a,Null,332,-1.3522468075656264,-1.01418510567422,0.0
a,Null,333,-1.267731382092775,-1.01418510567422,0.0
a,Null,334,-1.1832159566199232,-1.01418510567422,0.0
a,Null,335,-1.0987005311470714,-1.01418510567422,0.0
a,Null,336,-1.01418510567422,-1.01418510567422,0.0
a,Null,337,-0.9296696802013682,-1.01418510567422,0.0
a,Null,338,-0.8451542547285166,-1.01418510567422,0.0
a,Null,339,-0.760638829255665,-1.01418510567422,0.0
a,Null,340,-0.6761234037828132,-1.01418510567422,0.0
a,Null,341,-0.5916079783099616,-1.01418510567422,0.0
a,Null,342,-0.50709255283711,-1.01418510567422,0.0
a,Null,343,-0.4225771273642583,-1.01418510567422,0.0
a,Null,344,-0.3380617018914066,-1.01418510567422,0.0
a,Null,345,-0.253546276418555,-1.01418510567422,0.0
a,Null,346,-0.1690308509457033,-1.01418510567422,0.0
a,Null,347,-0.08451542547285165,-1.01418510567422,0.0
a,Null,348,0.0,-1.01418510567422,0.0
a,Null,349,0.08451542547285165,-1.01418510567422,0.0
a,Null,350,0.1690308509457033,-1.01418510567422,0.0
a,Null,351,0.253546276418555,-1.01418510567422,0.0
a,Null,352,0.3380617018914066,-1.01418510567422,0.0
a,Null,353,0.4225771273642583,-1.01418510567422,0.0
a,Null,354,0.50709255283711,-1.01418510567422,0.0
a,Null,355,0.5916079783099616,-1.01418510567422,0.0
a,Null,356,0.6761234037828132,-1.01418510567422,0.0
a,Null,357,0.760638829255665,-1.01418510567422,0.0
a,Null,358,0.8451542547285166,-1.01418510567422,0.0
a,Null,359,0.9296696802013682,-1.01418510567422,0.0
a,Null,360,1.01418510567422,-1.01418510567422,0.0
a,Null,361,1.0987005311470714,-1.01418510567422,0.0
a,Null,362,1.1832159566199232,-1.01418510567422,0.0
a,Null,363,1.267731382092775,-1.01418510567422,0.0
a,Null,364,1.3522468075656264,-1.01418510567422,0.0
a,Null,365,1.4367622330384782,-1.01418510567422,0.0
a,Null,366,1.52127765851133,-1.01418510567422,0.0
a,Null,367,1.6057930839841814,-1.01418510567422,0.0
a,Null,368,1.6903085094570331,-1.01418510567422,0.0
a,Null,369,-1.6903085094570331,-0.9296696802013682,0.0
a,Null,370,-1.6057930839841814,-0.9296696802013682,0.0
a,Null,371,-1.52127765851133,-0.9296696802013682,0.0
a,Null,372,-1.4367622330384782,-0.9296696802013682,0.0
a,Null,373,-1.3522468075656264,-0.9296696802013682,0.0
a,Null,374,-1.267731382092775,-0.9296696802013682,0.0
a,Null,375,-1.1832159566199232,-0.9296696802013682,0.0
a,Null,376,-1.0987005311470714,-0.9296696802013682,0.0
a,Null,377,-1.01418510567422,-0.9296696802013682,0.0
a,Null,378,-0.9296696802013682,-0.9296696802013682,0.0
a,Null,379,-0.8451542547285166,-0.9296696802013682,0.0
a,Null,380,-0.760638829255665,-0.9296696802013682,0.0
a,Null,381,-0.6761234037828132,-0.9296696802013682,0.0
a,Null,382,-0.5916079783099616,-0.9296696802013682,0.0
a,Null,383,-0.50709255283711,-0.9296696802013682,0.0
a,Null,384,-0.4225771273642583,-0.9296696802013682,0.0
a,Null,385,-0.3380617018914066,-0.9296696802013682,0.0
a,Null,386,-0.253546276418555,-0.9296696802013682,0.0
a,Null,387,-0.1690308509457033,-0.9296696802013682,0.0
a,Null,388,-0.08451542547285165,-0.9296696802013682,0.0
a,Null,389,0.0,-0.9296696802013682,0.0
a,Null,390,0.08451542547285165,-0.9296696802013682,0.0
a,Null,391,0.1690308509457033,-0.9296696802013682,0.0
a,Null,392,0.253546276418555,-0.9296696802013682,0.0
a,Null,393,0.3380617018914066,-0.9296696802013682,0.0
a,Null,394,0.4225771273642583,-0.9296696802013682,0.0
a,Null,395,0.50709255283711,-0.9296696802013682,0.0
a,Null,396,0.5916079783099616,-0.9296696802013682,0.0
a,Null,397,0.6761234037828132,-0.9296696802013682,0.0
a,Null,398,0.760638829255665,-0.9296696802013682,0.0
a,Null,399,0.8451542547285166,-0.9296696802013682,0.0
a,Null,400,0.9296696802013682,-0.9296696802013682,0.0
a,Null,401,1.01418510567422,-0.9296696802013682,0.0
a,Null,402,1.0987005311470714,-0.9296696802013682,0.0
a,Null,403,1.1832159566199232,-0.9296696802013682,0.0
a,Null,404,1.267731382092775,-0.9296696802013682,0.0
a,Null,405,1.3522468075656264,-0.9296696802013682,0.0
a,Null,406,1.4367622330384782,-0.9296696802013682,0.0
a,Null,407,1.52127765851133,-0.9296696802013682,0.0
a,Null,408,1.6057930839841814,-0.9296696802013682,0.0
a,Null,409,1.6903085094570331,-0.9296696802013682,0.0
a,Null,410,-1.6903085094570331,-0.8451542547285166,0.0
a,Null,411,-1.6057930839841814,-0.8451542547285166,0.0
a,Null,412,-1.52127765851133,-0.8451542547285166,0.0
a,Null,413,-1.4367622330384782,-0.8451542547285166,0.0
a,Null,414,-1.3522468075656264,-0.8451542547285166,0.0
a,Null,415,-1.267731382092775,-0.8451542547285166,0.0
a,Null,416,-1.1832159566199232,-0.8451542547285166,0.0
a,Null,417,-1.0987005311470714,-0.8451542547285166,0.0
a,Null,418,-1.01418510567422,-0.8451542547285166,0.0
a,Null,419,-0.9296696802013682,-0.8451542547285166,0.0
a,Null,420,-0.8451542547285166,-0.8451542547285166,0.0
a,Null,421,-0.760638829255665,-0.8451542547285166,0.0
a,Null,422,-0.6761234037828132,-0.8451542547285166,0.0
a,Null,423,-0.5916079783099616,-0.8451542547285166,0.0
a,Null,424,-0.50709255283711,-0.8451542547285166,0.0
a,Null,425,-0.4225771273642583,-0.8451542547285166,0.0
a,Null,426,-0.3380617018914066,-0.8451542547285166,0.0
a,Null,427,-0.253546276418555,-0.8451542547285166,0.0
a,Null,428,-0.1690308509457033,-0.8451542547285166,0.0
a,Null,429,-0.08451542547285165,-0.8451542547285166,0.0
a,Null,430,0.0,-0.8451542547285166,0.0
a,Null,431,0.08451542547285165,-0.8451542547285166,0.0
a,Null,432,0.1690308509457033,-0.8451542547285166,0.0
a,Null,433,0.253546276418555,-0.8451542547285166,0.0
a,Null,434,0.3380617018914066,-0.8451542547285166,0.0
a,Null,435,0.4225771273642583,-0.8451542547285166,0.0
a,Null,436,0.50709255283711,-0.8451542547285166,0.0
a,Null,437,0.5916079783099616,-0.8451542547285166,0.0
a,Null,438,0.6761234037828132,-0.8451542547285166,0.0
a,Null,439,0.760638829255665,-0.8451542547285166,0.0
a,Null,440,0.8451542547285166,-0.8451542547285166,0.0
a,Null,441,0.9296696802013682,-0.8451542547285166,0.0
a,Null,442,1.01418510567422,-0.8451542547285166,0.0
a,Null,443,1.0987005311470714,-0.8451542547285166,0.0
a,Null,444,1.1832159566199232,-0.8451542547285166,0.0
a,Null,445,1.267731382092775,-0.8451542547285166,0.0
a,Null,446,1.3522468075656264,-0.8451542547285166,0.0
a,Null,447,1.4367622330384782,-0.8451542547285166,0.0
a,Null,448,1.52127765851133,-0.8451542547285166,0.0
a,Null,449,1.6057930839841814,-0.8451542547285166,0.0
a,Null,450,1.6903085094570331,-0.8451542547285166,0.0
a,Null,451,-1.6903085094570331,-0.760638829255665,0.0
a,Null,452,-1.6057930839841814,-0.760638829255665,0.0
a,Null,453,-1.52127765851133,-0.760638829255665,0.0
a,Null,454,-1.4367622330384782,-0.760638829255665,0.0
a,Null,455,-1.3522468075656264,-0.760638829255665,0.0
a,Null,456,-1.267731382092775,-0.760638829255665,0.0
a,Null,457,-1.1832159566199232,-0.760638829255665,0.0
a,Null,458,-1.0987005311470714,-0.760638829255665,0.0
a,Null,459,-1.01418510567422,-0.760638829255665,0.0
a,Null,460,-0.9296696802013682,-0.760638829255665,0.0
a,Null,461,-0.8451542547285166,-0.760638829255665,0.0
a,Null,462,-0.760638829255665,-0.760638829255665,0.0
a,Null,463,-0.6761234037828132,-0.760638829255665,0.0
a,Null,464,-0.5916079783099616,-0.760638829255665,0.0
a,Null,465,-0.50709255283711,-0.760638829255665,0.0
a,Null,466,-0.4225771273642583,-0.760638829255665,0.0
a,Null,467,-0.3380617018914066,-0.760638829255665,0.0
a,Null,468,-0.253546276418555,-0.760638829255665,0.0
a,Null,469,-0.1690308509457033,-0.760638829255665,0.0
a,Null,470,-0.08451542547285165,-0.760638829255665,0.0
a,Null,471,0.0,-0.760638829255665,0.0
a,Null,472,0.08451542547285165,-0.760638829255665,0.0
a,Null,473,0.1690308509457033,-0.760638829255665,0.0
a,Null,474,0.253546276418555,-0.760638829255665,0.0
a,Null,475,0.3380617018914066,-0.760638829255665,0.0
a,Null,476,0.4225771273642583,-0.760638829255665,0.0
a,Null,477,0.50709255283711,-0.760638829255665,0.0
a,Null,478,0.5916079783099616,-0.760638829255665,0.0
a,Null,479,0.6761234037828132,-0.760638829255665,0.0
a,Null,480,0.760638829255665,-0.760638829255665,0.0
a,Null,481,0.8451542547285166,-0.760638829255665,0.0
a,Null,482,0.9296696802013682,-0.760638829255665,0.0
a,Null,483,1.01418510567422,-0.760638829255665,0.0
a,Null,484,1.0987005311470714,-0.760638829255665,0.0
a,Null,485,1.1832159566199232,-0.760638829255665,0.0
a,Null,486,1.267731382092775,-0.760638829255665,0.0
a,Null,487,1.3522468075656264,-0.760638829255665,0.0
a,Null,488,1.4367622330384782,-0.760638829255665,0.0
a,Null,489,1.52127765851133,-0.760638829255665,0.0
a,Null,490,1.6057930839841814,-0.760638829255665,0.0
a,Null,491,1.6903085094570331,-0.760638829255665,0.0
a,Null,492,-1.6903085094570331,-0.6761234037828132,0.0
a,Null,493,-1.6057930839841814,-0.6761234037828132,0.0
a,Null,494,-1.52127765851133,-0.6761234037828132,0.0
a,Null,495,-1.4367622330384782,-0.6761234037828132,0.0
a,Null,496,-1.3522468075656264,-0.6761234037828132,0.0
a,Null,497,-1.267731382092775,-0.6761234037828132,0.0
a,Null,498,-1.1832159566199232,-0.6761234037828132,0.0
a,Null,499,-1.0987005311470714,-0.6761234037828132,0.0
a,Null,500,-1.01418510567422,-0.6761234037828132,0.0
a,Null,501,-0.9296696802013682,-0.6761234037828132,0.0
a,Null,502,-0.8451542547285166,-0.6761234037828132,0.0
a,Null,503,-0.760638829255665,-0.6761234037828132,0.0
a,Null,504,-0.6761234037828132,-0.6761234037828132,0.0
a,Null,505,-0.5916079783099616,-0.6761234037828132,0.0
a,Null,506,-0.50709255283711,-0.6761234037828132,0.0
a,Null,507,-0.4225771273642583,-0.6761234037828132,0.0
a,Null,508,-0.3380617018914066,-0.6761234037828132,0.0
a,Null,509,-0.253546276418555,-0.6761234037828132,0.0
a,Null,510,-0.1690308509457033,-0.6761234037828132,0.0
a,Null,511,-0.08451542547285165,-0.6761234037828132,0.0
a,Null,512,0.0,-0.6761234037828132,0.0
a,Null,513,0.08451542547285165,-0.6761234037828132,0.0
a,Null,514,0.1690308509457033,-0.6761234037828132,0.0
a,Null,515,0.253546276418555,-0.6761234037828132,0.0
a,Null,516,0.3380617018914066,-0.6761234037828132,0.0
a,Null,517,0.4225771273642583,-0.6761234037828132,0.0
a,Null,518,0.50709255283711,-0.6761234037828132,0.0
a,Null,519,0.5916079783099616,-0.6761234037828132,0.0
a,Null,520,0.6761234037828132,-0.6761234037828132,0.0
a,Null,521,0.760638829255665,-0.6761234037828132,0.0
a,Null,522,0.8451542547285166,-0.6761234037828132,0.0
a,Null,523,0.9296696802013682,-0.6761234037828132,0.0
a,Null,524,1.01418510567422,-0.6761234037828132,0.0
a,Null,525,1.0987005311470714,-0.6761234037828132,0.0
a,Null,526,1.1832159566199232,-0.6761234037828132,0.0
a,Null,527,1.267731382092775,-0.6761234037828132,0.0
a,Null,528,1.3522468075656264,-0.6761234037828132,0.0
a,Null,529,1.4367622330384782,-0.6761234037828132,0.0
a,Null,530,1.52127765851133,-0.6761234037828132,0.0
a,Null,531,1.6057930839841814,-0.6761234037828132,0.0
a,Null,532,1.6903085094570331,-0.6761234037828132,0.0
a,Null,533,-1.6903085094570331,-0.5916079783099616,0.0
a,Null,534,-1.6057930839841814,-0.5916079783099616,0.0
a,Null,535,-1.52127765851133,-0.5916079783099616,0.0
a,Null,536,-1.4367622330384782,-0.5916079783099616,0.0
a,Null,537,-1.3522468075656264,-0.5916079783099616,0.0
a,Null,538,-1.267731382092775,-0.5916079783099616,0.0
a,Null,539,-1.1832159566199232,-0.5916079783099616,0.0
a,Null,540,-1.0987005311470714,-0.5916079783099616,0.0
a,Null,541,-1.01418510567422,-0.5916079783099616,0.0
a,Null,542,-0.9296696802013682,-0.5916079783099616,0.0
a,Null,543,-0.8451542547285166,-0.5916079783099616,0.0
a,Null,544,-0.760638829255665,-0.5916079783099616,0.0
a,Null,545,-0.6761234037828132,-0.5916079783099616,0.0
a,Null,546,-0.5916079783099616,-0.5916079783099616,0.0
a,Null,547,-0.50709255283711,-0.5916079783099616,0.0
a,Null,548,-0.4225771273642583,-0.5916079783099616,0.0
a,Null,549,-0.3380617018914066,-0.5916079783099616,0.0
a,Null,550,-0.253546276418555,-0.5916079783099616,0.0
a,Null,551,-0.1690308509457033,-0.5916079783099616,0.0
a,Null,552,-0.08451542547285165,-0.5916079783099616,0.0
a,Null,553,0.0,-0.5916079783099616,0.0
a,Null,554,0.08451542547285165,-0.5916079783099616,0.0
a,Null,555,0.1690308509457033,-0.5916079783099616,0.0
a,Null,556,0.253546276418555,-0.5916079783099616,0.0
a,Null,557,0.3380617018914066,-0.5916079783099616,0.0
a,Null,558,0.4225771273642583,-0.5916079783099616,0.0
a,Null,559,0.50709255283711,-0.5916079783099616,0.0
a,Null,560,0.5916079783099616,-0.5916079783099616,0.0
a,Null,561,0.6761234037828132,-0.5916079783099616,0.0
a,Null,562,0.760638829255665,-0.5916079783099616,0.0
a,Null,563,0.8451542547285166,-0.5916079783099616,0.0
a,Null,564,0.9296696802013682,-0.5916079783099616,0.0
a,Null,565,1.01418510567422,-0.5916079783099616,0.0
a,Null,566,1.0987005311470714,-0.5916079783099616,0.0
a,Null,567,1.1832159566199232,-0.5916079783099616,0.0
a,Null,568,1.267731382092775,-0.5916079783099616,0.0
a,Null,569,1.3522468075656264,-0.5916079783099616,0.0
a,Null,570,1.4367622330384782,-0.5916079783099616,0.0
a,Null,571,1.52127765851133,-0.5916079783099616,0.0
a,Null,572,1.6057930839841814,-0.5916079783099616,0.0
a,Null,573,1.6903085094570331,-0.5916079783099616,0.0
a,Null,574,-1.6903085094570331,-0.50709255283711,0.0
a,Null,575,-1.6057930839841814,-0.50709255283711,0.0
a,Null,576,-1.52127765851133,-0.50709255283711,0.0
a,Null,577,-1.4367622330384782,-0.50709255283711,0.0
a,Null,578,-1.3522468075656264,-0.50709255283711,0.0
a,Null,579,-1.267731382092775,-0.50709255283711,0.0
a,Null,580,-1.1832159566199232,-0.50709255283711,0.0
a,Null,581,-1.0987005311470714,-0.50709255283711,0.0
a,Null,582,-1.01418510567422,-0.50709255283711,0.0
a,Null,583,-0.9296696802013682,-0.50709255283711,0.0
a,Null,584,-0.8451542547285166,-0.50709255283711,0.0
a,Null,585,-0.760638829255665,-0.50709255283711,0.0
a,Null,586,-0.6761234037828132,-0.50709255283711,0.0
a,Null,587,-0.5916079783099616,-0.50709255283711,0.0
a,Null,588,-0.50709255283711,-0.50709255283711,0.0
a,Null,589,-0.4225771273642583,-0.50709255283711,0.0
a,Null,590,-0.3380617018914066,-0.50709255283711,0.0
a,Null,591,-0.253546276418555,-0.50709255283711,0.0
a,Null,592,-0.1690308509457033,-0.50709255283711,0.0
a,Null,593,-0.08451542547285165,-0.50709255283711,0.0
a,Null,594,0.0,-0.50709255283711,0.0
a,Null,595,0.08451542547285165,-0.50709255283711,0.0
a,Null,596,0.1690308509457033,-0.50709255283711,0.0
a,Null,597,0.253546276418555,-0.50709255283711,0.0
a,Null,598,0.3380617018914066,-0.50709255283711,0.0
a,Null,599,0.4225771273642583,-0.50709255283711,0.0
a,Null,600,0.50709255283711,-0.50709255283711,0.0
a,Null,601,0.5916079783099616,-0.50709255283711,0.0
a,Null,602,0.6761234037828132,-0.50709255283711,0.0
a,Null,603,0.760638829255665,-0.50709255283711,0.0
a,Null,604,0.8451542547285166,-0.50709255283711,0.0
a,Null,605,0.9296696802013682,-0.50709255283711,0.0
a,Null,606,1.01418510567422,-0.50709255283711,0.0
a,Null,607,1.0987005311470714,-0.50709255283711,0.0
a,Null,608,1.1832159566199232,-0.50709255283711,0.0
a,Null,609,1.267731382092775,-0.50709255283711,0.0
a,Null,610,1.3522468075656264,-0.50709255283711,0.0
a,Null,611,1.4367622330384782,-0.50709255283711,0.0
a,Null,612,1.52127765851133,-0.50709255283711,0.0
a,Null,613,1.6057930839841814,-0.50709255283711,0.0
a,Null,614,1.6903085094570331,-0.50709255283711,0.0
a,Null,615,-1.6903085094570331,-0.4225771273642583,0.0
a,Null,616,-1.6057930839841814,-0.4225771273642583,0.0
a,Null,617,-1.52127765851133,-0.4225771273642583,0.0
a,Null,618,-1.4367622330384782,-0.4225771273642583,0.0
a,Null,619,-1.3522468075656264,-0.4225771273642583,0.0
a,Null,620,-1.267731382092775,-0.4225771273642583,0.0
a,Null,621,-1.1832159566199232,-0.4225771273642583,0.0
a,Null,622,-1.0987005311470714,-0.4225771273642583,0.0
a,Null,623,-1.01418510567422,-0.4225771273642583,0.0
a,Null,624,-0.9296696802013682,-0.4225771273642583,0.0
a,Null,625,-0.8451542547285166,-0.4225771273642583,0.0
a,Null,626,-0.760638829255665,-0.4225771273642583,0.0
a,Null,627,-0.6761234037828132,-0.4225771273642583,0.0
a,Null,628,-0.5916079783099616,-0.4225771273642583,0.0
a,Null,629,-0.50709255283711,-0.4225771273642583,0.0
a,Null,630,-0.4225771273642583,-0.4225771273642583,0.0
a,Null,631,-0.3380617018914066,-0.4225771273642583,0.0
a,Null,632,-0.253546276418555,-0.4225771273642583,0.0
a,Null,633,-0.1690308509457033,-0.4225771273642583,0.0
a,Null,634,-0.08451542547285165,-0.4225771273642583,0.0
a,Null,635,0.0,-0.4225771273642583,0.0
a,Null,636,0.08451542547285165,-0.4225771273642583,0.0
a,Null,637,0.1690308509457033,-0.4225771273642583,0.0
a,Null,638,0.253546276418555,-0.4225771273642583,0.0
a,Null,639,0.3380617018914066,-0.4225771273642583,0.0
a,Null,640,0.4225771273642583,-0.4225771273642583,0.0
a,Null,641,0.50709255283711,-0.4225771273642583,0.0
a,Null,642,0.5916079783099616,-0.4225771273642583,0.0
a,Null,643,0.6761234037828132,-0.4225771273642583,0.0
a,Null,644,0.760638829255665,-0.4225771273642583,0.0
a,Null,645,0.8451542547285166,-0.4225771273642583,0.0
a,Null,646,0.9296696802013682,-0.4225771273642583,0.0
a,Null,647,1.01418510567422,-0.4225771273642583,0.0
a,Null,648,1.0987005311470714,-0.4225771273642583,0.0
a,Null,649,1.1832159566199232,-0.4225771273642583,0.0
a,Null,650,1.267731382092775,-0.4225771273642583,0.0
a,Null,651,1.3522468075656264,-0.4225771273642583,0.0
a,Null,652,1.4367622330384782,-0.4225771273642583,0.0
a,Null,653,1.52127765851133,-0.4225771273642583,0.0
a,Null,654,1.6057930839841814,-0.4225771273642583,0.0
a,Null,655,1.6903085094570331,-0.4225771273642583,0.0
a,Null,656,-1.6903085094570331,-0.3380617018914066,0.0
a,Null,657,-1.6057930839841814,-0.3380617018914066,0.0
a,Null,658,-1.52127765851133,-0.3380617018914066,0.0
a,Null,659,-1.4367622330384782,-0.3380617018914066,0.0
a,Null,660,-1.3522468075656264,-0.3380617018914066,0.0
a,Null,661,-1.267731382092775,-0.3380617018914066,0.0
a,Null,662,-1.1832159566199232,-0.3380617018914066,0.0
a,Null,663,-1.0987005311470714,-0.3380617018914066,0.0
a,Null,664,-1.01418510567422,-0.3380617018914066,0.0
a,Null,665,-0.9296696802013682,-0.3380617018914066,0.0
a,Null,666,-0.8451542547285166,-0.3380617018914066,0.0
a,Null,667,-0.760638829255665,-0.3380617018914066,0.0
a,Null,668,-0.6761234037828132,-0.3380617018914066,0.0
a,Null,669,-0.5916079783099616,-0.3380617018914066,0.0
a,Null,670,-0.50709255283711,-0.3380617018914066,0.0
a,Null,671,-0.4225771273642583,-0.3380617018914066,0.0
a,Null,672,-0.3380617018914066,-0.3380617018914066,0.0
a,Null,673,-0.253546276418555,-0.3380617018914066,0.0
a,Null,674,-0.1690308509457033,-0.3380617018914066,0.0
a,Null,675,-0.08451542547285165,-0.3380617018914066,0.0
a,Null,676,0.0,-0.3380617018914066,0.0
a,Null,677,0.08451542547285165,-0.3380617018914066,0.0
a,Null,678,0.1690308509457033,-0.3380617018914066,0.0
a,Null,679,0.253546276418555,-0.3380617018914066,0.0
a,Null,680,0.3380617018914066,-0.3380617018914066,0.0
a,Null,681,0.4225771273642583,-0.3380617018914066,0.0
a,Null,682,0.50709255283711,-0.3380617018914066,0.0
a,Null,683,0.5916079783099616,-0.3380617018914066,0.0
a,Null,684,0.6761234037828132,-0.3380617018914066,0.0
a,Null,685,0.760638829255665,-0.3380617018914066,0.0
a,Null,686,0.8451542547285166,-0.3380617018914066,0.0
a,Null,687,0.9296696802013682,-0.3380617018914066,0.0
a,Null,688,1.01418510567422,-0.3380617018914066,0.0
a,Null,689,1.0987005311470714,-0.3380617018914066,0.0
a,Null,690,1.1832159566199232,-0.3380617018914066,0.0
a,Null,691,1.267731382092775,-0.3380617018914066,0.0
a,Null,692,1.3522468075656264,-0.3380617018914066,0.0
a,Null,693,1.4367622330384782,-0.3380617018914066,0.0
a,Null,694,1.52127765851133,-0.3380617018914066,0.0
a,Null,695,1.6057930839841814,-0.3380617018914066,0.0
a,Null,696,1.6903085094570331,-0.3380617018914066,0.0
a,Null,697,-1.6903085094570331,-0.253546276418555,0.0
a,Null,698,-1.6057930839841814,-0.253546276418555,0.0
a,Null,699,-1.52127765851133,-0.253546276418555,0.0
a,Null,700,-1.4367622330384782,-0.253546276418555,0.0
a,Null,701,-1.3522468075656264,-0.253546276418555,0.0
a,Null,702,-1.267731382092775,-0.253546276418555,0.0
a,Null,703,-1.1832159566199232,-0.253546276418555,0.0
a,Null,704,-1.0987005311470714,-0.253546276418555,0.0
a,Null,705,-1.01418510567422,-0.253546276418555,0.0
a,Null,706,-0.9296696802013682,-0.253546276418555,0.0
a,Null,707,-0.8451542547285166,-0.253546276418555,0.0
a,Null,708,-0.760638829255665,-0.253546276418555,0.0
a,Null,709,-0.6761234037828132,-0.253546276418555,0.0
a,Null,710,-0.5916079783099616,-0.253546276418555,0.0
a,Null,711,-0.50709255283711,-0.253546276418555,0.0
a,Null,712,-0.4225771273642583,-0.253546276418555,0.0
a,Null,713,-0.3380617018914066,-0.253546276418555,0.0
a,Null,714,-0.253546276418555,-0.253546276418555,0.0
a,Null,715,-0.1690308509457033,-0.253546276418555,0.0
a,Null,716,-0.08451542547285165,-0.253546276418555,0.0
a,Null,717,0.0,-0.253546276418555,0.0
a,Null,718,0.08451542547285165,-0.253546276418555,0.0
a,Null,719,0.1690308509457033,-0.253546276418555,0.0
a,Null,720,0.253546276418555,-0.253546276418555,0.0
a,Null,721,0.3380617018914066,-0.253546276418555,0.0
a,Null,722,0.4225771273642583,-0.253546276418555,0.0
a,Null,723,0.50709255283711,-0.253546276418555,0.0
a,Null,724,0.5916079783099616,-0.253546276418555,0.0
a,Null,725,0.6761234037828132,-0.253546276418555,0.0
a,Null,726,0.760638829255665,-0.253546276418555,0.0
a,Null,727,0.8451542547285166,-0.253546276418555,0.0
a,Null,728,0.9296696802013682,-0.253546276418555,0.0
a,Null,729,1.01418510567422,-0.253546276418555,0.0
a,Null,730,1.0987005311470714,-0.253546276418555,0.0
a,Null,731,1.1832159566199232,-0.253546276418555,0.0
a,Null,732,1.267731382092775,-0.253546276418555,0.0
a,Null,733,1.3522468075656264,-0.253546276418555,0.0
a,Null,734,1.4367622330384782,-0.253546276418555,0.0
a,Null,735,1.52127765851133,-0.253546276418555,0.0
a,Null,736,1.6057930839841814,-0.253546276418555,0.0
a,Null,737,1.6903085094570331,-0.253546276418555,0.0
a,Null,738,-1.6903085094570331,-0.1690308509457033,0.0
a,Null,739,-1.6057930839841814,-0.1690308509457033,0.0
a,Null,740,-1.52127765851133,-0.1690308509457033,0.0
a,Null,741,-1.4367622330384782,-0.1690308509457033,0.0
a,Null,742,-1.3522468075656264,-0.1690308509457033,0.0
a,Null,743,-1.267731382092775,-0.1690308509457033,0.0
a,Null,744,-1.1832159566199232,-0.1690308509457033,0.0
a,Null,745,-1.0987005311470714,-0.1690308509457033,0.0
a,Null,746,-1.01418510567422,-0.1690308509457033,0.0
a,Null,747,-0.9296696802013682,-0.1690308509457033,0.0
a,Null,748,-0.8451542547285166,-0.1690308509457033,0.0
a,Null,749,-0.760638829255665,-0.1690308509457033,0.0
a,Null,750,-0.6761234037828132,-0.1690308509457033,0.0
a,Null,751,-0.5916079783099616,-0.1690308509457033,0.0
a,Null,752,-0.50709255283711,-0.1690308509457033,0.0
a,Null,753,-0.4225771273642583,-0.1690308509457033,0.0
a,Null,754,-0.3380617018914066,-0.1690308509457033,0.0
a,Null,755,-0.253546276418555,-0.1690308509457033,0.0
a,Null,756,-0.1690308509457033,-0.1690308509457033,0.0
a,Null,757,-0.08451542547285165,-0.1690308509457033,0.0
a,Null,758,0.0,-0.1690308509457033,0.0
a,Null,759,0.08451542547285165,-0.1690308509457033,0.0
a,Null,760,0.1690308509457033,-0.1690308509457033,0.0
a,Null,761,0.253546276418555,-0.1690308509457033,0.0
a,Null,762,0.3380617018914066,-0.1690308509457033,0.0
a,Null,763,0.4225771273642583,-0.1690308509457033,0.0
a,Null,764,0.50709255283711,-0.1690308509457033,0.0
a,Null,765,0.5916079783099616,-0.1690308509457033,0.0
a,Null,766,0.6761234037828132,-0.1690308509457033,0.0
a,Null,767,0.760638829255665,-0.1690308509457033,0.0
a,Null,768,0.8451542547285166,-0.1690308509457033,0.0
a,Null,769,0.9296696802013682,-0.1690308509457033,0.0
a,Null,770,1.01418510567422,-0.1690308509457033,0.0
a,Null,771,1.0987005311470714,-0.1690308509457033,0.0
a,Null,772,1.1832159566199232,-0.1690308509457033,0.0
a,Null,773,1.267731382092775,-0.1690308509457033,0.0
a,Null,774,1.3522468075656264,-0.1690308509457033,0.0
a,Null,775,1.4367622330384782,-0.1690308509457033,0.0
a,Null,776,1.52127765851133,-0.1690308509457033,0.0
a,Null,777,1.6057930839841814,-0.1690308509457033,0.0
a,Null,778,1.6903085094570331,-0.1690308509457033,0.0
a,Null,779,-1.6903085094570331,-0.08451542547285165,0.0
a,Null,780,-1.6057930839841814,-0.08451542547285165,0.0
a,Null,781,-1.52127765851133,-0.08451542547285165,0.0
a,Null,782,-1.4367622330384782,-0.08451542547285165,0.0
a,Null,783,-1.3522468075656264,-0.08451542547285165,0.0
a,Null,784,-1.267731382092775,-0.08451542547285165,0.0
a,Null,785,-1.1832159566199232,-0.08451542547285165,0.0
a,Null,786,-1.0987005311470714,-0.08451542547285165,0.0
a,Null,787,-1.01418510567422,-0.08451542547285165,0.0
a,Null,788,-0.9296696802013682,-0.08451542547285165,0.0
a,Null,789,-0.8451542547285166,-0.08451542547285165,0.0
a,Null,790,-0.760638829255665,-0.08451542547285165,0.0
a,Null,791,-0.6761234037828132,-0.08451542547285165,0.0
a,Null,792,-0.5916079783099616,-0.08451542547285165,0.0
a,Null,793,-0.50709255283711,-0.08451542547285165,0.0
a,Null,794,-0.4225771273642583,-0.08451542547285165,0.0
a,Null,795,-0.3380617018914066,-0.08451542547285165,0.0
a,Null,796,-0.253546276418555,-0.08451542547285165,0.0
a,Null,797,-0.1690308509457033,-0.08451542547285165,0.0
a,Null,798,-0.08451542547285165,-0.08451542547285165,0.0
a,Null,799,0.0,-0.08451542547285165,0.0
a,Null,800,0.08451542547285165,-0.08451542547285165,0.0
a,Null,801,0.1690308509457033,-0.08451542547285165,0.0
a,Null,802,0.253546276418555,-0.08451542547285165,0.0
a,Null,803,0.3380617018914066,-0.08451542547285165,0.0
a,Null,804,0.4225771273642583,-0.08451542547285165,0.0
a,Null,805,0.50709255283711,-0.08451542547285165,0.0
a,Null,806,0.5916079783099616,-0.08451542547285165,0.0
a,Null,807,0.6761234037828132,-0.08451542547285165,0.0
a,Null,808,0.760638829255665,-0.08451542547285165,0.0
a,Null,809,0.8451542547285166,-0.08451542547285165,0.0
a,Null,810,0.9296696802013682,-0.08451542547285165,0.0
a,Null,811,1.01418510567422,-0.08451542547285165,0.0
a,Null,812,1.0987005311470714,-0.08451542547285165,0.0
a,Null,813,1.1832159566199232,-0.08451542547285165,0.0
a,Null,814,1.267731382092775,-0.08451542547285165,0.0
a,Null,815,1.3522468075656264,-0.08451542547285165,0.0
a,Null,816,1.4367622330384782,-0.08451542547285165,0.0
a,Null,817,1.52127765851133,-0.08451542547285165,0.0
a,Null,818,1.6057930839841814,-0.08451542547285165,0.0
a,Null,819,1.6903085094570331,-0.08451542547285165,0.0
a,Null,820,-1.6903085094570331,0.0,0.0
a,Null,821,-1.6057930839841814,0.0,0.0
a,Null,822,-1.52127765851133,0.0,0.0
a,Null,823,-1.4367622330384782,0.0,0.0
a,Null,824,-1.3522468075656264,0.0,0.0
a,Null,825,-1.267731382092775,0.0,0.0
a,Null,826,-1.1832159566199232,0.0,0.0
a,Null,827,-1.0987005311470714,0.0,0.0
a,Null,828,-1.01418510567422,0.0,0.0
a,Null,829,-0.9296696802013682,0.0,0.0
a,Null,830,-0.8451542547285166,0.0,0.0
a,Null,831,-0.760638829255665,0.0,0.0
a,Null,832,-0.6761234037828132,0.0,0.0
a,Null,833,-0.5916079783099616,0.0,0.0
a,Null,834,-0.50709255283711,0.0,0.0
a,Null,835,-0.4225771273642583,0.0,0.0
a,Null,836,-0.3380617018914066,0.0,0.0
a,Null,837,-0.253546276418555,0.0,0.0
a,Null,838,-0.1690308509457033,0.0,0.0
a,Null,839,-0.08451542547285165,0.0,0.0
a,Null,840,0.0,0.0,0.0
a,Null,841,0.08451542547285165,0.0,0.0
a,Null,842,0.1690308509457033,0.0,0.0
a,Null,843,0.253546276418555,0.0,0.0
a,Null,844,0.3380617018914066,0.0,0.0
a,Null,845,0.4225771273642583,0.0,0.0
a,Null,846,0.50709255283711,0.0,0.0
a,Null,847,0.5916079783099616,0.0,0.0
a,Null,848,0.6761234037828132,0.0,0.0
a,Null,849,0.760638829255665,0.0,0.0
a,Null,850,0.8451542547285166,0.0,0.0
a,Null,851,0.9296696802013682,0.0,0.0
a,Null,852,1.01418510567422,0.0,0.0
a,Null,853,1.0987005311470714,0.0,0.0
a,Null,854,1.1832159566199232,0.0,0.0
a,Null,855,1.267731382092775,0.0,0.0
a,Null,856,1.3522468075656264,0.0,0.0
a,Null,857,1.4367622330384782,0.0,0.0
a,Null,858,1.52127765851133,0.0,0.0
a,Null,859,1.6057930839841814,0.0,0.0
a,Null,860,1.6903085094570331,0.0,0.0
a,Null,861,-1.6903085094570331,0.08451542547285165,0.0
a,Null,862,-1.6057930839841814,0.08451542547285165,0.0
a,Null,863,-1.52127765851133,0.08451542547285165,0.0
a,Null,864,-1.4367622330384782,0.08451542547285165,0.0
a,Null,865,-1.3522468075656264,0.08451542547285165,0.0
a,Null,866,-1.267731382092775,0.08451542547285165,0.0
a,Null,867,-1.1832159566199232,0.08451542547285165,0.0
a,Null,868,-1.0987005311470714,0.08451542547285165,0.0
a,Null,869,-1.01418510567422,0.08451542547285165,0.0
a,Null,870,-0.9296696802013682,0.08451542547285165,0.0
a,Null,871,-0.8451542547285166,0.08451542547285165,0.0
a,Null,872,-0.760638829255665,0.08451542547285165,0.0
a,Null,873,-0.6761234037828132,0.08451542547285165,0.0
a,Null,874,-0.5916079783099616,0.08451542547285165,0.0
a,Null,875,-0.50709255283711,0.08451542547285165,0.0
a,Null,876,-0.4225771273642583,0.08451542547285165,0.0
a,Null,877,-0.3380617018914066,0.08451542547285165,0.0
a,Null,878,-0.253546276418555,0.08451542547285165,0.0
a,Null,879,-0.1690308509457033,0.08451542547285165,0.0
a,Null,880,-0.08451542547285165,0.08451542547285165,0.0
a,Null,881,0.0,0.08451542547285165,0.0
a,Null,882,0.08451542547285165,0.08451542547285165,0.0
a,Null,883,0.1690308509457033,0.08451542547285165,0.0
a,Null,884,0.253546276418555,0.08451542547285165,0.0
a,Null,885,0.3380617018914066,0.08451542547285165,0.0
a,Null,886,0.4225771273642583,0.08451542547285165,0.0
a,Null,887,0.50709255283711,0.08451542547285165,0.0
a,Null,888,0.5916079783099616,0.08451542547285165,0.0
a,Null,889,0.6761234037828132,0.08451542547285165,0.0
a,Null,890,0.760638829255665,0.08451542547285165,0.0
a,Null,891,0.8451542547285166,0.08451542547285165,0.0
a,Null,892,0.9296696802013682,0.08451542547285165,0.0
a,Null,893,1.01418510567422,0.08451542547285165,0.0
a,Null,894,1.0987005311470714,0.08451542547285165,0.0
a,Null,895,1.1832159566199232,0.08451542547285165,0.0
a,Null,896,1.267731382092775,0.08451542547285165,0.0
a,Null,897,1.3522468075656264,0.08451542547285165,0.0
a,Null,898,1.4367622330384782,0.08451542547285165,0.0
a,Null,899,1.52127765851133,0.08451542547285165,0.0
a,Null,900,1.6057930839841814,0.08451542547285165,0.0
a,Null,901,1.6903085094570331,0.08451542547285165,0.0
a,Null,902,-1.6903085094570331,0.1690308509457033,0.0
a,Null,903,-1.6057930839841814,0.1690308509457033,0.0
a,Null,904,-1.52127765851133,0.1690308509457033,0.0
a,Null,905,-1.4367622330384782,0.1690308509457033,0.0
a,Null,906,-1.3522468075656264,0.1690308509457033,0.0
a,Null,907,-1.267731382092775,0.1690308509457033,0.0
a,Null,908,-1.1832159566199232,0.1690308509457033,0.0
a,Null,909,-1.0987005311470714,0.1690308509457033,0.0
a,Null,910,-1.01418510567422,0.1690308509457033,0.0
a,Null,911,-0.9296696802013682,0.1690308509457033,0.0
a,Null,912,-0.8451542547285166,0.1690308509457033,0.0
a,Null,913,-0.760638829255665,0.1690308509457033,0.0
a,Null,914,-0.6761234037828132,0.1690308509457033,0.0
a,Null,915,-0.5916079783099616,0.1690308509457033,0.0
a,Null,916,-0.50709255283711,0.1690308509457033,0.0
a,Null,917,-0.4225771273642583,0.1690308509457033,0.0
a,Null,918,-0.3380617018914066,0.1690308509457033,0.0
a,Null,919,-0.253546276418555,0.1690308509457033,0.0
a,Null,920,-0.1690308509457033,0.1690308509457033,0.0
a,Null,921,-0.08451542547285165,0.1690308509457033,0.0
a,Null,922,0.0,0.1690308509457033,0.0
a,Null,923,0.08451542547285165,0.1690308509457033,0.0
a,Null,924,0.1690308509457033,0.1690308509457033,0.0
a,Null,925,0.253546276418555,0.1690308509457033,0.0
a,Null,926,0.3380617018914066,0.1690308509457033,0.0
a,Null,927,0.4225771273642583,0.1690308509457033,0.0
a,Null,928,0.50709255283711,0.1690308509457033,0.0
a,Null,929,0.5916079783099616,0.1690308509457033,0.0
a,Null,930,0.6761234037828132,0.1690308509457033,0.0
a,Null,931,0.760638829255665,0.1690308509457033,0.0
a,Null,932,0.8451542547285166,0.1690308509457033,0.0
a,Null,933,0.9296696802013682,0.1690308509457033,0.0
a,Null,934,1.01418510567422,0.1690308509457033,0.0
a,Null,935,1.0987005311470714,0.1690308509457033,0.0
a,Null,936,1.1832159566199232,0.1690308509457033,0.0
a,Null,937,1.267731382092775,0.1690308509457033,0.0
a,Null,938,1.3522468075656264,0.1690308509457033,0.0
a,Null,939,1.4367622330384782,0.1690308509457033,0.0
a,Null,940,1.52127765851133,0.1690308509457033,0.0
a,Null,941,1.6057930839841814,0.1690308509457033,0.0
a,Null,942,1.6903085094570331,0.1690308509457033,0.0
a,Null,943,-1.6903085094570331,0.253546276418555,0.0
a,Null,944,-1.6057930839841814,0.253546276418555,0.0
a,Null,945,-1.52127765851133,0.253546276418555,0.0
a,Null,946,-1.4367622330384782,0.253546276418555,0.0
a,Null,947,-1.3522468075656264,0.253546276418555,0.0
a,Null,948,-1.267731382092775,0.253546276418555,0.0
a,Null,949,-1.1832159566199232,0.253546276418555,0.0
a,Null,950,-1.0987005311470714,0.253546276418555,0.0
a,Null,951,-1.01418510567422,0.253546276418555,0.0
a,Null,952,-0.9296696802013682,0.253546276418555,0.0
a,Null,953,-0.8451542547285166,0.253546276418555,0.0
a,Null,954,-0.760638829255665,0.253546276418555,0.0
a,Null,955,-0.6761234037828132,0.253546276418555,0.0
a,Null,956,-0.5916079783099616,0.253546276418555,0.0
a,Null,957,-0.50709255283711,0.253546276418555,0.0
a,Null,958,-0.4225771273642583,0.253546276418555,0.0
a,Null,959,-0.3380617018914066,0.253546276418555,0.0
a,Null,960,-0.253546276418555,0.253546276418555,0.0
a,Null,961,-0.1690308509457033,0.253546276418555,0.0
a,Null,962,-0.08451542547285165,0.253546276418555,0.0
a,Null,963,0.0,0.253546276418555,0.0
a,Null,964,0.08451542547285165,0.253546276418555,0.0
a,Null,965,0.1690308509457033,0.253546276418555,0.0
a,Null,966,0.253546276418555,0.253546276418555,0.0
a,Null,967,0.3380617018914066,0.253546276418555,0.0
a,Null,968,0.4225771273642583,0.253546276418555,0.0
a,Null,969,0.50709255283711,0.253546276418555,0.0
a,Null,970,0.5916079783099616,0.253546276418555,0.0
a,Null,971,0.6761234037828132,0.253546276418555,0.0
a,Null,972,0.760638829255665,0.253546276418555,0.0
a,Null,973,0.8451542547285166,0.253546276418555,0.0
a,Null,974,0.9296696802013682,0.253546276418555,0.0
a,Null,975,1.01418510567422,0.253546276418555,0.0
a,Null,976,1.0987005311470714,0.253546276418555,0.0
a,Null,977,1.1832159566199232,0.253546276418555,0.0
a,Null,978,1.267731382092775,0.253546276418555,0.0
a,Null,979,1.3522468075656264,0.253546276418555,0.0
a,Null,980,1.4367622330384782,0.253546276418555,0.0
a,Null,981,1.52127765851133,0.253546276418555,0.0
a,Null,982,1.6057930839841814,0.253546276418555,0.0
a,Null,983,1.6903085094570331,0.253546276418555,0.0
a,Null,984,-1.6903085094570331,0.3380617018914066,0.0
a,Null,985,-1.6057930839841814,0.3380617018914066,0.0
a,Null,986,-1.52127765851133,0.3380617018914066,0.0
a,Null,987,-1.4367622330384782,0.3380617018914066,0.0
a,Null,988,-1.3522468075656264,0.3380617018914066,0.0
a,Null,989,-1.267731382092775,0.3380617018914066,0.0
a,Null,990,-1.1832159566199232,0.3380617018914066,0.0
a,Null,991,-1.0987005311470714,0.3380617018914066,0.0
a,Null,992,-1.01418510567422,0.3380617018914066,0.0
a,Null,993,-0.9296696802013682,0.3380617018914066,0.0
a,Null,994,-0.8451542547285166,0.3380617018914066,0.0
a,Null,995,-0.760638829255665,0.3380617018914066,0.0
a,Null,996,-0.6761234037828132,0.3380617018914066,0.0
a,Null,997,-0.5916079783099616,0.3380617018914066,0.0
a,Null,998,-0.50709255283711,0.3380617018914066,0.0
a,Null,999,-0.4225771273642583,0.3380617018914066,0.0
a,Null,1000,-0.3380617018914066,0.3380617018914066,0.0
a,Null,1001,-0.253546276418555,0.3380617018914066,0.0
a,Null,1002,-0.1690308509457033,0.3380617018914066,0.0
a,Null,1003,-0.08451542547285165,0.3380617018914066,0.0
a,Null,1004,0.0,0.3380617018914066,0.0
a,Null,1005,0.08451542547285165,0.3380617018914066,0.0
a,Null,1006,0.1690308509457033,0.3380617018914066,0.0
a,Null,1007,0.253546276418555,0.3380617018914066,0.0
a,Null,1008,0.3380617018914066,0.3380617018914066,0.0
a,Null,1009,0.4225771273642583,0.3380617018914066,0.0
a,Null,1010,0.50709255283711,0.3380617018914066,0.0
a,Null,1011,0.5916079783099616,0.3380617018914066,0.0
a,Null,1012,0.6761234037828132,0.3380617018914066,0.0
a,Null,1013,0.760638829255665,0.3380617018914066,0.0
a,Null,1014,0.8451542547285166,0.3380617018914066,0.0
a,Null,1015,0.9296696802013682,0.3380617018914066,0.0
a,Null,1016,1.01418510567422,0.3380617018914066,0.0
a,Null,1017,1.0987005311470714,0.3380617018914066,0.0
a,Null,1018,1.1832159566199232,0.3380617018914066,0.0
a,Null,1019,1.267731382092775,0.3380617018914066,0.0
a,Null,1020,1.3522468075656264,0.3380617018914066,0.0
a,Null,1021,1.4367622330384782,0.3380617018914066,0.0
a,Null,1022,1.52127765851133,0.3380617018914066,0.0
a,Null,1023,1.6057930839841814,0.3380617018914066,0.0
a,Null,1024,1.6903085094570331,0.3380617018914066,0.0
a,Null,1025,-1.6903085094570331,0.4225771273642583,0.0
a,Null,1026,-1.6057930839841814,0.4225771273642583,0.0
a,Null,1027,-1.52127765851133,0.4225771273642583,0.0
a,Null,1028,-1.4367622330384782,0.4225771273642583,0.0
a,Null,1029,-1.3522468075656264,0.4225771273642583,0.0
a,Null,1030,-1.267731382092775,0.4225771273642583,0.0
a,Null,1031,-1.1832159566199232,0.4225771273642583,0.0
a,Null,1032,-1.0987005311470714,0.4225771273642583,0.0
a,Null,1033,-1.01418510567422,0.4225771273642583,0.0
a,Null,1034,-0.9296696802013682,0.4225771273642583,0.0
a,Null,1035,-0.8451542547285166,0.4225771273642583,0.0
a,Null,1036,-0.760638829255665,0.4225771273642583,0.0
a,Null,1037,-0.6761234037828132,0.4225771273642583,0.0
a,Null,1038,-0.5916079783099616,0.4225771273642583,0.0
a,Null,1039,-0.50709255283711,0.4225771273642583,0.0
a,Null,1040,-0.4225771273642583,0.4225771273642583,0.0
a,Null,1041,-0.3380617018914066,0.4225771273642583,0.0
a,Null,1042,-0.253546276418555,0.4225771273642583,0.0
a,Null,1043,-0.1690308509457033,0.4225771273642583,0.0
a,Null,1044,-0.08451542547285165,0.4225771273642583,0.0
a,Null,1045,0.0,0.4225771273642583,0.0
a,Null,1046,0.08451542547285165,0.4225771273642583,0.0
a,Null,1047,0.1690308509457033,0.4225771273642583,0.0
a,Null,1048,0.253546276418555,0.4225771273642583,0.0
a,Null,1049,0.3380617018914066,0.4225771273642583,0.0
a,Null,1050,0.4225771273642583,0.4225771273642583,0.0
a,Null,1051,0.50709255283711,0.4225771273642583,0.0
a,Null,1052,0.5916079783099616,0.4225771273642583,0.0
a,Null,1053,0.6761234037828132,0.4225771273642583,0.0
a,Null,1054,0.760638829255665,0.4225771273642583,0.0
a,Null,1055,0.8451542547285166,0.4225771273642583,0.0
a,Null,1056,0.9296696802013682,0.4225771273642583,0.0
a,Null,1057,1.01418510567422,0.4225771273642583,0.0
a,Null,1058,1.0987005311470714,0.4225771273642583,0.0
a,Null,1059,1.1832159566199232,0.4225771273642583,0.0
a,Null,1060,1.267731382092775,0.4225771273642583,0.0
a,Null,1061,1.3522468075656264,0.4225771273642583,0.0
a,Null,1062,1.4367622330384782,0.4225771273642583,0.0
a,Null,1063,1.52127765851133,0.4225771273642583,0.0
a,Null,1064,1.6057930839841814,0.4225771273642583,0.0
a,Null,1065,1.6903085094570331,0.4225771273642583,0.0
a,Null,1066,-1.6903085094570331,0.50709255283711,0.0
a,Null,1067,-1.6057930839841814,0.50709255283711,0.0
a,Null,1068,-1.52127765851133,0.50709255283711,0.0
a,Null,1069,-1.4367622330384782,0.50709255283711,0.0
a,Null,1070,-1.3522468075656264,0.50709255283711,0.0
a,Null,1071,-1.267731382092775,0.50709255283711,0.0
a,Null,1072,-1.1832159566199232,0.50709255283711,0.0
a,Null,1073,-1.0987005311470714,0.50709255283711,0.0
a,Null,1074,-1.01418510567422,0.50709255283711,0.0
a,Null,1075,-0.9296696802013682,0.50709255283711,0.0
a,Null,1076,-0.8451542547285166,0.50709255283711,0.0
a,Null,1077,-0.760638829255665,0.50709255283711,0.0
a,Null,1078,-0.6761234037828132,0.50709255283711,0.0
a,Null,1079,-0.5916079783099616,0.50709255283711,0.0
a,Null,1080,-0.50709255283711,0.50709255283711,0.0
a,Null,1081,-0.4225771273642583,0.50709255283711,0.0
a,Null,1082,-0.3380617018914066,0.50709255283711,0.0
a,Null,1083,-0.253546276418555,0.50709255283711,0.0
a,Null,1084,-0.1690308509457033,0.50709255283711,0.0
a,Null,1085,-0.08451542547285165,0.50709255283711,0.0
a,Null,1086,0.0,0.50709255283711,0.0
a,Null,1087,0.08451542547285165,0.50709255283711,0.0
a,Null,1088,0.1690308509457033,0.50709255283711,0.0
a,Null,1089,0.253546276418555,0.50709255283711,0.0
a,Null,1090,0.3380617018914066,0.50709255283711,0.0
a,Null,1091,0.4225771273642583,0.50709255283711,0.0
a,Null,1092,0.50709255283711,0.50709255283711,0.0
a,Null,1093,0.5916079783099616,0.50709255283711,0.0
a,Null,1094,0.6761234037828132,0.50709255283711,0.0
a,Null,1095,0.760638829255665,0.50709255283711,0.0
a,Null,1096,0.8451542547285166,0.50709255283711,0.0
a,Null,1097,0.9296696802013682,0.50709255283711,0.0
a,Null,1098,1.01418510567422,0.50709255283711,0.0
a,Null,1099,1.0987005311470714,0.50709255283711,0.0
a,Null,1100,1.1832159566199232,0.50709255283711,0.0
a,Null,1101,1.267731382092775,0.50709255283711,0.0
a,Null,1102,1.3522468075656264,0.50709255283711,0.0
a,Null,1103,1.4367622330384782,0.50709255283711,0.0
a,Null,1104,1.52127765851133,0.50709255283711,0.0
a,Null,1105,1.6057930839841814,0.50709255283711,0.0
a,Null,1106,1.6903085094570331,0.50709255283711,0.0
a,Null,1107,-1.6903085094570331,0.5916079783099616,0.0
a,Null,1108,-1.6057930839841814,0.5916079783099616,0.0
a,Null,1109,-1.52127765851133,0.5916079783099616,0.0
a,Null,1110,-1.4367622330384782,0.5916079783099616,0.0
a,Null,1111,-1.3522468075656264,0.5916079783099616,0.0
a,Null,1112,-1.267731382092775,0.5916079783099616,0.0
a,Null,1113,-1.1832159566199232,0.5916079783099616,0.0
a,Null,1114,-1.0987005311470714,0.5916079783099616,0.0
a,Null,1115,-1.01418510567422,0.5916079783099616,0.0
a,Null,1116,-0.9296696802013682,0.5916079783099616,0.0
a,Null,1117,-0.8451542547285166,0.5916079783099616,0.0
a,Null,1118,-0.760638829255665,0.5916079783099616,0.0
a,Null,1119,-0.6761234037828132,0.5916079783099616,0.0
a,Null,1120,-0.5916079783099616,0.5916079783099616,0.0
a,Null,1121,-0.50709255283711,0.5916079783099616,0.0
a,Null,1122,-0.4225771273642583,0.5916079783099616,0.0
a,Null,1123,-0.3380617018914066,0.5916079783099616,0.0
a,Null,1124,-0.253546276418555,0.5916079783099616,0.0
a,Null,1125,-0.1690308509457033,0.5916079783099616,0.0
a,Null,1126,-0.08451542547285165,0.5916079783099616,0.0
a,Null,1127,0.0,0.5916079783099616,0.0
a,Null,1128,0.08451542547285165,0.5916079783099616,0.0
a,Null,1129,0.1690308509457033,0.5916079783099616,0.0
a,Null,1130,0.253546276418555,0.5916079783099616,0.0
a,Null,1131,0.3380617018914066,0.5916079783099616,0.0
a,Null,1132,0.4225771273642583,0.5916079783099616,0.0
a,Null,1133,0.50709255283711,0.5916079783099616,0.0
a,Null,1134,0.5916079783099616,0.5916079783099616,0.0
a,Null,1135,0.6761234037828132,0.5916079783099616,0.0
a,Null,1136,0.760638829255665,0.5916079783099616,0.0
a,Null,1137,0.8451542547285166,0.5916079783099616,0.0
a,Null,1138,0.9296696802013682,0.5916079783099616,0.0
a,Null,1139,1.01418510567422,0.5916079783099616,0.0
a,Null,1140,1.0987005311470714,0.5916079783099616,0.0
a,Null,1141,1.1832159566199232,0.5916079783099616,0.0
a,Null,1142,1.267731382092775,0.5916079783099616,0.0
a,Null,1143,1.3522468075656264,0.5916079783099616,0.0
a,Null,1144,1.4367622330384782,0.5916079783099616,0.0
a,Null,1145,1.52127765851133,0.5916079783099616,0.0
a,Null,1146,1.6057930839841814,0.5916079783099616,0.0
a,Null,1147,1.6903085094570331,0.5916079783099616,0.0
a,Null,1148,-1.6903085094570331,0.6761234037828132,0.0
a,Null,1149,-1.6057930839841814,0.6761234037828132,0.0
a,Null,1150,-1.52127765851133,0.6761234037828132,0.0
a,Null,1151,-1.4367622330384782,0.6761234037828132,0.0
a,Null,1152,-1.3522468075656264,0.6761234037828132,0.0
a,Null,1153,-1.267731382092775,0.6761234037828132,0.0
a,Null,1154,-1.1832159566199232,0.6761234037828132,0.0
a,Null,1155,-1.0987005311470714,0.6761234037828132,0.0
a,Null,1156,-1.01418510567422,0.6761234037828132,0.0
a,Null,1157,-0.9296696802013682,0.6761234037828132,0.0
a,Null,1158,-0.8451542547285166,0.6761234037828132,0.0
a,Null,1159,-0.760638829255665,0.6761234037828132,0.0
a,Null,1160,-0.6761234037828132,0.6761234037828132,0.0
a,Null,1161,-0.5916079783099616,0.6761234037828132,0.0
a,Null,1162,-0.50709255283711,0.6761234037828132,0.0
a,Null,1163,-0.4225771273642583,0.6761234037828132,0.0
a,Null,1164,-0.3380617018914066,0.6761234037828132,0.0
a,Null,1165,-0.253546276418555,0.6761234037828132,0.0
a,Null,1166,-0.1690308509457033,0.6761234037828132,0.0
a,Null,1167,-0.08451542547285165,0.6761234037828132,0.0
a,Null,1168,0.0,0.6761234037828132,0.0
a,Null,1169,0.08451542547285165,0.6761234037828132,0.0
a,Null,1170,0.1690308509457033,0.6761234037828132,0.0
a,Null,1171,0.253546276418555,0.6761234037828132,0.0
a,Null,1172,0.3380617018914066,0.6761234037828132,0.0
a,Null,1173,0.4225771273642583,0.6761234037828132,0.0
a,Null,1174,0.50709255283711,0.6761234037828132,0.0
a,Null,1175,0.5916079783099616,0.6761234037828132,0.0
a,Null,1176,0.6761234037828132,0.6761234037828132,0.0
a,Null,1177,0.760638829255665,0.6761234037828132,0.0
a,Null,1178,0.8451542547285166,0.6761234037828132,0.0
a,Null,1179,0.9296696802013682,0.6761234037828132,0.0
a,Null,1180,1.01418510567422,0.6761234037828132,0.0
a,Null,1181,1.0987005311470714,0.6761234037828132,0.0
a,Null,1182,1.1832159566199232,0.6761234037828132,0.0
a,Null,1183,1.267731382092775,0.6761234037828132,0.0
a,Null,1184,1.3522468075656264,0.6761234037828132,0.0
a,Null,1185,1.4367622330384782,0.6761234037828132,0.0
a,Null,1186,1.52127765851133,0.6761234037828132,0.0
a,Null,1187,1.6057930839841814,0.6761234037828132,0.0
a,Null,1188,1.6903085094570331,0.6761234037828132,0.0
a,Null,1189,-1.6903085094570331,0.760638829255665,0.0
a,Null,1190,-1.6057930839841814,0.760638829255665,0.0
a,Null,1191,-1.52127765851133,0.760638829255665,0.0
a,Null,1192,-1.4367622330384782,0.760638829255665,0.0
a,Null,1193,-1.3522468075656264,0.760638829255665,0.0
a,Null,1194,-1.267731382092775,0.760638829255665,0.0
a,Null,1195,-1.1832159566199232,0.760638829255665,0.0
a,Null,1196,-1.0987005311470714,0.760638829255665,0.0
a,Null,1197,-1.01418510567422,0.760638829255665,0.0
a,Null,1198,-0.9296696802013682,0.760638829255665,0.0
a,Null,1199,-0.8451542547285166,0.760638829255665,0.0
a,Null,1200,-0.760638829255665,0.760638829255665,0.0
a,Null,1201,-0.6761234037828132,0.760638829255665,0.0
a,Null,1202,-0.5916079783099616,0.760638829255665,0.0
a,Null,1203,-0.50709255283711,0.760638829255665,0.0
a,Null,1204,-0.4225771273642583,0.760638829255665,0.0
a,Null,1205,-0.3380617018914066,0.760638829255665,0.0
a,Null,1206,-0.253546276418555,0.760638829255665,0.0
a,Null,1207,-0.1690308509457033,0.760638829255665,0.0
a,Null,1208,-0.08451542547285165,0.760638829255665,0.0
a,Null,1209,0.0,0.760638829255665,0.0
a,Null,1210,0.08451542547285165,0.760638829255665,0.0
a,Null,1211,0.1690308509457033,0.760638829255665,0.0
a,Null,1212,0.253546276418555,0.760638829255665,0.0
a,Null,1213,0.3380617018914066,0.760638829255665,0.0
a,Null,1214,0.4225771273642583,0.760638829255665,0.0
a,Null,1215,0.50709255283711,0.760638829255665,0.0
a,Null,1216,0.5916079783099616,0.760638829255665,0.0
a,Null,1217,0.6761234037828132,0.760638829255665,0.0
a,Null,1218,0.760638829255665,0.760638829255665,0.0
a,Null,1219,0.8451542547285166,0.760638829255665,0.0
a,Null,1220,0.9296696802013682,0.760638829255665,0.0
a,Null,1221,1.01418510567422,0.760638829255665,0.0
a,Null,1222,1.0987005311470714,0.760638829255665,0.0
a,Null,1223,1.1832159566199232,0.760638829255665,0.0
a,Null,1224,1.267731382092775,0.760638829255665,0.0
a,Null,1225,1.3522468075656264,0.760638829255665,0.0
a,Null,1226,1.4367622330384782,0.760638829255665,0.0
a,Null,1227,1.52127765851133,0.760638829255665,0.0
a,Null,1228,1.6057930839841814,0.760638829255665,0.0
a,Null,1229,1.6903085094570331,0.760638829255665,0.0
a,Null,1230,-1.6903085094570331,0.8451542547285166,0.0
a,Null,1231,-1.6057930839841814,0.8451542547285166,0.0
a,Null,1232,-1.52127765851133,0.8451542547285166,0.0
a,Null,1233,-1.4367622330384782,0.8451542547285166,0.0
a,Null,1234,-1.3522468075656264,0.8451542547285166,0.0
a,Null,1235,-1.267731382092775,0.8451542547285166,0.0
a,Null,1236,-1.1832159566199232,0.8451542547285166,0.0
a,Null,1237,-1.0987005311470714,0.8451542547285166,0.0
a,Null,1238,-1.01418510567422,0.8451542547285166,0.0
a,Null,1239,-0.9296696802013682,0.8451542547285166,0.0
a,Null,1240,-0.8451542547285166,0.8451542547285166,0.0
a,Null,1241,-0.760638829255665,0.8451542547285166,0.0
a,Null,1242,-0.6761234037828132,0.8451542547285166,0.0
a,Null,1243,-0.5916079783099616,0.8451542547285166,0.0
a,Null,1244,-0.50709255283711,0.8451542547285166,0.0
a,Null,1245,-0.4225771273642583,0.8451542547285166,0.0
a,Null,1246,-0.3380617018914066,0.8451542547285166,0.0
a,Null,1247,-0.253546276418555,0.8451542547285166,0.0
a,Null,1248,-0.1690308509457033,0.8451542547285166,0.0
a,Null,1249,-0.08451542547285165,0.8451542547285166,0.0
a,Null,1250,0.0,0.8451542547285166,0.0
a,Null,1251,0.08451542547285165,0.8451542547285166,0.0
a,Null,1252,0.1690308509457033,0.8451542547285166,0.0
a,Null,1253,0.253546276418555,0.8451542547285166,0.0
a,Null,1254,0.3380617018914066,0.8451542547285166,0.0
a,Null,1255,0.4225771273642583,0.8451542547285166,0.0
a,Null,1256,0.50709255283711,0.8451542547285166,0.0
a,Null,1257,0.5916079783099616,0.8451542547285166,0.0
a,Null,1258,0.6761234037828132,0.8451542547285166,0.0
a,Null,1259,0.760638829255665,0.8451542547285166,0.0
a,Null,1260,0.8451542547285166,0.8451542547285166,0.0
a,Null,1261,0.9296696802013682,0.8451542547285166,0.0
a,Null,1262,1.01418510567422,0.8451542547285166,0.0
a,Null,1263,1.0987005311470714,0.8451542547285166,0.0
a,Null,1264,1.1832159566199232,0.8451542547285166,0.0
a,Null,1265,1.267731382092775,0.8451542547285166,0.0
a,Null,1266,1.3522468075656264,0.8451542547285166,0.0
a,Null,1267,1.4367622330384782,0.8451542547285166,0.0
a,Null,1268,1.52127765851133,0.8451542547285166,0.0
a,Null,1269,1.6057930839841814,0.8451542547285166,0.0
a,Null,1270,1.6903085094570331,0.8451542547285166,0.0
a,Null,1271,-1.6903085094570331,0.9296696802013682,0.0
a,Null,1272,-1.6057930839841814,0.9296696802013682,0.0
a,Null,1273,-1.52127765851133,0.9296696802013682,0.0
a,Null,1274,-1.4367622330384782,0.9296696802013682,0.0
a,Null,1275,-1.3522468075656264,0.9296696802013682,0.0
a,Null,1276,-1.267731382092775,0.9296696802013682,0.0
a,Null,1277,-1.1832159566199232,0.9296696802013682,0.0
a,Null,1278,-1.0987005311470714,0.9296696802013682,0.0
a,Null,1279,-1.01418510567422,0.9296696802013682,0.0
a,Null,1280,-0.9296696802013682,0.9296696802013682,0.0
a,Null,1281,-0.8451542547285166,0.9296696802013682,0.0
a,Null,1282,-0.760638829255665,0.9296696802013682,0.0
a,Null,1283,-0.6761234037828132,0.9296696802013682,0.0
a,Null,1284,-0.5916079783099616,0.9296696802013682,0.0
a,Null,1285,-0.50709255283711,0.9296696802013682,0.0
a,Null,1286,-0.4225771273642583,0.9296696802013682,0.0
a,Null,1287,-0.3380617018914066,0.9296696802013682,0.0
a,Null,1288,-0.253546276418555,0.9296696802013682,0.0
a,Null,1289,-0.1690308509457033,0.9296696802013682,0.0
a,Null,1290,-0.08451542547285165,0.9296696802013682,0.0
a,Null,1291,0.0,0.9296696802013682,0.0
a,Null,1292,0.08451542547285165,0.9296696802013682,0.0
a,Null,1293,0.1690308509457033,0.9296696802013682,0.0
a,Null,1294,0.253546276418555,0.9296696802013682,0.0
a,Null,1295,0.3380617018914066,0.9296696802013682,0.0
a,Null,1296,0.4225771273642583,0.9296696802013682,0.0
a,Null,1297,0.50709255283711,0.9296696802013682,0.0
a,Null,1298,0.5916079783099616,0.9296696802013682,0.0
a,Null,1299,0.6761234037828132,0.9296696802013682,0.0
a,Null,1300,0.760638829255665,0.9296696802013682,0.0
a,Null,1301,0.8451542547285166,0.9296696802013682,0.0
a,Null,1302,0.9296696802013682,0.9296696802013682,0.0
a,Null,1303,1.01418510567422,0.9296696802013682,0.0
a,Null,1304,1.0987005311470714,0.9296696802013682,0.0
a,Null,1305,1.1832159566199232,0.9296696802013682,0.0
a,Null,1306,1.267731382092775,0.9296696802013682,0.0
a,Null,1307,1.3522468075656264,0.9296696802013682,0.0
a,Null,1308,1.4367622330384782,0.9296696802013682,0.0
a,Null,1309,1.52127765851133,0.9296696802013682,0.0
a,Null,1310,1.6057930839841814,0.9296696802013682,0.0
a,Null,1311,1.6903085094570331,0.9296696802013682,0.0
a,Null,1312,-1.6903085094570331,1.01418510567422,0.0
a,Null,1313,-1.6057930839841814,1.01418510567422,0.0
a,Null,1314,-1.52127765851133,1.01418510567422,0.0
a,Null,1315,-1.4367622330384782,1.01418510567422,0.0
a,Null,1316,-1.3522468075656264,1.01418510567422,0.0
a,Null,1317,-1.267731382092775,1.01418510567422,0.0
a,Null,1318,-1.1832159566199232,1.01418510567422,0.0
a,Null,1319,-1.0987005311470714,1.01418510567422,0.0
a,Null,1320,-1.01418510567422,1.01418510567422,0.0
a,Null,1321,-0.9296696802013682,1.01418510567422,0.0
a,Null,1322,-0.8451542547285166,1.01418510567422,0.0
a,Null,1323,-0.760638829255665,1.01418510567422,0.0
a,Null,1324,-0.6761234037828132,1.01418510567422,0.0
a,Null,1325,-0.5916079783099616,1.01418510567422,0.0
a,Null,1326,-0.50709255283711,1.01418510567422,0.0
a,Null,1327,-0.4225771273642583,1.01418510567422,0.0
a,Null,1328,-0.3380617018914066,1.01418510567422,0.0
a,Null,1329,-0.253546276418555,1.01418510567422,0.0
a,Null,1330,-0.1690308509457033,1.01418510567422,0.0
a,Null,1331,-0.08451542547285165,1.01418510567422,0.0
a,Null,1332,0.0,1.01418510567422,0.0
a,Null,1333,0.08451542547285165,1.01418510567422,0.0
a,Null,1334,0.1690308509457033,1.01418510567422,0.0
a,Null,1335,0.253546276418555,1.01418510567422,0.0
a,Null,1336,0.3380617018914066,1.01418510567422,0.0
a,Null,1337,0.4225771273642583,1.01418510567422,0.0
a,Null,1338,0.50709255283711,1.01418510567422,0.0
a,Null,1339,0.5916079783099616,1.01418510567422,0.0
a,Null,1340,0.6761234037828132,1.01418510567422,0.0
a,Null,1341,0.760638829255665,1.01418510567422,0.0
a,Null,1342,0.8451542547285166,1.01418510567422,0.0
a,Null,1343,0.9296696802013682,1.01418510567422,0.0
a,Null,1344,1.01418510567422,1.01418510567422,0.0
a,Null,1345,1.0987005311470714,1.01418510567422,0.0
a,Null,1346,1.1832159566199232,1.01418510567422,0.0
a,Null,1347,1.267731382092775,1.01418510567422,0.0
a,Null,1348,1.3522468075656264,1.01418510567422,0.0
a,Null,1349,1.4367622330384782,1.01418510567422,0.0
a,Null,1350,1.52127765851133,1.01418510567422,0.0
a,Null,1351,1.6057930839841814,1.01418510567422,0.0
a,Null,1352,1.6903085094570331,1.01418510567422,0.0
a,Null,1353,-1.6903085094570331,1.0987005311470714,0.0
a,Null,1354,-1.6057930839841814,1.0987005311470714,0.0
a,Null,1355,-1.52127765851133,1.0987005311470714,0.0
a,Null,1356,-1.4367622330384782,1.0987005311470714,0.0
a,Null,1357,-1.3522468075656264,1.0987005311470714,0.0
a,Null,1358,-1.267731382092775,1.0987005311470714,0.0
a,Null,1359,-1.1832159566199232,1.0987005311470714,0.0
a,Null,1360,-1.0987005311470714,1.0987005311470714,0.0
a,Null,1361,-1.01418510567422,1.0987005311470714,0.0
a,Null,1362,-0.9296696802013682,1.0987005311470714,0.0
a,Null,1363,-0.8451542547285166,1.0987005311470714,0.0
a,Null,1364,-0.760638829255665,1.0987005311470714,0.0
a,Null,1365,-0.6761234037828132,1.0987005311470714,0.0
a,Null,1366,-0.5916079783099616,1.0987005311470714,0.0
a,Null,1367,-0.50709255283711,1.0987005311470714,0.0
a,Null,1368,-0.4225771273642583,1.0987005311470714,0.0
a,Null,1369,-0.3380617018914066,1.0987005311470714,0.0
a,Null,1370,-0.253546276418555,1.0987005311470714,0.0
a,Null,1371,-0.1690308509457033,1.0987005311470714,0.0
a,Null,1372,-0.08451542547285165,1.0987005311470714,0.0
a,Null,1373,0.0,1.0987005311470714,0.0
a,Null,1374,0.08451542547285165,1.0987005311470714,0.0
a,Null,1375,0.1690308509457033,1.0987005311470714,0.0
a,Null,1376,0.253546276418555,1.0987005311470714,0.0
a,Null,1377,0.3380617018914066,1.0987005311470714,0.0
a,Null,1378,0.4225771273642583,1.0987005311470714,0.0
a,Null,1379,0.50709255283711,1.0987005311470714,0.0
a,Null,1380,0.5916079783099616,1.0987005311470714,0.0
a,Null,1381,0.6761234037828132,1.0987005311470714,0.0
a,Null,1382,0.760638829255665,1.0987005311470714,0.0
a,Null,1383,0.8451542547285166,1.0987005311470714,0.0
a,Null,1384,0.9296696802013682,1.0987005311470714,0.0
a,Null,1385,1.01418510567422,1.0987005311470714,0.0
a,Null,1386,1.0987005311470714,1.0987005311470714,0.0
a,Null,1387,1.1832159566199232,1.0987005311470714,0.0
a,Null,1388,1.267731382092775,1.0987005311470714,0.0
a,Null,1389,1.3522468075656264,1.0987005311470714,0.0
a,Null,1390,1.4367622330384782,1.0987005311470714,0.0
a,Null,1391,1.52127765851133,1.0987005311470714,0.0
a,Null,1392,1.6057930839841814,1.0987005311470714,0.0
a,Null,1393,1.6903085094570331,1.0987005311470714,0.0
a,Null,1394,-1.6903085094570331,1.1832159566199232,0.0
a,Null,1395,-1.6057930839841814,1.1832159566199232,0.0
a,Null,1396,-1.52127765851133,1.1832159566199232,0.0
a,Null,1397,-1.4367622330384782,1.1832159566199232,0.0
a,Null,1398,-1.3522468075656264,1.1832159566199232,0.0
a,Null,1399,-1.267731382092775,1.1832159566199232,0.0
a,Null,1400,-1.1832159566199232,1.1832159566199232,0.0
a,Null,1401,-1.0987005311470714,1.1832159566199232,0.0
a,Null,1402,-1.01418510567422,1.1832159566199232,0.0
a,Null,1403,-0.9296696802013682,1.1832159566199232,0.0
a,Null,1404,-0.8451542547285166,1.1832159566199232,0.0
a,Null,1405,-0.760638829255665,1.1832159566199232,0.0
a,Null,1406,-0.6761234037828132,1.1832159566199232,0.0
a,Null,1407,-0.5916079783099616,1.1832159566199232,0.0
a,Null,1408,-0.50709255283711,1.1832159566199232,0.0
a,Null,1409,-0.4225771273642583,1.1832159566199232,0.0
a,Null,1410,-0.3380617018914066,1.1832159566199232,0.0
a,Null,1411,-0.253546276418555,1.1832159566199232,0.0
a,Null,1412,-0.1690308509457033,1.1832159566199232,0.0
a,Null,1413,-0.08451542547285165,1.1832159566199232,0.0
a,Null,1414,0.0,1.1832159566199232,0.0
a,Null,1415,0.08451542547285165,1.1832159566199232,0.0
a,Null,1416,0.1690308509457033,1.1832159566199232,0.0
a,Null,1417,0.253546276418555,1.1832159566199232,0.0
a,Null,1418,0.3380617018914066,1.1832159566199232,0.0
a,Null,1419,0.4225771273642583,1.1832159566199232,0.0
a,Null,1420,0.50709255283711,1.1832159566199232,0.0
a,Null,1421,0.5916079783099616,1.1832159566199232,0.0
a,Null,1422,0.6761234037828132,1.1832159566199232,0.0
a,Null,1423,0.760638829255665,1.1832159566199232,0.0
a,Null,1424,0.8451542547285166,1.1832159566199232,0.0
a,Null,1425,0.9296696802013682,1.1832159566199232,0.0
a,Null,1426,1.01418510567422,1.1832159566199232,0.0
a,Null,1427,1.0987005311470714,1.1832159566199232,0.0
a,Null,1428,1.1832159566199232,1.1832159566199232,0.0
a,Null,1429,1.267731382092775,1.1832159566199232,0.0
a,Null,1430,1.3522468075656264,1.1832159566199232,0.0
a,Null,1431,1.4367622330384782,1.1832159566199232,0.0
a,Null,1432,1.52127765851133,1.1832159566199232,0.0
a,Null,1433,1.6057930839841814,1.1832159566199232,0.0
a,Null,1434,1.6903085094570331,1.1832159566199232,0.0
a,Null,1435,-1.6903085094570331,1.267731382092775,0.0
a,Null,1436,-1.6057930839841814,1.267731382092775,0.0
a,Null,1437,-1.52127765851133,1.267731382092775,0.0
a,Null,1438,-1.4367622330384782,1.267731382092775,0.0
a,Null,1439,-1.3522468075656264,1.267731382092775,0.0
a,Null,1440,-1.267731382092775,1.267731382092775,0.0
a,Null,1441,-1.1832159566199232,1.267731382092775,0.0
a,Null,1442,-1.0987005311470714,1.267731382092775,0.0
a,Null,1443,-1.01418510567422,1.267731382092775,0.0
a,Null,1444,-0.9296696802013682,1.267731382092775,0.0
a,Null,1445,-0.8451542547285166,1.267731382092775,0.0
a,Null,1446,-0.760638829255665,1.267731382092775,0.0
a,Null,1447,-0.6761234037828132,1.267731382092775,0.0
a,Null,1448,-0.5916079783099616,1.267731382092775,0.0
a,Null,1449,-0.50709255283711,1.267731382092775,0.0
a,Null,1450,-0.4225771273642583,1.267731382092775,0.0
a,Null,1451,-0.3380617018914066,1.267731382092775,0.0
a,Null,1452,-0.253546276418555,1.267731382092775,0.0
a,Null,1453,-0.1690308509457033,1.267731382092775,0.0
a,Null,1454,-0.08451542547285165,1.267731382092775,0.0
a,Null,1455,0.0,1.267731382092775,0.0
a,Null,1456,0.08451542547285165,1.267731382092775,0.0
a,Null,1457,0.1690308509457033,1.267731382092775,0.0
a,Null,1458,0.253546276418555,1.267731382092775,0.0
a,Null,1459,0.3380617018914066,1.267731382092775,0.0
a,Null,1460,0.4225771273642583,1.267731382092775,0.0
a,Null,1461,0.50709255283711,1.267731382092775,0.0
a,Null,1462,0.5916079783099616,1.267731382092775,0.0
a,Null,1463,0.6761234037828132,1.267731382092775,0.0
a,Null,1464,0.760638829255665,1.267731382092775,0.0
a,Null,1465,0.8451542547285166,1.267731382092775,0.0
a,Null,1466,0.9296696802013682,1.267731382092775,0.0
a,Null,1467,1.01418510567422,1.267731382092775,0.0
a,Null,1468,1.0987005311470714,1.267731382092775,0.0
a,Null,1469,1.1832159566199232,1.267731382092775,0.0
a,Null,1470,1.267731382092775,1.267731382092775,0.0
a,Null,1471,1.3522468075656264,1.267731382092775,0.0
a,Null,1472,1.4367622330384782,1.267731382092775,0.0
a,Null,1473,1.52127765851133,1.267731382092775,0.0
a,Null,1474,1.6057930839841814,1.267731382092775,0.0
a,Null,1475,1.6903085094570331,1.267731382092775,0.0
a,Null,1476,-1.6903085094570331,1.3522468075656264,0.0
a,Null,1477,-1.6057930839841814,1.3522468075656264,0.0
a,Null,1478,-1.52127765851133,1.3522468075656264,0.0
a,Null,1479,-1.4367622330384782,1.3522468075656264,0.0
a,Null,1480,-1.3522468075656264,1.3522468075656264,0.0
a,Null,1481,-1.267731382092775,1.3522468075656264,0.0
a,Null,1482,-1.1832159566199232,1.3522468075656264,0.0
a,Null,1483,-1.0987005311470714,1.3522468075656264,0.0
a,Null,1484,-1.01418510567422,1.3522468075656264,0.0
a,Null,1485,-0.9296696802013682,1.3522468075656264,0.0
a,Null,1486,-0.8451542547285166,1.3522468075656264,0.0
a,Null,1487,-0.760638829255665,1.3522468075656264,0.0
a,Null,1488,-0.6761234037828132,1.3522468075656264,0.0
a,Null,1489,-0.5916079783099616,1.3522468075656264,0.0
a,Null,1490,-0.50709255283711,1.3522468075656264,0.0
a,Null,1491,-0.4225771273642583,1.3522468075656264,0.0
a,Null,1492,-0.3380617018914066,1.3522468075656264,0.0
a,Null,1493,-0.253546276418555,1.3522468075656264,0.0
a,Null,1494,-0.1690308509457033,1.3522468075656264,0.0
a,Null,1495,-0.08451542547285165,1.3522468075656264,0.0
a,Null,1496,0.0,1.3522468075656264,0.0
a,Null,1497,0.08451542547285165,1.3522468075656264,0.0
a,Null,1498,0.1690308509457033,1.3522468075656264,0.0
a,Null,1499,0.253546276418555,1.3522468075656264,0.0
a,Null,1500,0.3380617018914066,1.3522468075656264,0.0
a,Null,1501,0.4225771273642583,1.3522468075656264,0.0
a,Null,1502,0.50709255283711,1.3522468075656264,0.0
a,Null,1503,0.5916079783099616,1.3522468075656264,0.0
a,Null,1504,0.6761234037828132,1.3522468075656264,0.0
a,Null,1505,0.760638829255665,1.3522468075656264,0.0
a,Null,1506,0.8451542547285166,1.3522468075656264,0.0
a,Null,1507,0.9296696802013682,1.3522468075656264,0.0
a,Null,1508,1.01418510567422,1.3522468075656264,0.0
a,Null,1509,1.0987005311470714,1.3522468075656264,0.0
a,Null,1510,1.1832159566199232,1.3522468075656264,0.0
a,Null,1511,1.267731382092775,1.3522468075656264,0.0
a,Null,1512,1.3522468075656264,1.3522468075656264,0.0
a,Null,1513,1.4367622330384782,1.3522468075656264,0.0
a,Null,1514,1.52127765851133,1.3522468075656264,0.0
a,Null,1515,1.6057930839841814,1.3522468075656264,0.0
a,Null,1516,1.6903085094570331,1.3522468075656264,0.0
a,Null,1517,-1.6903085094570331,1.4367622330384782,0.0
a,Null,1518,-1.6057930839841814,1.4367622330384782,0.0
a,Null,1519,-1.52127765851133,1.4367622330384782,0.0
a,Null,1520,-1.4367622330384782,1.4367622330384782,0.0
a,Null,1521,-1.3522468075656264,1.4367622330384782,0.0
a,Null,1522,-1.267731382092775,1.4367622330384782,0.0
a,Null,1523,-1.1832159566199232,1.4367622330384782,0.0
a,Null,1524,-1.0987005311470714,1.4367622330384782,0.0
a,Null,1525,-1.01418510567422,1.4367622330384782,0.0
a,Null,1526,-0.9296696802013682,1.4367622330384782,0.0
a,Null,1527,-0.8451542547285166,1.4367622330384782,0.0
a,Null,1528,-0.760638829255665,1.4367622330384782,0.0
a,Null,1529,-0.6761234037828132,1.4367622330384782,0.0
a,Null,1530,-0.5916079783099616,1.4367622330384782,0.0
a,Null,1531,-0.50709255283711,1.4367622330384782,0.0
a,Null,1532,-0.4225771273642583,1.4367622330384782,0.0
a,Null,1533,-0.3380617018914066,1.4367622330384782,0.0
a,Null,1534,-0.253546276418555,1.4367622330384782,0.0
a,Null,1535,-0.1690308509457033,1.4367622330384782,0.0
a,Null,1536,-0.08451542547285165,1.4367622330384782,0.0
a,Null,1537,0.0,1.4367622330384782,0.0
a,Null,1538,0.08451542547285165,1.4367622330384782,0.0
a,Null,1539,0.1690308509457033,1.4367622330384782,0.0
a,Null,1540,0.253546276418555,1.4367622330384782,0.0
a,Null,1541,0.3380617018914066,1.4367622330384782,0.0
a,Null,1542,0.4225771273642583,1.4367622330384782,0.0
a,Null,1543,0.50709255283711,1.4367622330384782,0.0
a,Null,1544,0.5916079783099616,1.4367622330384782,0.0
a,Null,1545,0.6761234037828132,1.4367622330384782,0.0
a,Null,1546,0.760638829255665,1.4367622330384782,0.0
a,Null,1547,0.8451542547285166,1.4367622330384782,0.0
a,Null,1548,0.9296696802013682,1.4367622330384782,0.0
a,Null,1549,1.01418510567422,1.4367622330384782,0.0
a,Null,1550,1.0987005311470714,1.4367622330384782,0.0
a,Null,1551,1.1832159566199232,1.4367622330384782,0.0
a,Null,1552,1.267731382092775,1.4367622330384782,0.0
a,Null,1553,1.3522468075656264,1.4367622330384782,0.0
a,Null,1554,1.4367622330384782,1.4367622330384782,0.0
a,Null,1555,1.52127765851133,1.4367622330384782,0.0
a,Null,1556,1.6057930839841814,1.4367622330384782,0.0
a,Null,1557,1.6903085094570331,1.4367622330384782,0.0
a,Null,1558,-1.6903085094570331,1.52127765851133,0.0
a,Null,1559,-1.6057930839841814,1.52127765851133,0.0
a,Null,1560,-1.52127765851133,1.52127765851133,0.0
a,Null,1561,-1.4367622330384782,1.52127765851133,0.0
a,Null,1562,-1.3522468075656264,1.52127765851133,0.0
a,Null,1563,-1.267731382092775,1.52127765851133,0.0
a,Null,1564,-1.1832159566199232,1.52127765851133,0.0
a,Null,1565,-1.0987005311470714,1.52127765851133,0.0
a,Null,1566,-1.01418510567422,1.52127765851133,0.0
a,Null,1567,-0.9296696802013682,1.52127765851133,0.0
a,Null,1568,-0.8451542547285166,1.52127765851133,0.0
a,Null,1569,-0.760638829255665,1.52127765851133,0.0
a,Null,1570,-0.6761234037828132,1.52127765851133,0.0
a,Null,1571,-0.5916079783099616,1.52127765851133,0.0
a,Null,1572,-0.50709255283711,1.52127765851133,0.0
a,Null,1573,-0.4225771273642583,1.52127765851133,0.0
a,Null,1574,-0.3380617018914066,1.52127765851133,0.0
a,Null,1575,-0.253546276418555,1.52127765851133,0.0
a,Null,1576,-0.1690308509457033,1.52127765851133,0.0
a,Null,1577,-0.08451542547285165,1.52127765851133,0.0
a,Null,1578,0.0,1.52127765851133,0.0
a,Null,1579,0.08451542547285165,1.52127765851133,0.0
a,Null,1580,0.1690308509457033,1.52127765851133,0.0
a,Null,1581,0.253546276418555,1.52127765851133,0.0
a,Null,1582,0.3380617018914066,1.52127765851133,0.0
a,Null,1583,0.4225771273642583,1.52127765851133,0.0
a,Null,1584,0.50709255283711,1.52127765851133,0.0
a,Null,1585,0.5916079783099616,1.52127765851133,0.0
a,Null,1586,0.6761234037828132,1.52127765851133,0.0
a,Null,1587,0.760638829255665,1.52127765851133,0.0
a,Null,1588,0.8451542547285166,1.52127765851133,0.0
a,Null,1589,0.9296696802013682,1.52127765851133,0.0
a,Null,1590,1.01418510567422,1.52127765851133,0.0
a,Null,1591,1.0987005311470714,1.52127765851133,0.0
a,Null,1592,1.1832159566199232,1.52127765851133,0.0
a,Null,1593,1.267731382092775,1.52127765851133,0.0
a,Null,1594,1.3522468075656264,1.52127765851133,0.0
a,Null,1595,1.4367622330384782,1.52127765851133,0.0
a,Null,1596,1.52127765851133,1.52127765851133,0.0
a,Null,1597,1.6057930839841814,1.52127765851133,0.0
a,Null,1598,1.6903085094570331,1.52127765851133,0.0
a,Null,1599,-1.6903085094570331,1.6057930839841814,0.0
a,Null,1600,-1.6057930839841814,1.6057930839841814,0.0
a,Null,1601,-1.52127765851133,1.6057930839841814,0.0
a,Null,1602,-1.4367622330384782,1.6057930839841814,0.0
a,Null,1603,-1.3522468075656264,1.6057930839841814,0.0
a,Null,1604,-1.267731382092775,1.6057930839841814,0.0
a,Null,1605,-1.1832159566199232,1.6057930839841814,0.0
a,Null,1606,-1.0987005311470714,1.6057930839841814,0.0
a,Null,1607,-1.01418510567422,1.6057930839841814,0.0
a,Null,1608,-0.9296696802013682,1.6057930839841814,0.0
a,Null,1609,-0.8451542547285166,1.6057930839841814,0.0
a,Null,1610,-0.760638829255665,1.6057930839841814,0.0
a,Null,1611,-0.6761234037828132,1.6057930839841814,0.0
a,Null,1612,-0.5916079783099616,1.6057930839841814,0.0
a,Null,1613,-0.50709255283711,1.6057930839841814,0.0
a,Null,1614,-0.4225771273642583,1.6057930839841814,0.0
a,Null,1615,-0.3380617018914066,1.6057930839841814,0.0
a,Null,1616,-0.253546276418555,1.6057930839841814,0.0
a,Null,1617,-0.1690308509457033,1.6057930839841814,0.0
a,Null,1618,-0.08451542547285165,1.6057930839841814,0.0
a,Null,1619,0.0,1.6057930839841814,0.0
a,Null,1620,0.08451542547285165,1.6057930839841814,0.0
a,Null,1621,0.1690308509457033,1.6057930839841814,0.0
a,Null,1622,0.253546276418555,1.6057930839841814,0.0
a,Null,1623,0.3380617018914066,1.6057930839841814,0.0
a,Null,1624,0.4225771273642583,1.6057930839841814,0.0
a,Null,1625,0.50709255283711,1.6057930839841814,0.0
a,Null,1626,0.5916079783099616,1.6057930839841814,0.0
a,Null,1627,0.6761234037828132,1.6057930839841814,0.0
a,Null,1628,0.760638829255665,1.6057930839841814,0.0
a,Null,1629,0.8451542547285166,1.6057930839841814,0.0
a,Null,1630,0.9296696802013682,1.6057930839841814,0.0
a,Null,1631,1.01418510567422,1.6057930839841814,0.0
a,Null,1632,1.0987005311470714,1.6057930839841814,0.0
a,Null,1633,1.1832159566199232,1.6057930839841814,0.0
a,Null,1634,1.267731382092775,1.6057930839841814,0.0
a,Null,1635,1.3522468075656264,1.6057930839841814,0.0
a,Null,1636,1.4367622330384782,1.6057930839841814,0.0
a,Null,1637,1.52127765851133,1.6057930839841814,0.0
a,Null,1638,1.6057930839841814,1.6057930839841814,0.0
a,Null,1639,1.6903085094570331,1.6057930839841814,0.0
a,Null,1640,-1.6903085094570331,1.6903085094570331,0.0
a,Null,1641,-1.6057930839841814,1.6903085094570331,0.0
a,Null,1642,-1.52127765851133,1.6903085094570331,0.0
a,Null,1643,-1.4367622330384782,1.6903085094570331,0.0
a,Null,1644,-1.3522468075656264,1.6903085094570331,0.0
a,Null,1645,-1.267731382092775,1.6903085094570331,0.0
a,Null,1646,-1.1832159566199232,1.6903085094570331,0.0
a,Null,1647,-1.0987005311470714,1.6903085094570331,0.0
a,Null,1648,-1.01418510567422,1.6903085094570331,0.0
a,Null,1649,-0.9296696802013682,1.6903085094570331,0.0
a,Null,1650,-0.8451542547285166,1.6903085094570331,0.0
a,Null,1651,-0.760638829255665,1.6903085094570331,0.0
a,Null,1652,-0.6761234037828132,1.6903085094570331,0.0
a,Null,1653,-0.5916079783099616,1.6903085094570331,0.0
a,Null,1654,-0.50709255283711,1.6903085094570331,0.0
a,Null,1655,-0.4225771273642583,1.6903085094570331,0.0
a,Null,1656,-0.3380617018914066,1.6903085094570331,0.0
a,Null,1657,-0.253546276418555,1.6903085094570331,0.0
a,Null,1658,-0.1690308509457033,1.6903085094570331,0.0
a,Null,1659,-0.08451542547285165,1.6903085094570331,0.0
a,Null,1660,0.0,1.6903085094570331,0.0
a,Null,1661,0.08451542547285165,1.6903085094570331,0.0
a,Null,1662,0.1690308509457033,1.6903085094570331,0.0
a,Null,1663,0.253546276418555,1.6903085094570331,0.0
a,Null,1664,0.3380617018914066,1.6903085094570331,0.0
a,Null,1665,0.4225771273642583,1.6903085094570331,0.0
a,Null,1666,0.50709255283711,1.6903085094570331,0.0
a,Null,1667,0.5916079783099616,1.6903085094570331,0.0
a,Null,1668,0.6761234037828132,1.6903085094570331,0.0
a,Null,1669,0.760638829255665,1.6903085094570331,0.0
a,Null,1670,0.8451542547285166,1.6903085094570331,0.0
a,Null,1671,0.9296696802013682,1.6903085094570331,0.0
a,Null,1672,1.01418510567422,1.6903085094570331,0.0
a,Null,1673,1.0987005311470714,1.6903085094570331,0.0
a,Null,1674,1.1832159566199232,1.6903085094570331,0.0
a,Null,1675,1.267731382092775,1.6903085094570331,0.0
a,Null,1676,1.3522468075656264,1.6903085094570331,0.0
a,Null,1677,1.4367622330384782,1.6903085094570331,0.0
a,Null,1678,1.52127765851133,1.6903085094570331,0.0
a,Null,1679,1.6057930839841814,1.6903085094570331,0.0
a,Null,1680,1.6903085094570331,1.6903085094570331,0.0
b,Sparse,0,-1.6903085094570331,-1.6903085094570331,-1.6903085094570331
b,Sparse,1,-1.6057930839841814,-1.6903085094570331,-1.6057930839841814
b,Sparse,2,-1.52127765851133,-1.6903085094570331,-1.52127765851133
b,Sparse,3,-1.4367622330384782,-1.6903085094570331,-1.4367622330384782
b,Sparse,4,-1.3522468075656264,-1.6903085094570331,-1.3522468075656264
b,Sparse,5,-1.267731382092775,-1.6903085094570331,-1.267731382092775
b,Sparse,6,-1.1832159566199232,-1.6903085094570331,-1.1832159566199232
b,Sparse,7,-1.0987005311470714,-1.6903085094570331,-1.0987005311470714
b,Sparse,8,-1.01418510567422,-1.6903085094570331,-1.01418510567422
b,Sparse,9,-0.9296696802013682,-1.6903085094570331,-0.9296696802013682
b,Sparse,10,-0.8451542547285166,-1.6903085094570331,-0.8451542547285166
b,Sparse,11,-0.760638829255665,-1.6903085094570331,-0.760638829255665
b,Sparse,12,-0.6761234037828132,-1.6903085094570331,-0.6761234037828132
b,Sparse,13,-0.5916079783099616,-1.6903085094570331,-0.5916079783099616
b,Sparse,14,-0.50709255283711,-1.6903085094570331,-0.50709255283711
b,Sparse,15,-0.4225771273642583,-1.6903085094570331,-0.4225771273642583
b,Sparse,16,-0.3380617018914066,-1.6903085094570331,-0.3380617018914066
b,Sparse,17,-0.253546276418555,-1.6903085094570331,-0.253546276418555
b,Sparse,18,-0.1690308509457033,-1.6903085094570331,-0.1690308509457033
b,Sparse,19,-0.08451542547285165,-1.6903085094570331,-0.08451542547285165
b,Sparse,20,0.0,-1.6903085094570331,4.2269050312914945e-18
b,Sparse,21,0.08451542547285165,-1.6903085094570331,0.08451542547285165
b,Sparse,22,0.1690308509457033,-1.6903085094570331,0.1690308509457033
b,Sparse,23,0.253546276418555,-1.6903085094570331,0.253546276418555
b,Sparse,24,0.3380617018914066,-1.6903085094570331,0.3380617018914066
b,Sparse,25,0.4225771273642583,-1.6903085094570331,0.4225771273642583
b,Sparse,26,0.50709255283711,-1.6903085094570331,0.50709255283711
b,Sparse,27,0.5916079783099616,-1.6903085094570331,0.5916079783099616
b,Sparse,28,0.6761234037828132,-1.6903085094570331,0.6761234037828132
b,Sparse,29,0.760638829255665,-1.6903085094570331,0.760638829255665
b,Sparse,30,0.8451542547285166,-1.6903085094570331,0.8451542547285166
b,Sparse,31,0.9296696802013682,-1.6903085094570331,0.9296696802013682
b,Sparse,32,1.01418510567422,-1.6903085094570331,1.01418510567422
b,Sparse,33,1.0987005311470714,-1.6903085094570331,1.0987005311470714
b,Sparse,34,1.1832159566199232,-1.6903085094570331,1.1832159566199232
b,Sparse,35,1.267731382092775,-1.6903085094570331,1.267731382092775
b,Sparse,36,1.3522468075656264,-1.6903085094570331,1.3522468075656264
b,Sparse,37,1.4367622330384782,-1.6903085094570331,1.4367622330384782
b,Sparse,38,1.52127765851133,-1.6903085094570331,1.52127765851133
b,Sparse,39,1.6057930839841814,-1.6903085094570331,1.6057930839841814
b,Sparse,40,1.6903085094570331,-1.6903085094570331,1.6903085094570331
b,Sparse,41,-1.6903085094570331,-1.6057930839841814,-1.6903085094570331
b,Sparse,42,-1.6057930839841814,-1.6057930839841814,-1.6057930839841814
b,Sparse,43,-1.52127765851133,-1.6057930839841814,-1.52127765851133
b,Sparse,44,-1.4367622330384782,-1.6057930839841814,-1.4367622330384782
b,Sparse,45,-1.3522468075656264,-1.6057930839841814,-1.3522468075656264
b,Sparse,46,-1.267731382092775,-1.6057930839841814,-1.267731382092775
b,Sparse,47,-1.1832159566199232,-1.6057930839841814,-1.1832159566199232
b,Sparse,48,-1.0987005311470714,-1.6057930839841814,-1.0987005311470714
b,Sparse,49,-1.01418510567422,-1.6057930839841814,-1.01418510567422
b,Sparse,50,-0.9296696802013682,-1.6057930839841814,-0.9296696802013682
b,Sparse,51,-0.8451542547285166,-1.6057930839841814,-0.8451542547285166
b,Sparse,52,-0.760638829255665,-1.6057930839841814,-0.760638829255665
b,Sparse,53,-0.6761234037828132,-1.6057930839841814,-0.6761234037828132
b,Sparse,54,-0.5916079783099616,-1.6057930839841814,-0.5916079783099616
b,Sparse,55,-0.50709255283711,-1.6057930839841814,-0.50709255283711
b,Sparse,56,-0.4225771273642583,-1.6057930839841814,-0.4225771273642583
b,Sparse,57,-0.3380617018914066,-1.6057930839841814,-0.3380617018914066
b,Sparse,58,-0.253546276418555,-1.6057930839841814,-0.253546276418555
b,Sparse,59,-0.1690308509457033,-1.6057930839841814,-0.1690308509457033
b,Sparse,60,-0.08451542547285165,-1.6057930839841814,-0.08451542547285165
b,Sparse,61,0.0,-1.6057930839841814,4.2269050312914945e-18
b,Sparse,62,0.08451542547285165,-1.6057930839841814,0.08451542547285165
b,Sparse,63,0.1690308509457033,-1.6057930839841814,0.1690308509457033
b,Sparse,64,0.253546276418555,-1.6057930839841814,0.253546276418555
b,Sparse,65,0.3380617018914066,-1.6057930839841814,0.3380617018914066
b,Sparse,66,0.4225771273642583,-1.6057930839841814,0.4225771273642583
b,Sparse,67,0.50709255283711,-1.6057930839841814,0.50709255283711
b,Sparse,68,0.5916079783099616,-1.6057930839841814,0.5916079783099616
b,Sparse,69,0.6761234037828132,-1.6057930839841814,0.6761234037828132
b,Sparse,70,0.760638829255665,-1.6057930839841814,0.760638829255665
b,Sparse,71,0.8451542547285166,-1.6057930839841814,0.8451542547285166
b,Sparse,72,0.9296696802013682,-1.6057930839841814,0.9296696802013682
b,Sparse,73,1.01418510567422,-1.6057930839841814,1.01418510567422
b,Sparse,74,1.0987005311470714,-1.6057930839841814,1.0987005311470714
b,Sparse,75,1.1832159566199232,-1.6057930839841814,1.1832159566199232
b,Sparse,76,1.267731382092775,-1.6057930839841814,1.267731382092775
b,Sparse,77,1.3522468075656264,-1.6057930839841814,1.3522468075656264
b,Sparse,78,1.4367622330384782,-1.6057930839841814,1.4367622330384782
b,Sparse,79,1.52127765851133,-1.6057930839841814,1.52127765851133
b,Sparse,80,1.6057930839841814,-1.6057930839841814,1.6057930839841814
b,Sparse,81,1.6903085094570331,-1.6057930839841814,1.6903085094570331
b,Sparse,82,-1.6903085094570331,-1.52127765851133,-1.6903085094570331
b,Sparse,83,-1.6057930839841814,-1.52127765851133,-1.6057930839841814
b,Sparse,84,-1.52127765851133,-1.52127765851133,-1.52127765851133
b,Sparse,85,-1.4367622330384782,-1.52127765851133,-1.4367622330384782
b,Sparse,86,-1.3522468075656264,-1.52127765851133,-1.3522468075656264
b,Sparse,87,-1.267731382092775,-1.52127765851133,-1.267731382092775
b,Sparse,88,-1.1832159566199232,-1.52127765851133,-1.1832159566199232
b,Sparse,89,-1.0987005311470714,-1.52127765851133,-1.0987005311470714
b,Sparse,90,-1.01418510567422,-1.52127765851133,-1.01418510567422
b,Sparse,91,-0.9296696802013682,-1.52127765851133,-0.9296696802013682
b,Sparse,92,-0.8451542547285166,-1.52127765851133,-0.8451542547285166
b,Sparse,93,-0.760638829255665,-1.52127765851133,-0.760638829255665
b,Sparse,94,-0.6761234037828132,-1.52127765851133,-0.6761234037828132
b,Sparse,95,-0.5916079783099616,-1.52127765851133,-0.5916079783099616
b,Sparse,96,-0.50709255283711,-1.52127765851133,-0.50709255283711
b,Sparse,97,-0.4225771273642583,-1.52127765851133,-0.4225771273642583
b,Sparse,98,-0.3380617018914066,-1.52127765851133,-0.3380617018914066
b,Sparse,99,-0.253546276418555,-1.52127765851133,-0.253546276418555
b,Sparse,100,-0.1690308509457033,-1.52127765851133,-0.1690308509457033
b,Sparse,101,-0.08451542547285165,-1.52127765851133,-0.08451542547285165
b,Sparse,102,0.0,-1.52127765851133,4.2269050312914945e-18
b,Sparse,103,0.08451542547285165,-1.52127765851133,0.08451542547285165
b,Sparse,104,0.1690308509457033,-1.52127765851133,0.1690308509457033
b,Sparse,105,0.253546276418555,-1.52127765851133,0.253546276418555
b,Sparse,106,0.3380617018914066,-1.52127765851133,0.3380617018914066
b,Sparse,107,0.4225771273642583,-1.52127765851133,0.4225771273642583
b,Sparse,108,0.50709255283711,-1.52127765851133,0.50709255283711
b,Sparse,109,0.5916079783099616,-1.52127765851133,0.5916079783099616
b,Sparse,110,0.6761234037828132,-1.52127765851133,0.6761234037828132
b,Sparse,111,0.760638829255665,-1.52127765851133,0.760638829255665
b,Sparse,112,0.8451542547285166,-1.52127765851133,0.8451542547285166
b,Sparse,113,0.9296696802013682,-1.52127765851133,0.9296696802013682
b,Sparse,114,1.01418510567422,-1.52127765851133,1.01418510567422
b,Sparse,115,1.0987005311470714,-1.52127765851133,1.0987005311470714
b,Sparse,116,1.1832159566199232,-1.52127765851133,1.1832159566199232
b,Sparse,117,1.267731382092775,-1.52127765851133,1.267731382092775
b,Sparse,118,1.3522468075656264,-1.52127765851133,1.3522468075656264
b,Sparse,119,1.4367622330384782,-1.52127765851133,1.4367622330384782
b,Sparse,120,1.52127765851133,-1.52127765851133,1.52127765851133
b,Sparse,121,1.6057930839841814,-1.52127765851133,1.6057930839841814
b,Sparse,122,1.6903085094570331,-1.52127765851133,1.6903085094570331
b,Sparse,123,-1.6903085094570331,-1.4367622330384782,-1.6903085094570331
b,Sparse,124,-1.6057930839841814,-1.4367622330384782,-1.6057930839841814
b,Sparse,125,-1.52127765851133,-1.4367622330384782,-1.52127765851133
b,Sparse,126,-1.4367622330384782,-1.4367622330384782,-1.4367622330384782
b,Sparse,127,-1.3522468075656264,-1.4367622330384782,-1.3522468075656264
b,Sparse,128,-1.267731382092775,-1.4367622330384782,-1.267731382092775
b,Sparse,129,-1.1832159566199232,-1.4367622330384782,-1.1832159566199232
b,Sparse,130,-1.0987005311470714,-1.4367622330384782,-1.0987005311470714
b,Sparse,131,-1.01418510567422,-1.4367622330384782,-1.01418510567422
b,Sparse,132,-0.9296696802013682,-1.4367622330384782,-0.9296696802013682
b,Sparse,133,-0.8451542547285166,-1.4367622330384782,-0.8451542547285166
b,Sparse,134,-0.760638829255665,-1.4367622330384782,-0.760638829255665
b,Sparse,135,-0.6761234037828132,-1.4367622330384782,-0.6761234037828132
b,Sparse,136,-0.5916079783099616,-1.4367622330384782,-0.5916079783099616
b,Sparse,137,-0.50709255283711,-1.4367622330384782,-0.50709255283711
b,Sparse,138,-0.4225771273642583,-1.4367622330384782,-0.4225771273642583
b,Sparse,139,-0.3380617018914066,-1.4367622330384782,-0.3380617018914066
b,Sparse,140,-0.253546276418555,-1.4367622330384782,-0.253546276418555
b,Sparse,141,-0.1690308509457033,-1.4367622330384782,-0.1690308509457033
b,Sparse,142,-0.08451542547285165,-1.4367622330384782,-0.08451542547285165
b,Sparse,143,0.0,-1.4367622330384782,4.2269050312914945e-18
b,Sparse,144,0.08451542547285165,-1.4367622330384782,0.08451542547285165
b,Sparse,145,0.1690308509457033,-1.4367622330384782,0.1690308509457033
b,Sparse,146,0.253546276418555,-1.4367622330384782,0.253546276418555
b,Sparse,147,0.3380617018914066,-1.4367622330384782,0.3380617018914066
b,Sparse,148,0.4225771273642583,-1.4367622330384782,0.4225771273642583
b,Sparse,149,0.50709255283711,-1.4367622330384782,0.50709255283711
b,Sparse,150,0.5916079783099616,-1.4367622330384782,0.5916079783099616
b,Sparse,151,0.6761234037828132,-1.4367622330384782,0.6761234037828132
b,Sparse,152,0.760638829255665,-1.4367622330384782,0.760638829255665
b,Sparse,153,0.8451542547285166,-1.4367622330384782,0.8451542547285166
b,Sparse,154,0.9296696802013682,-1.4367622330384782,0.9296696802013682
b,Sparse,155,1.01418510567422,-1.4367622330384782,1.01418510567422
b,Sparse,156,1.0987005311470714,-1.4367622330384782,1.0987005311470714
b,Sparse,157,1.1832159566199232,-1.4367622330384782,1.1832159566199232
b,Sparse,158,1.267731382092775,-1.4367622330384782,1.267731382092775
b,Sparse,159,1.3522468075656264,-1.4367622330384782,1.3522468075656264
b,Sparse,160,1.4367622330384782,-1.4367622330384782,1.4367622330384782
b,Sparse,161,1.52127765851133,-1.4367622330384782,1.52127765851133
b,Sparse,162,1.6057930839841814,-1.4367622330384782,1.6057930839841814
b,Sparse,163,1.6903085094570331,-1.4367622330384782,1.6903085094570331
b,Sparse,164,-1.6903085094570331,-1.3522468075656264,-1.6903085094570331
b,Sparse,165,-1.6057930839841814,-1.3522468075656264,-1.6057930839841814
b,Sparse,166,-1.52127765851133,-1.3522468075656264,-1.52127765851133
b,Sparse,167,-1.4367622330384782,-1.3522468075656264,-1.4367622330384782
b,Sparse,168,-1.3522468075656264,-1.3522468075656264,-1.3522468075656264
b,Sparse,169,-1.267731382092775,-1.3522468075656264,-1.267731382092775
b,Sparse,170,-1.1832159566199232,-1.3522468075656264,-1.1832159566199232
b,Sparse,171,-1.0987005311470714,-1.3522468075656264,-1.0987005311470714
b,Sparse,172,-1.01418510567422,-1.3522468075656264,-1.01418510567422
b,Sparse,173,-0.9296696802013682,-1.3522468075656264,-0.9296696802013682
b,Sparse,174,-0.8451542547285166,-1.3522468075656264,-0.8451542547285166
b,Sparse,175,-0.760638829255665,-1.3522468075656264,-0.760638829255665
b,Sparse,176,-0.6761234037828132,-1.3522468075656264,-0.6761234037828132
b,Sparse,177,-0.5916079783099616,-1.3522468075656264,-0.5916079783099616
b,Sparse,178,-0.50709255283711,-1.3522468075656264,-0.50709255283711
b,Sparse,179,-0.4225771273642583,-1.3522468075656264,-0.4225771273642583
b,Sparse,180,-0.3380617018914066,-1.3522468075656264,-0.3380617018914066
b,Sparse,181,-0.253546276418555,-1.3522468075656264,-0.253546276418555
b,Sparse,182,-0.1690308509457033,-1.3522468075656264,-0.1690308509457033
b,Sparse,183,-0.08451542547285165,-1.3522468075656264,-0.08451542547285165
b,Sparse,184,0.0,-1.3522468075656264,4.2269050312914945e-18
b,Sparse,185,0.08451542547285165,-1.3522468075656264,0.08451542547285165
b,Sparse,186,0.1690308509457033,-1.3522468075656264,0.1690308509457033
b,Sparse,187,0.253546276418555,-1.3522468075656264,0.253546276418555
b,Sparse,188,0.3380617018914066,-1.3522468075656264,0.3380617018914066
b,Sparse,189,0.4225771273642583,-1.3522468075656264,0.4225771273642583
b,Sparse,190,0.50709255283711,-1.3522468075656264,0.50709255283711
b,Sparse,191,0.5916079783099616,-1.3522468075656264,0.5916079783099616
b,Sparse,192,0.6761234037828132,-1.3522468075656264,0.6761234037828132
b,Sparse,193,0.760638829255665,-1.3522468075656264,0.760638829255665
b,Sparse,194,0.8451542547285166,-1.3522468075656264,0.8451542547285166
b,Sparse,195,0.9296696802013682,-1.3522468075656264,0.9296696802013682
b,Sparse,196,1.01418510567422,-1.3522468075656264,1.01418510567422
b,Sparse,197,1.0987005311470714,-1.3522468075656264,1.0987005311470714
b,Sparse,198,1.1832159566199232,-1.3522468075656264,1.1832159566199232
b,Sparse,199,1.267731382092775,-1.3522468075656264,1.267731382092775
b,Sparse,200,1.3522468075656264,-1.3522468075656264,1.3522468075656264
b,Sparse,201,1.4367622330384782,-1.3522468075656264,1.4367622330384782
b,Sparse,202,1.52127765851133,-1.3522468075656264,1.52127765851133
b,Sparse,203,1.6057930839841814,-1.3522468075656264,1.6057930839841814
b,Sparse,204,1.6903085094570331,-1.3522468075656264,1.6903085094570331
b,Sparse,205,-1.6903085094570331,-1.267731382092775,-1.6903085094570331
b,Sparse,206,-1.6057930839841814,-1.267731382092775,-1.6057930839841814
b,Sparse,207,-1.52127765851133,-1.267731382092775,-1.52127765851133
b,Sparse,208,-1.4367622330384782,-1.267731382092775,-1.4367622330384782
b,Sparse,209,-1.3522468075656264,-1.267731382092775,-1.3522468075656264
b,Sparse,210,-1.267731382092775,-1.267731382092775,-1.267731382092775
b,Sparse,211,-1.1832159566199232,-1.267731382092775,-1.1832159566199232
b,Sparse,212,-1.0987005311470714,-1.267731382092775,-1.0987005311470714
b,Sparse,213,-1.01418510567422,-1.267731382092775,-1.01418510567422
b,Sparse,214,-0.9296696802013682,-1.267731382092775,-0.9296696802013682
b,Sparse,215,-0.8451542547285166,-1.267731382092775,-0.8451542547285166
b,Sparse,216,-0.760638829255665,-1.267731382092775,-0.760638829255665
b,Sparse,217,-0.6761234037828132,-1.267731382092775,-0.6761234037828132
b,Sparse,218,-0.5916079783099616,-1.267731382092775,-0.5916079783099616
b,Sparse,219,-0.50709255283711,-1.267731382092775,-0.50709255283711
b,Sparse,220,-0.4225771273642583,-1.267731382092775,-0.4225771273642583
b,Sparse,221,-0.3380617018914066,-1.267731382092775,-0.3380617018914066
b,Sparse,222,-0.253546276418555,-1.267731382092775,-0.253546276418555
b,Sparse,223,-0.1690308509457033,-1.267731382092775,-0.1690308509457033
b,Sparse,224,-0.08451542547285165,-1.267731382092775,-0.08451542547285165
b,Sparse,225,0.0,-1.267731382092775,4.2269050312914945e-18
b,Sparse,226,0.08451542547285165,-1.267731382092775,0.08451542547285165
b,Sparse,227,0.1690308509457033,-1.267731382092775,0.1690308509457033
b,Sparse,228,0.253546276418555,-1.267731382092775,0.253546276418555
b,Sparse,229,0.3380617018914066,-1.267731382092775,0.3380617018914066
b,Sparse,230,0.4225771273642583,-1.267731382092775,0.4225771273642583
b,Sparse,231,0.50709255283711,-1.267731382092775,0.50709255283711
b,Sparse,232,0.5916079783099616,-1.267731382092775,0.5916079783099616
b,Sparse,233,0.6761234037828132,-1.267731382092775,0.6761234037828132
b,Sparse,234,0.760638829255665,-1.267731382092775,0.760638829255665
b,Sparse,235,0.8451542547285166,-1.267731382092775,0.8451542547285166
b,Sparse,236,0.9296696802013682,-1.267731382092775,0.9296696802013682
b,Sparse,237,1.01418510567422,-1.267731382092775,1.01418510567422
b,Sparse,238,1.0987005311470714,-1.267731382092775,1.0987005311470714
b,Sparse,239,1.1832159566199232,-1.267731382092775,1.1832159566199232
b,Sparse,240,1.267731382092775,-1.267731382092775,1.267731382092775
b,Sparse,241,1.3522468075656264,-1.267731382092775,1.3522468075656264
b,Sparse,242,1.4367622330384782,-1.267731382092775,1.4367622330384782
b,Sparse,243,1.52127765851133,-1.267731382092775,1.52127765851133
b,Sparse,244,1.6057930839841814,-1.267731382092775,1.6057930839841814
b,Sparse,245,1.6903085094570331,-1.267731382092775,1.6903085094570331
b,Sparse,246,-1.6903085094570331,-1.1832159566199232,-1.6903085094570331
b,Sparse,247,-1.6057930839841814,-1.1832159566199232,-1.6057930839841814
b,Sparse,248,-1.52127765851133,-1.1832159566199232,-1.52127765851133
b,Sparse,249,-1.4367622330384782,-1.1832159566199232,-1.4367622330384782
b,Sparse,250,-1.3522468075656264,-1.1832159566199232,-1.3522468075656264
b,Sparse,251,-1.267731382092775,-1.1832159566199232,-1.267731382092775
b,Sparse,252,-1.1832159566199232,-1.1832159566199232,-1.1832159566199232
b,Sparse,253,-1.0987005311470714,-1.1832159566199232,-1.0987005311470714
b,Sparse,254,-1.01418510567422,-1.1832159566199232,-1.01418510567422
b,Sparse,255,-0.9296696802013682,-1.1832159566199232,-0.9296696802013682
b,Sparse,256,-0.8451542547285166,-1.1832159566199232,-0.8451542547285166
b,Sparse,257,-0.760638829255665,-1.1832159566199232,-0.760638829255665
b,Sparse,258,-0.6761234037828132,-1.1832159566199232,-0.6761234037828132
b,Sparse,259,-0.5916079783099616,-1.1832159566199232,-0.5916079783099616
b,Sparse,260,-0.50709255283711,-1.1832159566199232,-0.50709255283711
b,Sparse,261,-0.4225771273642583,-1.1832159566199232,-0.4225771273642583
b,Sparse,262,-0.3380617018914066,-1.1832159566199232,-0.3380617018914066
b,Sparse,263,-0.253546276418555,-1.1832159566199232,-0.253546276418555
b,Sparse,264,-0.1690308509457033,-1.1832159566199232,-0.1690308509457033
b,Sparse,265,-0.08451542547285165,-1.1832159566199232,-0.08451542547285165
b,Sparse,266,0.0,-1.1832159566199232,4.2269050312914945e-18
b,Sparse,267,0.08451542547285165,-1.1832159566199232,0.08451542547285165
b,Sparse,268,0.1690308509457033,-1.1832159566199232,0.1690308509457033
b,Sparse,269,0.253546276418555,-1.1832159566199232,0.253546276418555
b,Sparse,270,0.3380617018914066,-1.1832159566199232,0.3380617018914066
b,Sparse,271,0.4225771273642583,-1.1832159566199232,0.4225771273642583
b,Sparse,272,0.50709255283711,-1.1832159566199232,0.50709255283711
b,Sparse,273,0.5916079783099616,-1.1832159566199232,0.5916079783099616
b,Sparse,274,0.6761234037828132,-1.1832159566199232,0.6761234037828132
b,Sparse,275,0.760638829255665,-1.1832159566199232,0.760638829255665
b,Sparse,276,0.8451542547285166,-1.1832159566199232,0.8451542547285166
b,Sparse,277,0.9296696802013682,-1.1832159566199232,0.9296696802013682
b,Sparse,278,1.01418510567422,-1.1832159566199232,1.01418510567422
b,Sparse,279,1.0987005311470714,-1.1832159566199232,1.0987005311470714
b,Sparse,280,1.1832159566199232,-1.1832159566199232,1.1832159566199232
b,Sparse,281,1.267731382092775,-1.1832159566199232,1.267731382092775
b,Sparse,282,1.3522468075656264,-1.1832159566199232,1.3522468075656264
b,Sparse,283,1.4367622330384782,-1.1832159566199232,1.4367622330384782
b,Sparse,284,1.52127765851133,-1.1832159566199232,1.52127765851133
b,Sparse,285,1.6057930839841814,-1.1832159566199232,1.6057930839841814
b,Sparse,286,1.6903085094570331,-1.1832159566199232,1.6903085094570331
b,Sparse,287,-1.6903085094570331,-1.0987005311470714,-1.6903085094570331
b,Sparse,288,-1.6057930839841814,-1.0987005311470714,-1.6057930839841814
b,Sparse,289,-1.52127765851133,-1.0987005311470714,-1.52127765851133
b,Sparse,290,-1.4367622330384782,-1.0987005311470714,-1.4367622330384782
b,Sparse,291,-1.3522468075656264,-1.0987005311470714,-1.3522468075656264
b,Sparse,292,-1.267731382092775,-1.0987005311470714,-1.267731382092775
b,Sparse,293,-1.1832159566199232,-1.0987005311470714,-1.1832159566199232
b,Sparse,294,-1.0987005311470714,-1.0987005311470714,-1.0987005311470714
b,Sparse,295,-1.01418510567422,-1.0987005311470714,-1.01418510567422
b,Sparse,296,-0.9296696802013682,-1.0987005311470714,-0.9296696802013682
b,Sparse,297,-0.8451542547285166,-1.0987005311470714,-0.8451542547285166
b,Sparse,298,-0.760638829255665,-1.0987005311470714,-0.760638829255665
b,Sparse,299,-0.6761234037828132,-1.0987005311470714,-0.6761234037828132
b,Sparse,300,-0.5916079783099616,-1.0987005311470714,-0.5916079783099616
b,Sparse,301,-0.50709255283711,-1.0987005311470714,-0.50709255283711
b,Sparse,302,-0.4225771273642583,-1.0987005311470714,-0.4225771273642583
b,Sparse,303,-0.3380617018914066,-1.0987005311470714,-0.3380617018914066
b,Sparse,304,-0.253546276418555,-1.0987005311470714,-0.253546276418555
b,Sparse,305,-0.1690308509457033,-1.0987005311470714,-0.1690308509457033
b,Sparse,306,-0.08451542547285165,-1.0987005311470714,-0.08451542547285165
b,Sparse,307,0.0,-1.0987005311470714,4.2269050312914945e-18
b,Sparse,308,0.08451542547285165,-1.0987005311470714,0.08451542547285165
b,Sparse,309,0.1690308509457033,-1.0987005311470714,0.1690308509457033
b,Sparse,310,0.253546276418555,-1.0987005311470714,0.253546276418555
b,Sparse,311,0.3380617018914066,-1.0987005311470714,0.3380617018914066
b,Sparse,312,0.4225771273642583,-1.0987005311470714,0.4225771273642583
b,Sparse,313,0.50709255283711,-1.0987005311470714,0.50709255283711
b,Sparse,314,0.5916079783099616,-1.0987005311470714,0.5916079783099616
b,Sparse,315,0.6761234037828132,-1.0987005311470714,0.6761234037828132
b,Sparse,316,0.760638829255665,-1.0987005311470714,0.760638829255665
b,Sparse,317,0.8451542547285166,-1.0987005311470714,0.8451542547285166
b,Sparse,318,0.9296696802013682,-1.0987005311470714,0.9296696802013682
b,Sparse,319,1.01418510567422,-1.0987005311470714,1.01418510567422
b,Sparse,320,1.0987005311470714,-1.0987005311470714,1.0987005311470714
b,Sparse,321,1.1832159566199232,-1.0987005311470714,1.1832159566199232
b,Sparse,322,1.267731382092775,-1.0987005311470714,1.267731382092775
b,Sparse,323,1.3522468075656264,-1.0987005311470714,1.3522468075656264
b,Sparse,324,1.4367622330384782,-1.0987005311470714,1.4367622330384782
b,Sparse,325,1.52127765851133,-1.0987005311470714,1.52127765851133
b,Sparse,326,1.6057930839841814,-1.0987005311470714,1.6057930839841814
b,Sparse,327,1.6903085094570331,-1.0987005311470714,1.6903085094570331
b,Sparse,328,-1.6903085094570331,-1.01418510567422,-1.6903085094570331
b,Sparse,329,-1.6057930839841814,-1.01418510567422,-1.6057930839841814
b,Sparse,330,-1.52127765851133,-1.01418510567422,-1.52127765851133
b,Sparse,331,-1.4367622330384782,-1.01418510567422,-1.4367622330384782
b,Sparse,332,-1.3522468075656264,-1.01418510567422,-1.3522468075656264
b,Sparse,333,-1.267731382092775,-1.01418510567422,-1.267731382092775
b,Sparse,334,-1.1832159566199232,-1.01418510567422,-1.1832159566199232
b,Sparse,335,-1.0987005311470714,-1.01418510567422,-1.0987005311470714
b,Sparse,336,-1.01418510567422,-1.01418510567422,-1.01418510567422
b,Sparse,337,-0.9296696802013682,-1.01418510567422,-0.9296696802013682
b,Sparse,338,-0.8451542547285166,-1.01418510567422,-0.8451542547285166
b,Sparse,339,-0.760638829255665,-1.01418510567422,-0.760638829255665
b,Sparse,340,-0.6761234037828132,-1.01418510567422,-0.6761234037828132
b,Sparse,341,-0.5916079783099616,-1.01418510567422,-0.5916079783099616
b,Sparse,342,-0.50709255283711,-1.01418510567422,-0.50709255283711
b,Sparse,343,-0.4225771273642583,-1.01418510567422,-0.4225771273642583
b,Sparse,344,-0.3380617018914066,-1.01418510567422,-0.3380617018914066
b,Sparse,345,-0.253546276418555,-1.01418510567422,-0.253546276418555
b,Sparse,346,-0.1690308509457033,-1.01418510567422,-0.1690308509457033
b,Sparse,347,-0.08451542547285165,-1.01418510567422,-0.08451542547285165
b,Sparse,348,0.0,-1.01418510567422,4.2269050312914945e-18
b,Sparse,349,0.08451542547285165,-1.01418510567422,0.08451542547285165
b,Sparse,350,0.1690308509457033,-1.01418510567422,0.1690308509457033
b,Sparse,351,0.253546276418555,-1.01418510567422,0.253546276418555
b,Sparse,352,0.3380617018914066,-1.01418510567422,0.3380617018914066
b,Sparse,353,0.4225771273642583,-1.01418510567422,0.4225771273642583
b,Sparse,354,0.50709255283711,-1.01418510567422,0.50709255283711
b,Sparse,355,0.5916079783099616,-1.01418510567422,0.5916079783099616
b,Sparse,356,0.6761234037828132,-1.01418510567422,0.6761234037828132
b,Sparse,357,0.760638829255665,-1.01418510567422,0.760638829255665
b,Sparse,358,0.8451542547285166,-1.01418510567422,0.8451542547285166
b,Sparse,359,0.9296696802013682,-1.01418510567422,0.9296696802013682
b,Sparse,360,1.01418510567422,-1.01418510567422,1.01418510567422
b,Sparse,361,1.0987005311470714,-1.01418510567422,1.0987005311470714
b,Sparse,362,1.1832159566199232,-1.01418510567422,1.1832159566199232
b,Sparse,363,1.267731382092775,-1.01418510567422,1.267731382092775
b,Sparse,364,1.3522468075656264,-1.01418510567422,1.3522468075656264
b,Sparse,365,1.4367622330384782,-1.01418510567422,1.4367622330384782
b,Sparse,366,1.52127765851133,-1.01418510567422,1.52127765851133
b,Sparse,367,1.6057930839841814,-1.01418510567422,1.6057930839841814
b,Sparse,368,1.6903085094570331,-1.01418510567422,1.6903085094570331
b,Sparse,369,-1.6903085094570331,-0.9296696802013682,-1.6903085094570331
b,Sparse,370,-1.6057930839841814,-0.9296696802013682,-1.6057930839841814
b,Sparse,371,-1.52127765851133,-0.9296696802013682,-1.52127765851133
b,Sparse,372,-1.4367622330384782,-0.9296696802013682,-1.4367622330384782
b,Sparse,373,-1.3522468075656264,-0.9296696802013682,-1.3522468075656264
b,Sparse,374,-1.267731382092775,-0.9296696802013682,-1.267731382092775
b,Sparse,375,-1.1832159566199232,-0.9296696802013682,-1.1832159566199232
b,Sparse,376,-1.0987005311470714,-0.9296696802013682,-1.0987005311470714
b,Sparse,377,-1.01418510567422,-0.9296696802013682,-1.01418510567422
b,Sparse,378,-0.9296696802013682,-0.9296696802013682,-0.9296696802013682
b,Sparse,379,-0.8451542547285166,-0.9296696802013682,-0.8451542547285166
b,Sparse,380,-0.760638829255665,-0.9296696802013682,-0.760638829255665
b,Sparse,381,-0.6761234037828132,-0.9296696802013682,-0.6761234037828132
b,Sparse,382,-0.5916079783099616,-0.9296696802013682,-0.5916079783099616
b,Sparse,383,-0.50709255283711,-0.9296696802013682,-0.50709255283711
b,Sparse,384,-0.4225771273642583,-0.9296696802013682,-0.4225771273642583
b,Sparse,385,-0.3380617018914066,-0.9296696802013682,-0.3380617018914066
b,Sparse,386,-0.253546276418555,-0.9296696802013682,-0.253546276418555
b,Sparse,387,-0.1690308509457033,-0.9296696802013682,-0.1690308509457033
b,Sparse,388,-0.08451542547285165,-0.9296696802013682,-0.08451542547285165
b,Sparse,389,0.0,-0.9296696802013682,4.2269050312914945e-18
b,Sparse,390,0.08451542547285165,-0.9296696802013682,0.08451542547285165
b,Sparse,391,0.1690308509457033,-0.9296696802013682,0.1690308509457033
b,Sparse,392,0.253546276418555,-0.9296696802013682,0.253546276418555
b,Sparse,393,0.3380617018914066,-0.9296696802013682,0.3380617018914066
b,Sparse,394,0.4225771273642583,-0.9296696802013682,0.4225771273642583
b,Sparse,395,0.50709255283711,-0.9296696802013682,0.50709255283711
b,Sparse,396,0.5916079783099616,-0.9296696802013682,0.5916079783099616
b,Sparse,397,0.6761234037828132,-0.9296696802013682,0.6761234037828132
b,Sparse,398,0.760638829255665,-0.9296696802013682,0.760638829255665
b,Sparse,399,0.8451542547285166,-0.9296696802013682,0.8451542547285166
b,Sparse,400,0.9296696802013682,-0.9296696802013682,0.9296696802013682
b,Sparse,401,1.01418510567422,-0.9296696802013682,1.01418510567422
b,Sparse,402,1.0987005311470714,-0.9296696802013682,1.0987005311470714
b,Sparse,403,1.1832159566199232,-0.9296696802013682,1.1832159566199232
b,Sparse,404,1.267731382092775,-0.9296696802013682,1.267731382092775
b,Sparse,405,1.3522468075656264,-0.9296696802013682,1.3522468075656264
b,Sparse,406,1.4367622330384782,-0.9296696802013682,1.4367622330384782
b,Sparse,407,1.52127765851133,-0.9296696802013682,1.52127765851133
b,Sparse,408,1.6057930839841814,-0.9296696802013682,1.6057930839841814
b,Sparse,409,1.6903085094570331,-0.9296696802013682,1.6903085094570331
b,Sparse,410,-1.6903085094570331,-0.8451542547285166,-1.6903085094570331
b,Sparse,411,-1.6057930839841814,-0.8451542547285166,-1.6057930839841814
b,Sparse,412,-1.52127765851133,-0.8451542547285166,-1.52127765851133
b,Sparse,413,-1.4367622330384782,-0.8451542547285166,-1.4367622330384782
b,Sparse,414,-1.3522468075656264,-0.8451542547285166,-1.3522468075656264
b,Sparse,415,-1.267731382092775,-0.8451542547285166,-1.267731382092775
b,Sparse,416,-1.1832159566199232,-0.8451542547285166,-1.1832159566199232
b,Sparse,417,-1.0987005311470714,-0.8451542547285166,-1.0987005311470714
b,Sparse,418,-1.01418510567422,-0.8451542547285166,-1.01418510567422
b,Sparse,419,-0.9296696802013682,-0.8451542547285166,-0.9296696802013682
b,Sparse,420,-0.8451542547285166,-0.8451542547285166,-0.8451542547285166
b,Sparse,421,-0.760638829255665,-0.8451542547285166,-0.760638829255665
b,Sparse,422,-0.6761234037828132,-0.8451542547285166,-0.6761234037828132
b,Sparse,423,-0.5916079783099616,-0.8451542547285166,-0.5916079783099616
b,Sparse,424,-0.50709255283711,-0.8451542547285166,-0.50709255283711
b,Sparse,425,-0.4225771273642583,-0.8451542547285166,-0.4225771273642583
b,Sparse,426,-0.3380617018914066,-0.8451542547285166,-0.3380617018914066
b,Sparse,427,-0.253546276418555,-0.8451542547285166,-0.253546276418555
b,Sparse,428,-0.1690308509457033,-0.8451542547285166,-0.1690308509457033
b,Sparse,429,-0.08451542547285165,-0.8451542547285166,-0.08451542547285165
b,Sparse,430,0.0,-0.8451542547285166,4.2269050312914945e-18
b,Sparse,431,0.08451542547285165,-0.8451542547285166,0.08451542547285165
b,Sparse,432,0.1690308509457033,-0.8451542547285166,0.1690308509457033
b,Sparse,433,0.253546276418555,-0.8451542547285166,0.253546276418555
b,Sparse,434,0.3380617018914066,-0.8451542547285166,0.3380617018914066
b,Sparse,435,0.4225771273642583,-0.8451542547285166,0.4225771273642583
b,Sparse,436,0.50709255283711,-0.8451542547285166,0.50709255283711
b,Sparse,437,0.5916079783099616,-0.8451542547285166,0.5916079783099616
b,Sparse,438,0.6761234037828132,-0.8451542547285166,0.6761234037828132
b,Sparse,439,0.760638829255665,-0.8451542547285166,0.760638829255665
b,Sparse,440,0.8451542547285166,-0.8451542547285166,0.8451542547285166
b,Sparse,441,0.9296696802013682,-0.8451542547285166,0.9296696802013682
b,Sparse,442,1.01418510567422,-0.8451542547285166,1.01418510567422
b,Sparse,443,1.0987005311470714,-0.8451542547285166,1.0987005311470714
b,Sparse,444,1.1832159566199232,-0.8451542547285166,1.1832159566199232
b,Sparse,445,1.267731382092775,-0.8451542547285166,1.267731382092775
b,Sparse,446,1.3522468075656264,-0.8451542547285166,1.3522468075656264
b,Sparse,447,1.4367622330384782,-0.8451542547285166,1.4367622330384782
b,Sparse,448,1.52127765851133,-0.8451542547285166,1.52127765851133
b,Sparse,449,1.6057930839841814,-0.8451542547285166,1.6057930839841814
b,Sparse,450,1.6903085094570331,-0.8451542547285166,1.6903085094570331
b,Sparse,451,-1.6903085094570331,-0.760638829255665,-1.6903085094570331
b,Sparse,452,-1.6057930839841814,-0.760638829255665,-1.6057930839841814
b,Sparse,453,-1.52127765851133,-0.760638829255665,-1.52127765851133
b,Sparse,454,-1.4367622330384782,-0.760638829255665,-1.4367622330384782
b,Sparse,455,-1.3522468075656264,-0.760638829255665,-1.3522468075656264
b,Sparse,456,-1.267731382092775,-0.760638829255665,-1.267731382092775
b,Sparse,457,-1.1832159566199232,-0.760638829255665,-1.1832159566199232
b,Sparse,458,-1.0987005311470714,-0.760638829255665,-1.0987005311470714
b,Sparse,459,-1.01418510567422,-0.760638829255665,-1.01418510567422
b,Sparse,460,-0.9296696802013682,-0.760638829255665,-0.9296696802013682
b,Sparse,461,-0.8451542547285166,-0.760638829255665,-0.8451542547285166
b,Sparse,462,-0.760638829255665,-0.760638829255665,-0.760638829255665
b,Sparse,463,-0.6761234037828132,-0.760638829255665,-0.6761234037828132
b,Sparse,464,-0.5916079783099616,-0.760638829255665,-0.5916079783099616
b,Sparse,465,-0.50709255283711,-0.760638829255665,-0.50709255283711
b,Sparse,466,-0.4225771273642583,-0.760638829255665,-0.4225771273642583
b,Sparse,467,-0.3380617018914066,-0.760638829255665,-0.3380617018914066
b,Sparse,468,-0.253546276418555,-0.760638829255665,-0.253546276418555
b,Sparse,469,-0.1690308509457033,-0.760638829255665,-0.1690308509457033
b,Sparse,470,-0.08451542547285165,-0.760638829255665,-0.08451542547285165
b,Sparse,471,0.0,-0.760638829255665,4.2269050312914945e-18
b,Sparse,472,0.08451542547285165,-0.760638829255665,0.08451542547285165
b,Sparse,473,0.1690308509457033,-0.760638829255665,0.1690308509457033
b,Sparse,474,0.253546276418555,-0.760638829255665,0.253546276418555
b,Sparse,475,0.3380617018914066,-0.760638829255665,0.3380617018914066
b,Sparse,476,0.4225771273642583,-0.760638829255665,0.4225771273642583
b,Sparse,477,0.50709255283711,-0.760638829255665,0.50709255283711
b,Sparse,478,0.5916079783099616,-0.760638829255665,0.5916079783099616
b,Sparse,479,0.6761234037828132,-0.760638829255665,0.6761234037828132
b,Sparse,480,0.760638829255665,-0.760638829255665,0.760638829255665
b,Sparse,481,0.8451542547285166,-0.760638829255665,0.8451542547285166
b,Sparse,482,0.9296696802013682,-0.760638829255665,0.9296696802013682
b,Sparse,483,1.01418510567422,-0.760638829255665,1.01418510567422
b,Sparse,484,1.0987005311470714,-0.760638829255665,1.0987005311470714
b,Sparse,485,1.1832159566199232,-0.760638829255665,1.1832159566199232
b,Sparse,486,1.267731382092775,-0.760638829255665,1.267731382092775
b,Sparse,487,1.3522468075656264,-0.760638829255665,1.3522468075656264
b,Sparse,488,1.4367622330384782,-0.760638829255665,1.4367622330384782
b,Sparse,489,1.52127765851133,-0.760638829255665,1.52127765851133
b,Sparse,490,1.6057930839841814,-0.760638829255665,1.6057930839841814
b,Sparse,491,1.6903085094570331,-0.760638829255665,1.6903085094570331
b,Sparse,492,-1.6903085094570331,-0.6761234037828132,-1.6903085094570331
b,Sparse,493,-1.6057930839841814,-0.6761234037828132,-1.6057930839841814
b,Sparse,494,-1.52127765851133,-0.6761234037828132,-1.52127765851133
b,Sparse,495,-1.4367622330384782,-0.6761234037828132,-1.4367622330384782
b,Sparse,496,-1.3522468075656264,-0.6761234037828132,-1.3522468075656264
b,Sparse,497,-1.267731382092775,-0.6761234037828132,-1.267731382092775
b,Sparse,498,-1.1832159566199232,-0.6761234037828132,-1.1832159566199232
b,Sparse,499,-1.0987005311470714,-0.6761234037828132,-1.0987005311470714
b,Sparse,500,-1.01418510567422,-0.6761234037828132,-1.01418510567422
b,Sparse,501,-0.9296696802013682,-0.6761234037828132,-0.9296696802013682
b,Sparse,502,-0.8451542547285166,-0.6761234037828132,-0.8451542547285166
b,Sparse,503,-0.760638829255665,-0.6761234037828132,-0.760638829255665
b,Sparse,504,-0.6761234037828132,-0.6761234037828132,-0.6761234037828132
b,Sparse,505,-0.5916079783099616,-0.6761234037828132,-0.5916079783099616
b,Sparse,506,-0.50709255283711,-0.6761234037828132,-0.50709255283711
b,Sparse,507,-0.4225771273642583,-0.6761234037828132,-0.4225771273642583
b,Sparse,508,-0.3380617018914066,-0.6761234037828132,-0.3380617018914066
b,Sparse,509,-0.253546276418555,-0.6761234037828132,-0.253546276418555
b,Sparse,510,-0.1690308509457033,-0.6761234037828132,-0.1690308509457033
b,Sparse,511,-0.08451542547285165,-0.6761234037828132,-0.08451542547285165
b,Sparse,512,0.0,-0.6761234037828132,4.2269050312914945e-18
b,Sparse,513,0.08451542547285165,-0.6761234037828132,0.08451542547285165
b,Sparse,514,0.1690308509457033,-0.6761234037828132,0.1690308509457033
b,Sparse,515,0.253546276418555,-0.6761234037828132,0.253546276418555
b,Sparse,516,0.3380617018914066,-0.6761234037828132,0.3380617018914066
b,Sparse,517,0.4225771273642583,-0.6761234037828132,0.4225771273642583
b,Sparse,518,0.50709255283711,-0.6761234037828132,0.50709255283711
b,Sparse,519,0.5916079783099616,-0.6761234037828132,0.5916079783099616
b,Sparse,520,0.6761234037828132,-0.6761234037828132,0.6761234037828132
b,Sparse,521,0.760638829255665,-0.6761234037828132,0.760638829255665
b,Sparse,522,0.8451542547285166,-0.6761234037828132,0.8451542547285166
b,Sparse,523,0.9296696802013682,-0.6761234037828132,0.9296696802013682
b,Sparse,524,1.01418510567422,-0.6761234037828132,1.01418510567422
b,Sparse,525,1.0987005311470714,-0.6761234037828132,1.0987005311470714
b,Sparse,526,1.1832159566199232,-0.6761234037828132,1.1832159566199232
b,Sparse,527,1.267731382092775,-0.6761234037828132,1.267731382092775
b,Sparse,528,1.3522468075656264,-0.6761234037828132,1.3522468075656264
b,Sparse,529,1.4367622330384782,-0.6761234037828132,1.4367622330384782
b,Sparse,530,1.52127765851133,-0.6761234037828132,1.52127765851133
b,Sparse,531,1.6057930839841814,-0.6761234037828132,1.6057930839841814
b,Sparse,532,1.6903085094570331,-0.6761234037828132,1.6903085094570331
b,Sparse,533,-1.6903085094570331,-0.5916079783099616,-1.6903085094570331
b,Sparse,534,-1.6057930839841814,-0.5916079783099616,-1.6057930839841814
b,Sparse,535,-1.52127765851133,-0.5916079783099616,-1.52127765851133
b,Sparse,536,-1.4367622330384782,-0.5916079783099616,-1.4367622330384782
b,Sparse,537,-1.3522468075656264,-0.5916079783099616,-1.3522468075656264
b,Sparse,538,-1.267731382092775,-0.5916079783099616,-1.267731382092775
b,Sparse,539,-1.1832159566199232,-0.5916079783099616,-1.1832159566199232
b,Sparse,540,-1.0987005311470714,-0.5916079783099616,-1.0987005311470714
b,Sparse,541,-1.01418510567422,-0.5916079783099616,-1.01418510567422
b,Sparse,542,-0.9296696802013682,-0.5916079783099616,-0.9296696802013682
b,Sparse,543,-0.8451542547285166,-0.5916079783099616,-0.8451542547285166
b,Sparse,544,-0.760638829255665,-0.5916079783099616,-0.760638829255665
b,Sparse,545,-0.6761234037828132,-0.5916079783099616,-0.6761234037828132
b,Sparse,546,-0.5916079783099616,-0.5916079783099616,-0.5916079783099616
b,Sparse,547,-0.50709255283711,-0.5916079783099616,-0.50709255283711
b,Sparse,548,-0.4225771273642583,-0.5916079783099616,-0.4225771273642583
b,Sparse,549,-0.3380617018914066,-0.5916079783099616,-0.3380617018914066
b,Sparse,550,-0.253546276418555,-0.5916079783099616,-0.253546276418555
b,Sparse,551,-0.1690308509457033,-0.5916079783099616,-0.1690308509457033
b,Sparse,552,-0.08451542547285165,-0.5916079783099616,-0.08451542547285165
b,Sparse,553,0.0,-0.5916079783099616,4.2269050312914945e-18
b,Sparse,554,0.08451542547285165,-0.5916079783099616,0.08451542547285165
b,Sparse,555,0.1690308509457033,-0.5916079783099616,0.1690308509457033
b,Sparse,556,0.253546276418555,-0.5916079783099616,0.253546276418555
b,Sparse,557,0.3380617018914066,-0.5916079783099616,0.3380617018914066
b,Sparse,558,0.4225771273642583,-0.5916079783099616,0.4225771273642583
b,Sparse,559,0.50709255283711,-0.5916079783099616,0.50709255283711
b,Sparse,560,0.5916079783099616,-0.5916079783099616,0.5916079783099616
b,Sparse,561,0.6761234037828132,-0.5916079783099616,0.6761234037828132
b,Sparse,562,0.760638829255665,-0.5916079783099616,0.760638829255665
b,Sparse,563,0.8451542547285166,-0.5916079783099616,0.8451542547285166
b,Sparse,564,0.9296696802013682,-0.5916079783099616,0.9296696802013682
b,Sparse,565,1.01418510567422,-0.5916079783099616,1.01418510567422
b,Sparse,566,1.0987005311470714,-0.5916079783099616,1.0987005311470714
b,Sparse,567,1.1832159566199232,-0.5916079783099616,1.1832159566199232
b,Sparse,568,1.267731382092775,-0.5916079783099616,1.267731382092775
b,Sparse,569,1.3522468075656264,-0.5916079783099616,1.3522468075656264
b,Sparse,570,1.4367622330384782,-0.5916079783099616,1.4367622330384782
b,Sparse,571,1.52127765851133,-0.5916079783099616,1.52127765851133
b,Sparse,572,1.6057930839841814,-0.5916079783099616,1.6057930839841814
b,Sparse,573,1.6903085094570331,-0.5916079783099616,1.6903085094570331
b,Sparse,574,-1.6903085094570331,-0.50709255283711,-1.6903085094570331
b,Sparse,575,-1.6057930839841814,-0.50709255283711,-1.6057930839841814
b,Sparse,576,-1.52127765851133,-0.50709255283711,-1.52127765851133
b,Sparse,577,-1.4367622330384782,-0.50709255283711,-1.4367622330384782
b,Sparse,578,-1.3522468075656264,-0.50709255283711,-1.3522468075656264
b,Sparse,579,-1.267731382092775,-0.50709255283711,-1.267731382092775
b,Sparse,580,-1.1832159566199232,-0.50709255283711,-1.1832159566199232
b,Sparse,581,-1.0987005311470714,-0.50709255283711,-1.0987005311470714
b,Sparse,582,-1.01418510567422,-0.50709255283711,-1.01418510567422
b,Sparse,583,-0.9296696802013682,-0.50709255283711,-0.9296696802013682
b,Sparse,584,-0.8451542547285166,-0.50709255283711,-0.8451542547285166
b,Sparse,585,-0.760638829255665,-0.50709255283711,-0.760638829255665
b,Sparse,586,-0.6761234037828132,-0.50709255283711,-0.6761234037828132
b,Sparse,587,-0.5916079783099616,-0.50709255283711,-0.5916079783099616
b,Sparse,588,-0.50709255283711,-0.50709255283711,-0.50709255283711
b,Sparse,589,-0.4225771273642583,-0.50709255283711,-0.4225771273642583
b,Sparse,590,-0.3380617018914066,-0.50709255283711,-0.3380617018914066
b,Sparse,591,-0.253546276418555,-0.50709255283711,-0.253546276418555
b,Sparse,592,-0.1690308509457033,-0.50709255283711,-0.1690308509457033
b,Sparse,593,-0.08451542547285165,-0.50709255283711,-0.08451542547285165
b,Sparse,594,0.0,-0.50709255283711,4.2269050312914945e-18
b,Sparse,595,0.08451542547285165,-0.50709255283711,0.08451542547285165
b,Sparse,596,0.1690308509457033,-0.50709255283711,0.1690308509457033
b,Sparse,597,0.253546276418555,-0.50709255283711,0.253546276418555
b,Sparse,598,0.3380617018914066,-0.50709255283711,0.3380617018914066
b,Sparse,599,0.4225771273642583,-0.50709255283711,0.4225771273642583
b,Sparse,600,0.50709255283711,-0.50709255283711,0.50709255283711
b,Sparse,601,0.5916079783099616,-0.50709255283711,0.5916079783099616
b,Sparse,602,0.6761234037828132,-0.50709255283711,0.6761234037828132
b,Sparse,603,0.760638829255665,-0.50709255283711,0.760638829255665
b,Sparse,604,0.8451542547285166,-0.50709255283711,0.8451542547285166
b,Sparse,605,0.9296696802013682,-0.50709255283711,0.9296696802013682
b,Sparse,606,1.01418510567422,-0.50709255283711,1.01418510567422
b,Sparse,607,1.0987005311470714,-0.50709255283711,1.0987005311470714
b,Sparse,608,1.1832159566199232,-0.50709255283711,1.1832159566199232
b,Sparse,609,1.267731382092775,-0.50709255283711,1.267731382092775
b,Sparse,610,1.3522468075656264,-0.50709255283711,1.3522468075656264
b,Sparse,611,1.4367622330384782,-0.50709255283711,1.4367622330384782
b,Sparse,612,1.52127765851133,-0.50709255283711,1.52127765851133
b,Sparse,613,1.6057930839841814,-0.50709255283711,1.6057930839841814
b,Sparse,614,1.6903085094570331,-0.50709255283711,1.6903085094570331
b,Sparse,615,-1.6903085094570331,-0.4225771273642583,-1.6903085094570331
b,Sparse,616,-1.6057930839841814,-0.4225771273642583,-1.6057930839841814
b,Sparse,617,-1.52127765851133,-0.4225771273642583,-1.52127765851133
b,Sparse,618,-1.4367622330384782,-0.4225771273642583,-1.4367622330384782
b,Sparse,619,-1.3522468075656264,-0.4225771273642583,-1.3522468075656264
b,Sparse,620,-1.267731382092775,-0.4225771273642583,-1.267731382092775
b,Sparse,621,-1.1832159566199232,-0.4225771273642583,-1.1832159566199232
b,Sparse,622,-1.0987005311470714,-0.4225771273642583,-1.0987005311470714
b,Sparse,623,-1.01418510567422,-0.4225771273642583,-1.01418510567422
b,Sparse,624,-0.9296696802013682,-0.4225771273642583,-0.9296696802013682
b,Sparse,625,-0.8451542547285166,-0.4225771273642583,-0.8451542547285166
b,Sparse,626,-0.760638829255665,-0.4225771273642583,-0.760638829255665
b,Sparse,627,-0.6761234037828132,-0.4225771273642583,-0.6761234037828132
b,Sparse,628,-0.5916079783099616,-0.4225771273642583,-0.5916079783099616
b,Sparse,629,-0.50709255283711,-0.4225771273642583,-0.50709255283711
b,Sparse,630,-0.4225771273642583,-0.4225771273642583,-0.4225771273642583
b,Sparse,631,-0.3380617018914066,-0.4225771273642583,-0.3380617018914066
b,Sparse,632,-0.253546276418555,-0.4225771273642583,-0.253546276418555
b,Sparse,633,-0.1690308509457033,-0.4225771273642583,-0.1690308509457033
b,Sparse,634,-0.08451542547285165,-0.4225771273642583,-0.08451542547285165
b,Sparse,635,0.0,-0.4225771273642583,4.2269050312914945e-18
b,Sparse,636,0.08451542547285165,-0.4225771273642583,0.08451542547285165
b,Sparse,637,0.1690308509457033,-0.4225771273642583,0.1690308509457033
b,Sparse,638,0.253546276418555,-0.4225771273642583,0.253546276418555
b,Sparse,639,0.3380617018914066,-0.4225771273642583,0.3380617018914066
b,Sparse,640,0.4225771273642583,-0.4225771273642583,0.4225771273642583
b,Sparse,641,0.50709255283711,-0.4225771273642583,0.50709255283711
b,Sparse,642,0.5916079783099616,-0.4225771273642583,0.5916079783099616
b,Sparse,643,0.6761234037828132,-0.4225771273642583,0.6761234037828132
b,Sparse,644,0.760638829255665,-0.4225771273642583,0.760638829255665
b,Sparse,645,0.8451542547285166,-0.4225771273642583,0.8451542547285166
b,Sparse,646,0.9296696802013682,-0.4225771273642583,0.9296696802013682
b,Sparse,647,1.01418510567422,-0.4225771273642583,1.01418510567422
b,Sparse,648,1.0987005311470714,-0.4225771273642583,1.0987005311470714
b,Sparse,649,1.1832159566199232,-0.4225771273642583,1.1832159566199232
b,Sparse,650,1.267731382092775,-0.4225771273642583,1.267731382092775
b,Sparse,651,1.3522468075656264,-0.4225771273642583,1.3522468075656264
b,Sparse,652,1.4367622330384782,-0.4225771273642583,1.4367622330384782
b,Sparse,653,1.52127765851133,-0.4225771273642583,1.52127765851133
b,Sparse,654,1.6057930839841814,-0.4225771273642583,1.6057930839841814
b,Sparse,655,1.6903085094570331,-0.4225771273642583,1.6903085094570331
b,Sparse,656,-1.6903085094570331,-0.3380617018914066,-1.6903085094570331
b,Sparse,657,-1.6057930839841814,-0.3380617018914066,-1.6057930839841814
b,Sparse,658,-1.52127765851133,-0.3380617018914066,-1.52127765851133
b,Sparse,659,-1.4367622330384782,-0.3380617018914066,-1.4367622330384782
b,Sparse,660,-1.3522468075656264,-0.3380617018914066,-1.3522468075656264
b,Sparse,661,-1.267731382092775,-0.3380617018914066,-1.267731382092775
b,Sparse,662,-1.1832159566199232,-0.3380617018914066,-1.1832159566199232
b,Sparse,663,-1.0987005311470714,-0.3380617018914066,-1.0987005311470714
b,Sparse,664,-1.01418510567422,-0.3380617018914066,-1.01418510567422
b,Sparse,665,-0.9296696802013682,-0.3380617018914066,-0.9296696802013682
b,Sparse,666,-0.8451542547285166,-0.3380617018914066,-0.8451542547285166
b,Sparse,667,-0.760638829255665,-0.3380617018914066,-0.760638829255665
b,Sparse,668,-0.6761234037828132,-0.3380617018914066,-0.6761234037828132
b,Sparse,669,-0.5916079783099616,-0.3380617018914066,-0.5916079783099616
b,Sparse,670,-0.50709255283711,-0.3380617018914066,-0.50709255283711
b,Sparse,671,-0.4225771273642583,-0.3380617018914066,-0.4225771273642583
b,Sparse,672,-0.3380617018914066,-0.3380617018914066,-0.3380617018914066
b,Sparse,673,-0.253546276418555,-0.3380617018914066,-0.253546276418555
b,Sparse,674,-0.1690308509457033,-0.3380617018914066,-0.1690308509457033
b,Sparse,675,-0.08451542547285165,-0.3380617018914066,-0.08451542547285165
b,Sparse,676,0.0,-0.3380617018914066,4.2269050312914945e-18
b,Sparse,677,0.08451542547285165,-0.3380617018914066,0.08451542547285165
b,Sparse,678,0.1690308509457033,-0.3380617018914066,0.1690308509457033
b,Sparse,679,0.253546276418555,-0.3380617018914066,0.253546276418555
b,Sparse,680,0.3380617018914066,-0.3380617018914066,0.3380617018914066
b,Sparse,681,0.4225771273642583,-0.3380617018914066,0.4225771273642583
b,Sparse,682,0.50709255283711,-0.3380617018914066,0.50709255283711
b,Sparse,683,0.5916079783099616,-0.3380617018914066,0.5916079783099616
b,Sparse,684,0.6761234037828132,-0.3380617018914066,0.6761234037828132
b,Sparse,685,0.760638829255665,-0.3380617018914066,0.760638829255665
b,Sparse,686,0.8451542547285166,-0.3380617018914066,0.8451542547285166
b,Sparse,687,0.9296696802013682,-0.3380617018914066,0.9296696802013682
b,Sparse,688,1.01418510567422,-0.3380617018914066,1.01418510567422
b,Sparse,689,1.0987005311470714,-0.3380617018914066,1.0987005311470714
b,Sparse,690,1.1832159566199232,-0.3380617018914066,1.1832159566199232
b,Sparse,691,1.267731382092775,-0.3380617018914066,1.267731382092775
b,Sparse,692,1.3522468075656264,-0.3380617018914066,1.3522468075656264
b,Sparse,693,1.4367622330384782,-0.3380617018914066,1.4367622330384782
b,Sparse,694,1.52127765851133,-0.3380617018914066,1.52127765851133
b,Sparse,695,1.6057930839841814,-0.3380617018914066,1.6057930839841814
b,Sparse,696,1.6903085094570331,-0.3380617018914066,1.6903085094570331
b,Sparse,697,-1.6903085094570331,-0.253546276418555,-1.6903085094570331
b,Sparse,698,-1.6057930839841814,-0.253546276418555,-1.6057930839841814
b,Sparse,699,-1.52127765851133,-0.253546276418555,-1.52127765851133
b,Sparse,700,-1.4367622330384782,-0.253546276418555,-1.4367622330384782
b,Sparse,701,-1.3522468075656264,-0.253546276418555,-1.3522468075656264
b,Sparse,702,-1.267731382092775,-0.253546276418555,-1.267731382092775
b,Sparse,703,-1.1832159566199232,-0.253546276418555,-1.1832159566199232
b,Sparse,704,-1.0987005311470714,-0.253546276418555,-1.0987005311470714
b,Sparse,705,-1.01418510567422,-0.253546276418555,-1.01418510567422
b,Sparse,706,-0.9296696802013682,-0.253546276418555,-0.9296696802013682
b,Sparse,707,-0.8451542547285166,-0.253546276418555,-0.8451542547285166
b,Sparse,708,-0.760638829255665,-0.253546276418555,-0.760638829255665
b,Sparse,709,-0.6761234037828132,-0.253546276418555,-0.6761234037828132
b,Sparse,710,-0.5916079783099616,-0.253546276418555,-0.5916079783099616
b,Sparse,711,-0.50709255283711,-0.253546276418555,-0.50709255283711
b,Sparse,712,-0.4225771273642583,-0.253546276418555,-0.4225771273642583
b,Sparse,713,-0.3380617018914066,-0.253546276418555,-0.3380617018914066
b,Sparse,714,-0.253546276418555,-0.253546276418555,-0.253546276418555
b,Sparse,715,-0.1690308509457033,-0.253546276418555,-0.1690308509457033
b,Sparse,716,-0.08451542547285165,-0.253546276418555,-0.08451542547285165
b,Sparse,717,0.0,-0.253546276418555,4.2269050312914945e-18
b,Sparse,718,0.08451542547285165,-0.253546276418555,0.08451542547285165
b,Sparse,719,0.1690308509457033,-0.253546276418555,0.1690308509457033
b,Sparse,720,0.253546276418555,-0.253546276418555,0.253546276418555
b,Sparse,721,0.3380617018914066,-0.253546276418555,0.3380617018914066
b,Sparse,722,0.4225771273642583,-0.253546276418555,0.4225771273642583
b,Sparse,723,0.50709255283711,-0.253546276418555,0.50709255283711
b,Sparse,724,0.5916079783099616,-0.253546276418555,0.5916079783099616
b,Sparse,725,0.6761234037828132,-0.253546276418555,0.6761234037828132
b,Sparse,726,0.760638829255665,-0.253546276418555,0.760638829255665
b,Sparse,727,0.8451542547285166,-0.253546276418555,0.8451542547285166
b,Sparse,728,0.9296696802013682,-0.253546276418555,0.9296696802013682
b,Sparse,729,1.01418510567422,-0.253546276418555,1.01418510567422
b,Sparse,730,1.0987005311470714,-0.253546276418555,1.0987005311470714
b,Sparse,731,1.1832159566199232,-0.253546276418555,1.1832159566199232
b,Sparse,732,1.267731382092775,-0.253546276418555,1.267731382092775
b,Sparse,733,1.3522468075656264,-0.253546276418555,1.3522468075656264
b,Sparse,734,1.4367622330384782,-0.253546276418555,1.4367622330384782
b,Sparse,735,1.52127765851133,-0.253546276418555,1.52127765851133
b,Sparse,736,1.6057930839841814,-0.253546276418555,1.6057930839841814
b,Sparse,737,1.6903085094570331,-0.253546276418555,1.6903085094570331
b,Sparse,738,-1.6903085094570331,-0.1690308509457033,-1.6903085094570331
b,Sparse,739,-1.6057930839841814,-0.1690308509457033,-1.6057930839841814
b,Sparse,740,-1.52127765851133,-0.1690308509457033,-1.52127765851133
b,Sparse,741,-1.4367622330384782,-0.1690308509457033,-1.4367622330384782
b,Sparse,742,-1.3522468075656264,-0.1690308509457033,-1.3522468075656264
b,Sparse,743,-1.267731382092775,-0.1690308509457033,-1.267731382092775
b,Sparse,744,-1.1832159566199232,-0.1690308509457033,-1.1832159566199232
b,Sparse,745,-1.0987005311470714,-0.1690308509457033,-1.0987005311470714
b,Sparse,746,-1.01418510567422,-0.1690308509457033,-1.01418510567422
b,Sparse,747,-0.9296696802013682,-0.1690308509457033,-0.9296696802013682
b,Sparse,748,-0.8451542547285166,-0.1690308509457033,-0.8451542547285166
b,Sparse,749,-0.760638829255665,-0.1690308509457033,-0.760638829255665
b,Sparse,750,-0.6761234037828132,-0.1690308509457033,-0.6761234037828132
b,Sparse,751,-0.5916079783099616,-0.1690308509457033,-0.5916079783099616
b,Sparse,752,-0.50709255283711,-0.1690308509457033,-0.50709255283711
b,Sparse,753,-0.4225771273642583,-0.1690308509457033,-0.4225771273642583
b,Sparse,754,-0.3380617018914066,-0.1690308509457033,-0.3380617018914066
b,Sparse,755,-0.253546276418555,-0.1690308509457033,-0.253546276418555
b,Sparse,756,-0.1690308509457033,-0.1690308509457033,-0.1690308509457033
b,Sparse,757,-0.08451542547285165,-0.1690308509457033,-0.08451542547285165
b,Sparse,758,0.0,-0.1690308509457033,4.2269050312914945e-18
b,Sparse,759,0.08451542547285165,-0.1690308509457033,0.08451542547285165
b,Sparse,760,0.1690308509457033,-0.1690308509457033,0.1690308509457033
b,Sparse,761,0.253546276418555,-0.1690308509457033,0.253546276418555
b,Sparse,762,0.3380617018914066,-0.1690308509457033,0.3380617018914066
b,Sparse,763,0.4225771273642583,-0.1690308509457033,0.4225771273642583
b,Sparse,764,0.50709255283711,-0.1690308509457033,0.50709255283711
b,Sparse,765,0.5916079783099616,-0.1690308509457033,0.5916079783099616
b,Sparse,766,0.6761234037828132,-0.1690308509457033,0.6761234037828132
b,Sparse,767,0.760638829255665,-0.1690308509457033,0.760638829255665
b,Sparse,768,0.8451542547285166,-0.1690308509457033,0.8451542547285166
b,Sparse,769,0.9296696802013682,-0.1690308509457033,0.9296696802013682
b,Sparse,770,1.01418510567422,-0.1690308509457033,1.01418510567422
b,Sparse,771,1.0987005311470714,-0.1690308509457033,1.0987005311470714
b,Sparse,772,1.1832159566199232,-0.1690308509457033,1.1832159566199232
b,Sparse,773,1.267731382092775,-0.1690308509457033,1.267731382092775
b,Sparse,774,1.3522468075656264,-0.1690308509457033,1.3522468075656264
b,Sparse,775,1.4367622330384782,-0.1690308509457033,1.4367622330384782
b,Sparse,776,1.52127765851133,-0.1690308509457033,1.52127765851133
b,Sparse,777,1.6057930839841814,-0.1690308509457033,1.6057930839841814
b,Sparse,778,1.6903085094570331,-0.1690308509457033,1.6903085094570331
b,Sparse,779,-1.6903085094570331,-0.08451542547285165,-1.6903085094570331
b,Sparse,780,-1.6057930839841814,-0.08451542547285165,-1.6057930839841814
b,Sparse,781,-1.52127765851133,-0.08451542547285165,-1.52127765851133
b,Sparse,782,-1.4367622330384782,-0.08451542547285165,-1.4367622330384782
b,Sparse,783,-1.3522468075656264,-0.08451542547285165,-1.3522468075656264
b,Sparse,784,-1.267731382092775,-0.08451542547285165,-1.267731382092775
b,Sparse,785,-1.1832159566199232,-0.08451542547285165,-1.1832159566199232
b,Sparse,786,-1.0987005311470714,-0.08451542547285165,-1.0987005311470714
b,Sparse,787,-1.01418510567422,-0.08451542547285165,-1.01418510567422
b,Sparse,788,-0.9296696802013682,-0.08451542547285165,-0.9296696802013682
b,Sparse,789,-0.8451542547285166,-0.08451542547285165,-0.8451542547285166
b,Sparse,790,-0.760638829255665,-0.08451542547285165,-0.760638829255665
b,Sparse,791,-0.6761234037828132,-0.08451542547285165,-0.6761234037828132
b,Sparse,792,-0.5916079783099616,-0.08451542547285165,-0.5916079783099616
b,Sparse,793,-0.50709255283711,-0.08451542547285165,-0.50709255283711
b,Sparse,794,-0.4225771273642583,-0.08451542547285165,-0.4225771273642583
b,Sparse,795,-0.3380617018914066,-0.08451542547285165,-0.3380617018914066
b,Sparse,796,-0.253546276418555,-0.08451542547285165,-0.253546276418555
b,Sparse,797,-0.1690308509457033,-0.08451542547285165,-0.1690308509457033
b,Sparse,798,-0.08451542547285165,-0.08451542547285165,-0.08451542547285165
b,Sparse,799,0.0,-0.08451542547285165,4.2269050312914945e-18
b,Sparse,800,0.08451542547285165,-0.08451542547285165,0.08451542547285165
b,Sparse,801,0.1690308509457033,-0.08451542547285165,0.1690308509457033
b,Sparse,802,0.253546276418555,-0.08451542547285165,0.253546276418555
b,Sparse,803,0.3380617018914066,-0.08451542547285165,0.3380617018914066
b,Sparse,804,0.4225771273642583,-0.08451542547285165,0.4225771273642583
b,Sparse,805,0.50709255283711,-0.08451542547285165,0.50709255283711
b,Sparse,806,0.5916079783099616,-0.08451542547285165,0.5916079783099616
b,Sparse,807,0.6761234037828132,-0.08451542547285165,0.6761234037828132
b,Sparse,808,0.760638829255665,-0.08451542547285165,0.760638829255665
b,Sparse,809,0.8451542547285166,-0.08451542547285165,0.8451542547285166
b,Sparse,810,0.9296696802013682,-0.08451542547285165,0.9296696802013682
b,Sparse,811,1.01418510567422,-0.08451542547285165,1.01418510567422
b,Sparse,812,1.0987005311470714,-0.08451542547285165,1.0987005311470714
b,Sparse,813,1.1832159566199232,-0.08451542547285165,1.1832159566199232
b,Sparse,814,1.267731382092775,-0.08451542547285165,1.267731382092775
b,Sparse,815,1.3522468075656264,-0.08451542547285165,1.3522468075656264
b,Sparse,816,1.4367622330384782,-0.08451542547285165,1.4367622330384782
b,Sparse,817,1.52127765851133,-0.08451542547285165,1.52127765851133
b,Sparse,818,1.6057930839841814,-0.08451542547285165,1.6057930839841814
b,Sparse,819,1.6903085094570331,-0.08451542547285165,1.6903085094570331
b,Sparse,820,-1.6903085094570331,0.0,-1.6903085094570331
b,Sparse,821,-1.6057930839841814,0.0,-1.6057930839841814
b,Sparse,822,-1.52127765851133,0.0,-1.52127765851133
b,Sparse,823,-1.4367622330384782,0.0,-1.4367622330384782
b,Sparse,824,-1.3522468075656264,0.0,-1.3522468075656264
b,Sparse,825,-1.267731382092775,0.0,-1.267731382092775
b,Sparse,826,-1.1832159566199232,0.0,-1.1832159566199232
b,Sparse,827,-1.0987005311470714,0.0,-1.0987005311470714
b,Sparse,828,-1.01418510567422,0.0,-1.01418510567422
b,Sparse,829,-0.9296696802013682,0.0,-0.9296696802013682
b,Sparse,830,-0.8451542547285166,0.0,-0.8451542547285166
b,Sparse,831,-0.760638829255665,0.0,-0.760638829255665
b,Sparse,832,-0.6761234037828132,0.0,-0.6761234037828132
b,Sparse,833,-0.5916079783099616,0.0,-0.5916079783099616
b,Sparse,834,-0.50709255283711,0.0,-0.50709255283711
b,Sparse,835,-0.4225771273642583,0.0,-0.4225771273642583
b,Sparse,836,-0.3380617018914066,0.0,-0.3380617018914066
b,Sparse,837,-0.253546276418555,0.0,-0.253546276418555
b,Sparse,838,-0.1690308509457033,0.0,-0.1690308509457033
b,Sparse,839,-0.08451542547285165,0.0,-0.08451542547285165
b,Sparse,840,0.0,0.0,4.2269050312914945e-18
b,Sparse,841,0.08451542547285165,0.0,0.08451542547285165
b,Sparse,842,0.1690308509457033,0.0,0.1690308509457033
b,Sparse,843,0.253546276418555,0.0,0.253546276418555
b,Sparse,844,0.3380617018914066,0.0,0.3380617018914066
b,Sparse,845,0.4225771273642583,0.0,0.4225771273642583
b,Sparse,846,0.50709255283711,0.0,0.50709255283711
b,Sparse,847,0.5916079783099616,0.0,0.5916079783099616
b,Sparse,848,0.6761234037828132,0.0,0.6761234037828132
b,Sparse,849,0.760638829255665,0.0,0.760638829255665
b,Sparse,850,0.8451542547285166,0.0,0.8451542547285166
b,Sparse,851,0.9296696802013682,0.0,0.9296696802013682
b,Sparse,852,1.01418510567422,0.0,1.01418510567422
b,Sparse,853,1.0987005311470714,0.0,1.0987005311470714
b,Sparse,854,1.1832159566199232,0.0,1.1832159566199232
b,Sparse,855,1.267731382092775,0.0,1.267731382092775
b,Sparse,856,1.3522468075656264,0.0,1.3522468075656264
b,Sparse,857,1.4367622330384782,0.0,1.4367622330384782
b,Sparse,858,1.52127765851133,0.0,1.52127765851133
b,Sparse,859,1.6057930839841814,0.0,1.6057930839841814
b,Sparse,860,1.6903085094570331,0.0,1.6903085094570331
b,Sparse,861,-1.6903085094570331,0.08451542547285165,-1.6903085094570331
b,Sparse,862,-1.6057930839841814,0.08451542547285165,-1.6057930839841814
b,Sparse,863,-1.52127765851133,0.08451542547285165,-1.52127765851133
b,Sparse,864,-1.4367622330384782,0.08451542547285165,-1.4367622330384782
b,Sparse,865,-1.3522468075656264,0.08451542547285165,-1.3522468075656264
b,Sparse,866,-1.267731382092775,0.08451542547285165,-1.267731382092775
b,Sparse,867,-1.1832159566199232,0.08451542547285165,-1.1832159566199232
b,Sparse,868,-1.0987005311470714,0.08451542547285165,-1.0987005311470714
b,Sparse,869,-1.01418510567422,0.08451542547285165,-1.01418510567422
b,Sparse,870,-0.9296696802013682,0.08451542547285165,-0.9296696802013682
b,Sparse,871,-0.8451542547285166,0.08451542547285165,-0.8451542547285166
b,Sparse,872,-0.760638829255665,0.08451542547285165,-0.760638829255665
b,Sparse,873,-0.6761234037828132,0.08451542547285165,-0.6761234037828132
b,Sparse,874,-0.5916079783099616,0.08451542547285165,-0.5916079783099616
b,Sparse,875,-0.50709255283711,0.08451542547285165,-0.50709255283711
b,Sparse,876,-0.4225771273642583,0.08451542547285165,-0.4225771273642583
b,Sparse,877,-0.3380617018914066,0.08451542547285165,-0.3380617018914066
b,Sparse,878,-0.253546276418555,0.08451542547285165,-0.253546276418555
b,Sparse,879,-0.1690308509457033,0.08451542547285165,-0.1690308509457033
b,Sparse,880,-0.08451542547285165,0.08451542547285165,-0.08451542547285165
b,Sparse,881,0.0,0.08451542547285165,4.2269050312914945e-18
b,Sparse,882,0.08451542547285165,0.08451542547285165,0.08451542547285165
b,Sparse,883,0.1690308509457033,0.08451542547285165,0.1690308509457033
b,Sparse,884,0.253546276418555,0.08451542547285165,0.253546276418555
b,Sparse,885,0.3380617018914066,0.08451542547285165,0.3380617018914066
b,Sparse,886,0.4225771273642583,0.08451542547285165,0.4225771273642583
b,Sparse,887,0.50709255283711,0.08451542547285165,0.50709255283711
b,Sparse,888,0.5916079783099616,0.08451542547285165,0.5916079783099616
b,Sparse,889,0.6761234037828132,0.08451542547285165,0.6761234037828132
b,Sparse,890,0.760638829255665,0.08451542547285165,0.760638829255665
b,Sparse,891,0.8451542547285166,0.08451542547285165,0.8451542547285166
b,Sparse,892,0.9296696802013682,0.08451542547285165,0.9296696802013682
b,Sparse,893,1.01418510567422,0.08451542547285165,1.01418510567422
b,Sparse,894,1.0987005311470714,0.08451542547285165,1.0987005311470714
b,Sparse,895,1.1832159566199232,0.08451542547285165,1.1832159566199232
b,Sparse,896,1.267731382092775,0.08451542547285165,1.267731382092775
b,Sparse,897,1.3522468075656264,0.08451542547285165,1.3522468075656264
b,Sparse,898,1.4367622330384782,0.08451542547285165,1.4367622330384782
b,Sparse,899,1.52127765851133,0.08451542547285165,1.52127765851133
b,Sparse,900,1.6057930839841814,0.08451542547285165,1.6057930839841814
b,Sparse,901,1.6903085094570331,0.08451542547285165,1.6903085094570331
b,Sparse,902,-1.6903085094570331,0.1690308509457033,-1.6903085094570331
b,Sparse,903,-1.6057930839841814,0.1690308509457033,-1.6057930839841814
b,Sparse,904,-1.52127765851133,0.1690308509457033,-1.52127765851133
b,Sparse,905,-1.4367622330384782,0.1690308509457033,-1.4367622330384782
b,Sparse,906,-1.3522468075656264,0.1690308509457033,-1.3522468075656264
b,Sparse,907,-1.267731382092775,0.1690308509457033,-1.267731382092775
b,Sparse,908,-1.1832159566199232,0.1690308509457033,-1.1832159566199232
b,Sparse,909,-1.0987005311470714,0.1690308509457033,-1.0987005311470714
b,Sparse,910,-1.01418510567422,0.1690308509457033,-1.01418510567422
b,Sparse,911,-0.9296696802013682,0.1690308509457033,-0.9296696802013682
b,Sparse,912,-0.8451542547285166,0.1690308509457033,-0.8451542547285166
b,Sparse,913,-0.760638829255665,0.1690308509457033,-0.760638829255665
b,Sparse,914,-0.6761234037828132,0.1690308509457033,-0.6761234037828132
b,Sparse,915,-0.5916079783099616,0.1690308509457033,-0.5916079783099616
b,Sparse,916,-0.50709255283711,0.1690308509457033,-0.50709255283711
b,Sparse,917,-0.4225771273642583,0.1690308509457033,-0.4225771273642583
b,Sparse,918,-0.3380617018914066,0.1690308509457033,-0.3380617018914066
b,Sparse,919,-0.253546276418555,0.1690308509457033,-0.253546276418555
b,Sparse,920,-0.1690308509457033,0.1690308509457033,-0.1690308509457033
b,Sparse,921,-0.08451542547285165,0.1690308509457033,-0.08451542547285165
b,Sparse,922,0.0,0.1690308509457033,4.2269050312914945e-18
b,Sparse,923,0.08451542547285165,0.1690308509457033,0.08451542547285165
b,Sparse,924,0.1690308509457033,0.1690308509457033,0.1690308509457033
b,Sparse,925,0.253546276418555,0.1690308509457033,0.253546276418555
b,Sparse,926,0.3380617018914066,0.1690308509457033,0.3380617018914066
b,Sparse,927,0.4225771273642583,0.1690308509457033,0.4225771273642583
b,Sparse,928,0.50709255283711,0.1690308509457033,0.50709255283711
b,Sparse,929,0.5916079783099616,0.1690308509457033,0.5916079783099616
b,Sparse,930,0.6761234037828132,0.1690308509457033,0.6761234037828132
b,Sparse,931,0.760638829255665,0.1690308509457033,0.760638829255665
b,Sparse,932,0.8451542547285166,0.1690308509457033,0.8451542547285166
b,Sparse,933,0.9296696802013682,0.1690308509457033,0.9296696802013682
b,Sparse,934,1.01418510567422,0.1690308509457033,1.01418510567422
b,Sparse,935,1.0987005311470714,0.1690308509457033,1.0987005311470714
b,Sparse,936,1.1832159566199232,0.1690308509457033,1.1832159566199232
b,Sparse,937,1.267731382092775,0.1690308509457033,1.267731382092775
b,Sparse,938,1.3522468075656264,0.1690308509457033,1.3522468075656264
b,Sparse,939,1.4367622330384782,0.1690308509457033,1.4367622330384782
b,Sparse,940,1.52127765851133,0.1690308509457033,1.52127765851133
b,Sparse,941,1.6057930839841814,0.1690308509457033,1.6057930839841814
b,Sparse,942,1.6903085094570331,0.1690308509457033,1.6903085094570331
b,Sparse,943,-1.6903085094570331,0.253546276418555,-1.6903085094570331
b,Sparse,944,-1.6057930839841814,0.253546276418555,-1.6057930839841814
b,Sparse,945,-1.52127765851133,0.253546276418555,-1.52127765851133
b,Sparse,946,-1.4367622330384782,0.253546276418555,-1.4367622330384782
b,Sparse,947,-1.3522468075656264,0.253546276418555,-1.3522468075656264
b,Sparse,948,-1.267731382092775,0.253546276418555,-1.267731382092775
b,Sparse,949,-1.1832159566199232,0.253546276418555,-1.1832159566199232
b,Sparse,950,-1.0987005311470714,0.253546276418555,-1.0987005311470714
b,Sparse,951,-1.01418510567422,0.253546276418555,-1.01418510567422
b,Sparse,952,-0.9296696802013682,0.253546276418555,-0.9296696802013682
b,Sparse,953,-0.8451542547285166,0.253546276418555,-0.8451542547285166
b,Sparse,954,-0.760638829255665,0.253546276418555,-0.760638829255665
b,Sparse,955,-0.6761234037828132,0.253546276418555,-0.6761234037828132
b,Sparse,956,-0.5916079783099616,0.253546276418555,-0.5916079783099616
b,Sparse,957,-0.50709255283711,0.253546276418555,-0.50709255283711
b,Sparse,958,-0.4225771273642583,0.253546276418555,-0.4225771273642583
b,Sparse,959,-0.3380617018914066,0.253546276418555,-0.3380617018914066
b,Sparse,960,-0.253546276418555,0.253546276418555,-0.253546276418555
b,Sparse,961,-0.1690308509457033,0.253546276418555,-0.1690308509457033
b,Sparse,962,-0.08451542547285165,0.253546276418555,-0.08451542547285165
b,Sparse,963,0.0,0.253546276418555,4.2269050312914945e-18
b,Sparse,964,0.08451542547285165,0.253546276418555,0.08451542547285165
b,Sparse,965,0.1690308509457033,0.253546276418555,0.1690308509457033
b,Sparse,966,0.253546276418555,0.253546276418555,0.253546276418555
b,Sparse,967,0.3380617018914066,0.253546276418555,0.3380617018914066
b,Sparse,968,0.4225771273642583,0.253546276418555,0.4225771273642583
b,Sparse,969,0.50709255283711,0.253546276418555,0.50709255283711
b,Sparse,970,0.5916079783099616,0.253546276418555,0.5916079783099616
b,Sparse,971,0.6761234037828132,0.253546276418555,0.6761234037828132
b,Sparse,972,0.760638829255665,0.253546276418555,0.760638829255665
b,Sparse,973,0.8451542547285166,0.253546276418555,0.8451542547285166
b,Sparse,974,0.9296696802013682,0.253546276418555,0.9296696802013682
b,Sparse,975,1.01418510567422,0.253546276418555,1.01418510567422
b,Sparse,976,1.0987005311470714,0.253546276418555,1.0987005311470714
b,Sparse,977,1.1832159566199232,0.253546276418555,1.1832159566199232
b,Sparse,978,1.267731382092775,0.253546276418555,1.267731382092775
b,Sparse,979,1.3522468075656264,0.253546276418555,1.3522468075656264
b,Sparse,980,1.4367622330384782,0.253546276418555,1.4367622330384782
b,Sparse,981,1.52127765851133,0.253546276418555,1.52127765851133
b,Sparse,982,1.6057930839841814,0.253546276418555,1.6057930839841814
b,Sparse,983,1.6903085094570331,0.253546276418555,1.6903085094570331
b,Sparse,984,-1.6903085094570331,0.3380617018914066,-1.6903085094570331
b,Sparse,985,-1.6057930839841814,0.3380617018914066,-1.6057930839841814
b,Sparse,986,-1.52127765851133,0.3380617018914066,-1.52127765851133
b,Sparse,987,-1.4367622330384782,0.3380617018914066,-1.4367622330384782
b,Sparse,988,-1.3522468075656264,0.3380617018914066,-1.3522468075656264
b,Sparse,989,-1.267731382092775,0.3380617018914066,-1.267731382092775
b,Sparse,990,-1.1832159566199232,0.3380617018914066,-1.1832159566199232
b,Sparse,991,-1.0987005311470714,0.3380617018914066,-1.0987005311470714
b,Sparse,992,-1.01418510567422,0.3380617018914066,-1.01418510567422
b,Sparse,993,-0.9296696802013682,0.3380617018914066,-0.9296696802013682
b,Sparse,994,-0.8451542547285166,0.3380617018914066,-0.8451542547285166
b,Sparse,995,-0.760638829255665,0.3380617018914066,-0.760638829255665
b,Sparse,996,-0.6761234037828132,0.3380617018914066,-0.6761234037828132
b,Sparse,997,-0.5916079783099616,0.3380617018914066,-0.5916079783099616
b,Sparse,998,-0.50709255283711,0.3380617018914066,-0.50709255283711
b,Sparse,999,-0.4225771273642583,0.3380617018914066,-0.4225771273642583
b,Sparse,1000,-0.3380617018914066,0.3380617018914066,-0.3380617018914066
b,Sparse,1001,-0.253546276418555,0.3380617018914066,-0.253546276418555
b,Sparse,1002,-0.1690308509457033,0.3380617018914066,-0.1690308509457033
b,Sparse,1003,-0.08451542547285165,0.3380617018914066,-0.08451542547285165
b,Sparse,1004,0.0,0.3380617018914066,4.2269050312914945e-18
b,Sparse,1005,0.08451542547285165,0.3380617018914066,0.08451542547285165
b,Sparse,1006,0.1690308509457033,0.3380617018914066,0.1690308509457033
b,Sparse,1007,0.253546276418555,0.3380617018914066,0.253546276418555
b,Sparse,1008,0.3380617018914066,0.3380617018914066,0.3380617018914066
b,Sparse,1009,0.4225771273642583,0.3380617018914066,0.4225771273642583
b,Sparse,1010,0.50709255283711,0.3380617018914066,0.50709255283711
b,Sparse,1011,0.5916079783099616,0.3380617018914066,0.5916079783099616
b,Sparse,1012,0.6761234037828132,0.3380617018914066,0.6761234037828132
b,Sparse,1013,0.760638829255665,0.3380617018914066,0.760638829255665
b,Sparse,1014,0.8451542547285166,0.3380617018914066,0.8451542547285166
b,Sparse,1015,0.9296696802013682,0.3380617018914066,0.9296696802013682
b,Sparse,1016,1.01418510567422,0.3380617018914066,1.01418510567422
b,Sparse,1017,1.0987005311470714,0.3380617018914066,1.0987005311470714
b,Sparse,1018,1.1832159566199232,0.3380617018914066,1.1832159566199232
b,Sparse,1019,1.267731382092775,0.3380617018914066,1.267731382092775
b,Sparse,1020,1.3522468075656264,0.3380617018914066,1.3522468075656264
b,Sparse,1021,1.4367622330384782,0.3380617018914066,1.4367622330384782
b,Sparse,1022,1.52127765851133,0.3380617018914066,1.52127765851133
b,Sparse,1023,1.6057930839841814,0.3380617018914066,1.6057930839841814
b,Sparse,1024,1.6903085094570331,0.3380617018914066,1.6903085094570331
b,Sparse,1025,-1.6903085094570331,0.4225771273642583,-1.6903085094570331
b,Sparse,1026,-1.6057930839841814,0.4225771273642583,-1.6057930839841814
b,Sparse,1027,-1.52127765851133,0.4225771273642583,-1.52127765851133
b,Sparse,1028,-1.4367622330384782,0.4225771273642583,-1.4367622330384782
b,Sparse,1029,-1.3522468075656264,0.4225771273642583,-1.3522468075656264
b,Sparse,1030,-1.267731382092775,0.4225771273642583,-1.267731382092775
b,Sparse,1031,-1.1832159566199232,0.4225771273642583,-1.1832159566199232
b,Sparse,1032,-1.0987005311470714,0.4225771273642583,-1.0987005311470714
b,Sparse,1033,-1.01418510567422,0.4225771273642583,-1.01418510567422
b,Sparse,1034,-0.9296696802013682,0.4225771273642583,-0.9296696802013682
b,Sparse,1035,-0.8451542547285166,0.4225771273642583,-0.8451542547285166
b,Sparse,1036,-0.760638829255665,0.4225771273642583,-0.760638829255665
b,Sparse,1037,-0.6761234037828132,0.4225771273642583,-0.6761234037828132
b,Sparse,1038,-0.5916079783099616,0.4225771273642583,-0.5916079783099616
b,Sparse,1039,-0.50709255283711,0.4225771273642583,-0.50709255283711
b,Sparse,1040,-0.4225771273642583,0.4225771273642583,-0.4225771273642583
b,Sparse,1041,-0.3380617018914066,0.4225771273642583,-0.3380617018914066
b,Sparse,1042,-0.253546276418555,0.4225771273642583,-0.253546276418555
b,Sparse,1043,-0.1690308509457033,0.4225771273642583,-0.1690308509457033
b,Sparse,1044,-0.08451542547285165,0.4225771273642583,-0.08451542547285165
b,Sparse,1045,0.0,0.4225771273642583,4.2269050312914945e-18
b,Sparse,1046,0.08451542547285165,0.4225771273642583,0.08451542547285165
b,Sparse,1047,0.1690308509457033,0.4225771273642583,0.1690308509457033
b,Sparse,1048,0.253546276418555,0.4225771273642583,0.253546276418555
b,Sparse,1049,0.3380617018914066,0.4225771273642583,0.3380617018914066
b,Sparse,1050,0.4225771273642583,0.4225771273642583,0.4225771273642583
b,Sparse,1051,0.50709255283711,0.4225771273642583,0.50709255283711
b,Sparse,1052,0.5916079783099616,0.4225771273642583,0.5916079783099616
b,Sparse,1053,0.6761234037828132,0.4225771273642583,0.6761234037828132
b,Sparse,1054,0.760638829255665,0.4225771273642583,0.760638829255665
b,Sparse,1055,0.8451542547285166,0.4225771273642583,0.8451542547285166
b,Sparse,1056,0.9296696802013682,0.4225771273642583,0.9296696802013682
b,Sparse,1057,1.01418510567422,0.4225771273642583,1.01418510567422
b,Sparse,1058,1.0987005311470714,0.4225771273642583,1.0987005311470714
b,Sparse,1059,1.1832159566199232,0.4225771273642583,1.1832159566199232
b,Sparse,1060,1.267731382092775,0.4225771273642583,1.267731382092775
b,Sparse,1061,1.3522468075656264,0.4225771273642583,1.3522468075656264
b,Sparse,1062,1.4367622330384782,0.4225771273642583,1.4367622330384782
b,Sparse,1063,1.52127765851133,0.4225771273642583,1.52127765851133
b,Sparse,1064,1.6057930839841814,0.4225771273642583,1.6057930839841814
b,Sparse,1065,1.6903085094570331,0.4225771273642583,1.6903085094570331
b,Sparse,1066,-1.6903085094570331,0.50709255283711,-1.6903085094570331
b,Sparse,1067,-1.6057930839841814,0.50709255283711,-1.6057930839841814
b,Sparse,1068,-1.52127765851133,0.50709255283711,-1.52127765851133
b,Sparse,1069,-1.4367622330384782,0.50709255283711,-1.4367622330384782
b,Sparse,1070,-1.3522468075656264,0.50709255283711,-1.3522468075656264
b,Sparse,1071,-1.267731382092775,0.50709255283711,-1.267731382092775
b,Sparse,1072,-1.1832159566199232,0.50709255283711,-1.1832159566199232
b,Sparse,1073,-1.0987005311470714,0.50709255283711,-1.0987005311470714
b,Sparse,1074,-1.01418510567422,0.50709255283711,-1.01418510567422
b,Sparse,1075,-0.9296696802013682,0.50709255283711,-0.9296696802013682
b,Sparse,1076,-0.8451542547285166,0.50709255283711,-0.8451542547285166
b,Sparse,1077,-0.760638829255665,0.50709255283711,-0.760638829255665
b,Sparse,1078,-0.6761234037828132,0.50709255283711,-0.6761234037828132
b,Sparse,1079,-0.5916079783099616,0.50709255283711,-0.5916079783099616
b,Sparse,1080,-0.50709255283711,0.50709255283711,-0.50709255283711
b,Sparse,1081,-0.4225771273642583,0.50709255283711,-0.4225771273642583
b,Sparse,1082,-0.3380617018914066,0.50709255283711,-0.3380617018914066
b,Sparse,1083,-0.253546276418555,0.50709255283711,-0.253546276418555
b,Sparse,1084,-0.1690308509457033,0.50709255283711,-0.1690308509457033
b,Sparse,1085,-0.08451542547285165,0.50709255283711,-0.08451542547285165
b,Sparse,1086,0.0,0.50709255283711,4.2269050312914945e-18
b,Sparse,1087,0.08451542547285165,0.50709255283711,0.08451542547285165
b,Sparse,1088,0.1690308509457033,0.50709255283711,0.1690308509457033
b,Sparse,1089,0.253546276418555,0.50709255283711,0.253546276418555
b,Sparse,1090,0.3380617018914066,0.50709255283711,0.3380617018914066
b,Sparse,1091,0.4225771273642583,0.50709255283711,0.4225771273642583
b,Sparse,1092,0.50709255283711,0.50709255283711,0.50709255283711
b,Sparse,1093,0.5916079783099616,0.50709255283711,0.5916079783099616
b,Sparse,1094,0.6761234037828132,0.50709255283711,0.6761234037828132
b,Sparse,1095,0.760638829255665,0.50709255283711,0.760638829255665
b,Sparse,1096,0.8451542547285166,0.50709255283711,0.8451542547285166
b,Sparse,1097,0.9296696802013682,0.50709255283711,0.9296696802013682
b,Sparse,1098,1.01418510567422,0.50709255283711,1.01418510567422
b,Sparse,1099,1.0987005311470714,0.50709255283711,1.0987005311470714
b,Sparse,1100,1.1832159566199232,0.50709255283711,1.1832159566199232
b,Sparse,1101,1.267731382092775,0.50709255283711,1.267731382092775
b,Sparse,1102,1.3522468075656264,0.50709255283711,1.3522468075656264
b,Sparse,1103,1.4367622330384782,0.50709255283711,1.4367622330384782
b,Sparse,1104,1.52127765851133,0.50709255283711,1.52127765851133
b,Sparse,1105,1.6057930839841814,0.50709255283711,1.6057930839841814
b,Sparse,1106,1.6903085094570331,0.50709255283711,1.6903085094570331
b,Sparse,1107,-1.6903085094570331,0.5916079783099616,-1.6903085094570331
b,Sparse,1108,-1.6057930839841814,0.5916079783099616,-1.6057930839841814
b,Sparse,1109,-1.52127765851133,0.5916079783099616,-1.52127765851133
b,Sparse,1110,-1.4367622330384782,0.5916079783099616,-1.4367622330384782
b,Sparse,1111,-1.3522468075656264,0.5916079783099616,-1.3522468075656264
b,Sparse,1112,-1.267731382092775,0.5916079783099616,-1.267731382092775
b,Sparse,1113,-1.1832159566199232,0.5916079783099616,-1.1832159566199232
b,Sparse,1114,-1.0987005311470714,0.5916079783099616,-1.0987005311470714
b,Sparse,1115,-1.01418510567422,0.5916079783099616,-1.01418510567422
b,Sparse,1116,-0.9296696802013682,0.5916079783099616,-0.9296696802013682
b,Sparse,1117,-0.8451542547285166,0.5916079783099616,-0.8451542547285166
b,Sparse,1118,-0.760638829255665,0.5916079783099616,-0.760638829255665
b,Sparse,1119,-0.6761234037828132,0.5916079783099616,-0.6761234037828132
b,Sparse,1120,-0.5916079783099616,0.5916079783099616,-0.5916079783099616
b,Sparse,1121,-0.50709255283711,0.5916079783099616,-0.50709255283711
b,Sparse,1122,-0.4225771273642583,0.5916079783099616,-0.4225771273642583
b,Sparse,1123,-0.3380617018914066,0.5916079783099616,-0.3380617018914066
b,Sparse,1124,-0.253546276418555,0.5916079783099616,-0.253546276418555
b,Sparse,1125,-0.1690308509457033,0.5916079783099616,-0.1690308509457033
b,Sparse,1126,-0.08451542547285165,0.5916079783099616,-0.08451542547285165
b,Sparse,1127,0.0,0.5916079783099616,4.2269050312914945e-18
b,Sparse,1128,0.08451542547285165,0.5916079783099616,0.08451542547285165
b,Sparse,1129,0.1690308509457033,0.5916079783099616,0.1690308509457033
b,Sparse,1130,0.253546276418555,0.5916079783099616,0.253546276418555
b,Sparse,1131,0.3380617018914066,0.5916079783099616,0.3380617018914066
b,Sparse,1132,0.4225771273642583,0.5916079783099616,0.4225771273642583
b,Sparse,1133,0.50709255283711,0.5916079783099616,0.50709255283711
b,Sparse,1134,0.5916079783099616,0.5916079783099616,0.5916079783099616
b,Sparse,1135,0.6761234037828132,0.5916079783099616,0.6761234037828132
b,Sparse,1136,0.760638829255665,0.5916079783099616,0.760638829255665
b,Sparse,1137,0.8451542547285166,0.5916079783099616,0.8451542547285166
b,Sparse,1138,0.9296696802013682,0.5916079783099616,0.9296696802013682
b,Sparse,1139,1.01418510567422,0.5916079783099616,1.01418510567422
b,Sparse,1140,1.0987005311470714,0.5916079783099616,1.0987005311470714
b,Sparse,1141,1.1832159566199232,0.5916079783099616,1.1832159566199232
b,Sparse,1142,1.267731382092775,0.5916079783099616,1.267731382092775
b,Sparse,1143,1.3522468075656264,0.5916079783099616,1.3522468075656264
b,Sparse,1144,1.4367622330384782,0.5916079783099616,1.4367622330384782
b,Sparse,1145,1.52127765851133,0.5916079783099616,1.52127765851133
b,Sparse,1146,1.6057930839841814,0.5916079783099616,1.6057930839841814
b,Sparse,1147,1.6903085094570331,0.5916079783099616,1.6903085094570331
b,Sparse,1148,-1.6903085094570331,0.6761234037828132,-1.6903085094570331
b,Sparse,1149,-1.6057930839841814,0.6761234037828132,-1.6057930839841814
b,Sparse,1150,-1.52127765851133,0.6761234037828132,-1.52127765851133
b,Sparse,1151,-1.4367622330384782,0.6761234037828132,-1.4367622330384782
b,Sparse,1152,-1.3522468075656264,0.6761234037828132,-1.3522468075656264
b,Sparse,1153,-1.267731382092775,0.6761234037828132,-1.267731382092775
b,Sparse,1154,-1.1832159566199232,0.6761234037828132,-1.1832159566199232
b,Sparse,1155,-1.0987005311470714,0.6761234037828132,-1.0987005311470714
b,Sparse,1156,-1.01418510567422,0.6761234037828132,-1.01418510567422
b,Sparse,1157,-0.9296696802013682,0.6761234037828132,-0.9296696802013682
b,Sparse,1158,-0.8451542547285166,0.6761234037828132,-0.8451542547285166
b,Sparse,1159,-0.760638829255665,0.6761234037828132,-0.760638829255665
b,Sparse,1160,-0.6761234037828132,0.6761234037828132,-0.6761234037828132
b,Sparse,1161,-0.5916079783099616,0.6761234037828132,-0.5916079783099616
b,Sparse,1162,-0.50709255283711,0.6761234037828132,-0.50709255283711
b,Sparse,1163,-0.4225771273642583,0.6761234037828132,-0.4225771273642583
b,Sparse,1164,-0.3380617018914066,0.6761234037828132,-0.3380617018914066
b,Sparse,1165,-0.253546276418555,0.6761234037828132,-0.253546276418555
b,Sparse,1166,-0.1690308509457033,0.6761234037828132,-0.1690308509457033
b,Sparse,1167,-0.08451542547285165,0.6761234037828132,-0.08451542547285165
b,Sparse,1168,0.0,0.6761234037828132,4.2269050312914945e-18
b,Sparse,1169,0.08451542547285165,0.6761234037828132,0.08451542547285165
b,Sparse,1170,0.1690308509457033,0.6761234037828132,0.1690308509457033
b,Sparse,1171,0.253546276418555,0.6761234037828132,0.253546276418555
b,Sparse,1172,0.3380617018914066,0.6761234037828132,0.3380617018914066
b,Sparse,1173,0.4225771273642583,0.6761234037828132,0.4225771273642583
b,Sparse,1174,0.50709255283711,0.6761234037828132,0.50709255283711
b,Sparse,1175,0.5916079783099616,0.6761234037828132,0.5916079783099616
b,Sparse,1176,0.6761234037828132,0.6761234037828132,0.6761234037828132
b,Sparse,1177,0.760638829255665,0.6761234037828132,0.760638829255665
b,Sparse,1178,0.8451542547285166,0.6761234037828132,0.8451542547285166
b,Sparse,1179,0.9296696802013682,0.6761234037828132,0.9296696802013682
b,Sparse,1180,1.01418510567422,0.6761234037828132,1.01418510567422
b,Sparse,1181,1.0987005311470714,0.6761234037828132,1.0987005311470714
b,Sparse,1182,1.1832159566199232,0.6761234037828132,1.1832159566199232
b,Sparse,1183,1.267731382092775,0.6761234037828132,1.267731382092775
b,Sparse,1184,1.3522468075656264,0.6761234037828132,1.3522468075656264
b,Sparse,1185,1.4367622330384782,0.6761234037828132,1.4367622330384782
b,Sparse,1186,1.52127765851133,0.6761234037828132,1.52127765851133
b,Sparse,1187,1.6057930839841814,0.6761234037828132,1.6057930839841814
b,Sparse,1188,1.6903085094570331,0.6761234037828132,1.6903085094570331
b,Sparse,1189,-1.6903085094570331,0.760638829255665,-1.6903085094570331
b,Sparse,1190,-1.6057930839841814,0.760638829255665,-1.6057930839841814
b,Sparse,1191,-1.52127765851133,0.760638829255665,-1.52127765851133
b,Sparse,1192,-1.4367622330384782,0.760638829255665,-1.4367622330384782
b,Sparse,1193,-1.3522468075656264,0.760638829255665,-1.3522468075656264
b,Sparse,1194,-1.267731382092775,0.760638829255665,-1.267731382092775
b,Sparse,1195,-1.1832159566199232,0.760638829255665,-1.1832159566199232
b,Sparse,1196,-1.0987005311470714,0.760638829255665,-1.0987005311470714
b,Sparse,1197,-1.01418510567422,0.760638829255665,-1.01418510567422
b,Sparse,1198,-0.9296696802013682,0.760638829255665,-0.9296696802013682
b,Sparse,1199,-0.8451542547285166,0.760638829255665,-0.8451542547285166
b,Sparse,1200,-0.760638829255665,0.760638829255665,-0.760638829255665
b,Sparse,1201,-0.6761234037828132,0.760638829255665,-0.6761234037828132
b,Sparse,1202,-0.5916079783099616,0.760638829255665,-0.5916079783099616
b,Sparse,1203,-0.50709255283711,0.760638829255665,-0.50709255283711
b,Sparse,1204,-0.4225771273642583,0.760638829255665,-0.4225771273642583
b,Sparse,1205,-0.3380617018914066,0.760638829255665,-0.3380617018914066
b,Sparse,1206,-0.253546276418555,0.760638829255665,-0.253546276418555
b,Sparse,1207,-0.1690308509457033,0.760638829255665,-0.1690308509457033
b,Sparse,1208,-0.08451542547285165,0.760638829255665,-0.08451542547285165
b,Sparse,1209,0.0,0.760638829255665,4.2269050312914945e-18
b,Sparse,1210,0.08451542547285165,0.760638829255665,0.08451542547285165
b,Sparse,1211,0.1690308509457033,0.760638829255665,0.1690308509457033
b,Sparse,1212,0.253546276418555,0.760638829255665,0.253546276418555
b,Sparse,1213,0.3380617018914066,0.760638829255665,0.3380617018914066
b,Sparse,1214,0.4225771273642583,0.760638829255665,0.4225771273642583
b,Sparse,1215,0.50709255283711,0.760638829255665,0.50709255283711
b,Sparse,1216,0.5916079783099616,0.760638829255665,0.5916079783099616
b,Sparse,1217,0.6761234037828132,0.760638829255665,0.6761234037828132
b,Sparse,1218,0.760638829255665,0.760638829255665,0.760638829255665
b,Sparse,1219,0.8451542547285166,0.760638829255665,0.8451542547285166
b,Sparse,1220,0.9296696802013682,0.760638829255665,0.9296696802013682
b,Sparse,1221,1.01418510567422,0.760638829255665,1.01418510567422
b,Sparse,1222,1.0987005311470714,0.760638829255665,1.0987005311470714
b,Sparse,1223,1.1832159566199232,0.760638829255665,1.1832159566199232
b,Sparse,1224,1.267731382092775,0.760638829255665,1.267731382092775
b,Sparse,1225,1.3522468075656264,0.760638829255665,1.3522468075656264
b,Sparse,1226,1.4367622330384782,0.760638829255665,1.4367622330384782
b,Sparse,1227,1.52127765851133,0.760638829255665,1.52127765851133
b,Sparse,1228,1.6057930839841814,0.760638829255665,1.6057930839841814
b,Sparse,1229,1.6903085094570331,0.760638829255665,1.6903085094570331
b,Sparse,1230,-1.6903085094570331,0.8451542547285166,-1.6903085094570331
b,Sparse,1231,-1.6057930839841814,0.8451542547285166,-1.6057930839841814
b,Sparse,1232,-1.52127765851133,0.8451542547285166,-1.52127765851133
b,Sparse,1233,-1.4367622330384782,0.8451542547285166,-1.4367622330384782
b,Sparse,1234,-1.3522468075656264,0.8451542547285166,-1.3522468075656264
b,Sparse,1235,-1.267731382092775,0.8451542547285166,-1.267731382092775
b,Sparse,1236,-1.1832159566199232,0.8451542547285166,-1.1832159566199232
b,Sparse,1237,-1.0987005311470714,0.8451542547285166,-1.0987005311470714
b,Sparse,1238,-1.01418510567422,0.8451542547285166,-1.01418510567422
b,Sparse,1239,-0.9296696802013682,0.8451542547285166,-0.9296696802013682
b,Sparse,1240,-0.8451542547285166,0.8451542547285166,-0.8451542547285166
b,Sparse,1241,-0.760638829255665,0.8451542547285166,-0.760638829255665
b,Sparse,1242,-0.6761234037828132,0.8451542547285166,-0.6761234037828132
b,Sparse,1243,-0.5916079783099616,0.8451542547285166,-0.5916079783099616
b,Sparse,1244,-0.50709255283711,0.8451542547285166,-0.50709255283711
b,Sparse,1245,-0.4225771273642583,0.8451542547285166,-0.4225771273642583
b,Sparse,1246,-0.3380617018914066,0.8451542547285166,-0.3380617018914066
b,Sparse,1247,-0.253546276418555,0.8451542547285166,-0.253546276418555
b,Sparse,1248,-0.1690308509457033,0.8451542547285166,-0.1690308509457033
b,Sparse,1249,-0.08451542547285165,0.8451542547285166,-0.08451542547285165
b,Sparse,1250,0.0,0.8451542547285166,4.2269050312914945e-18
b,Sparse,1251,0.08451542547285165,0.8451542547285166,0.08451542547285165
b,Sparse,1252,0.1690308509457033,0.8451542547285166,0.1690308509457033
b,Sparse,1253,0.253546276418555,0.8451542547285166,0.253546276418555
b,Sparse,1254,0.3380617018914066,0.8451542547285166,0.3380617018914066
b,Sparse,1255,0.4225771273642583,0.8451542547285166,0.4225771273642583
b,Sparse,1256,0.50709255283711,0.8451542547285166,0.50709255283711
b,Sparse,1257,0.5916079783099616,0.8451542547285166,0.5916079783099616
b,Sparse,1258,0.6761234037828132,0.8451542547285166,0.6761234037828132
b,Sparse,1259,0.760638829255665,0.8451542547285166,0.760638829255665
b,Sparse,1260,0.8451542547285166,0.8451542547285166,0.8451542547285166
b,Sparse,1261,0.9296696802013682,0.8451542547285166,0.9296696802013682
b,Sparse,1262,1.01418510567422,0.8451542547285166,1.01418510567422
b,Sparse,1263,1.0987005311470714,0.8451542547285166,1.0987005311470714
b,Sparse,1264,1.1832159566199232,0.8451542547285166,1.1832159566199232
b,Sparse,1265,1.267731382092775,0.8451542547285166,1.267731382092775
b,Sparse,1266,1.3522468075656264,0.8451542547285166,1.3522468075656264
b,Sparse,1267,1.4367622330384782,0.8451542547285166,1.4367622330384782
b,Sparse,1268,1.52127765851133,0.8451542547285166,1.52127765851133
b,Sparse,1269,1.6057930839841814,0.8451542547285166,1.6057930839841814
b,Sparse,1270,1.6903085094570331,0.8451542547285166,1.6903085094570331
b,Sparse,1271,-1.6903085094570331,0.9296696802013682,-1.6903085094570331
b,Sparse,1272,-1.6057930839841814,0.9296696802013682,-1.6057930839841814
b,Sparse,1273,-1.52127765851133,0.9296696802013682,-1.52127765851133
b,Sparse,1274,-1.4367622330384782,0.9296696802013682,-1.4367622330384782
b,Sparse,1275,-1.3522468075656264,0.9296696802013682,-1.3522468075656264
b,Sparse,1276,-1.267731382092775,0.9296696802013682,-1.267731382092775
b,Sparse,1277,-1.1832159566199232,0.9296696802013682,-1.1832159566199232
b,Sparse,1278,-1.0987005311470714,0.9296696802013682,-1.0987005311470714
b,Sparse,1279,-1.01418510567422,0.9296696802013682,-1.01418510567422
b,Sparse,1280,-0.9296696802013682,0.9296696802013682,-0.9296696802013682
b,Sparse,1281,-0.8451542547285166,0.9296696802013682,-0.8451542547285166
b,Sparse,1282,-0.760638829255665,0.9296696802013682,-0.760638829255665
b,Sparse,1283,-0.6761234037828132,0.9296696802013682,-0.6761234037828132
b,Sparse,1284,-0.5916079783099616,0.9296696802013682,-0.5916079783099616
b,Sparse,1285,-0.50709255283711,0.9296696802013682,-0.50709255283711
b,Sparse,1286,-0.4225771273642583,0.9296696802013682,-0.4225771273642583
b,Sparse,1287,-0.3380617018914066,0.9296696802013682,-0.3380617018914066
b,Sparse,1288,-0.253546276418555,0.9296696802013682,-0.253546276418555
b,Sparse,1289,-0.1690308509457033,0.9296696802013682,-0.1690308509457033
b,Sparse,1290,-0.08451542547285165,0.9296696802013682,-0.08451542547285165
b,Sparse,1291,0.0,0.9296696802013682,4.2269050312914945e-18
b,Sparse,1292,0.08451542547285165,0.9296696802013682,0.08451542547285165
b,Sparse,1293,0.1690308509457033,0.9296696802013682,0.1690308509457033
b,Sparse,1294,0.253546276418555,0.9296696802013682,0.253546276418555
b,Sparse,1295,0.3380617018914066,0.9296696802013682,0.3380617018914066
b,Sparse,1296,0.4225771273642583,0.9296696802013682,0.4225771273642583
b,Sparse,1297,0.50709255283711,0.9296696802013682,0.50709255283711
b,Sparse,1298,0.5916079783099616,0.9296696802013682,0.5916079783099616
b,Sparse,1299,0.6761234037828132,0.9296696802013682,0.6761234037828132
b,Sparse,1300,0.760638829255665,0.9296696802013682,0.760638829255665
b,Sparse,1301,0.8451542547285166,0.9296696802013682,0.8451542547285166
b,Sparse,1302,0.9296696802013682,0.9296696802013682,0.9296696802013682
b,Sparse,1303,1.01418510567422,0.9296696802013682,1.01418510567422
b,Sparse,1304,1.0987005311470714,0.9296696802013682,1.0987005311470714
b,Sparse,1305,1.1832159566199232,0.9296696802013682,1.1832159566199232
b,Sparse,1306,1.267731382092775,0.9296696802013682,1.267731382092775
b,Sparse,1307,1.3522468075656264,0.9296696802013682,1.3522468075656264
b,Sparse,1308,1.4367622330384782,0.9296696802013682,1.4367622330384782
b,Sparse,1309,1.52127765851133,0.9296696802013682,1.52127765851133
b,Sparse,1310,1.6057930839841814,0.9296696802013682,1.6057930839841814
b,Sparse,1311,1.6903085094570331,0.9296696802013682,1.6903085094570331
b,Sparse,1312,-1.6903085094570331,1.01418510567422,-1.6903085094570331
b,Sparse,1313,-1.6057930839841814,1.01418510567422,-1.6057930839841814
b,Sparse,1314,-1.52127765851133,1.01418510567422,-1.52127765851133
b,Sparse,1315,-1.4367622330384782,1.01418510567422,-1.4367622330384782
b,Sparse,1316,-1.3522468075656264,1.01418510567422,-1.3522468075656264
b,Sparse,1317,-1.267731382092775,1.01418510567422,-1.267731382092775
b,Sparse,1318,-1.1832159566199232,1.01418510567422,-1.1832159566199232
b,Sparse,1319,-1.0987005311470714,1.01418510567422,-1.0987005311470714
b,Sparse,1320,-1.01418510567422,1.01418510567422,-1.01418510567422
b,Sparse,1321,-0.9296696802013682,1.01418510567422,-0.9296696802013682
b,Sparse,1322,-0.8451542547285166,1.01418510567422,-0.8451542547285166
b,Sparse,1323,-0.760638829255665,1.01418510567422,-0.760638829255665
b,Sparse,1324,-0.6761234037828132,1.01418510567422,-0.6761234037828132
b,Sparse,1325,-0.5916079783099616,1.01418510567422,-0.5916079783099616
b,Sparse,1326,-0.50709255283711,1.01418510567422,-0.50709255283711
b,Sparse,1327,-0.4225771273642583,1.01418510567422,-0.4225771273642583
b,Sparse,1328,-0.3380617018914066,1.01418510567422,-0.3380617018914066
b,Sparse,1329,-0.253546276418555,1.01418510567422,-0.253546276418555
b,Sparse,1330,-0.1690308509457033,1.01418510567422,-0.1690308509457033
b,Sparse,1331,-0.08451542547285165,1.01418510567422,-0.08451542547285165
b,Sparse,1332,0.0,1.01418510567422,4.2269050312914945e-18
b,Sparse,1333,0.08451542547285165,1.01418510567422,0.08451542547285165
b,Sparse,1334,0.1690308509457033,1.01418510567422,0.1690308509457033
b,Sparse,1335,0.253546276418555,1.01418510567422,0.253546276418555
b,Sparse,1336,0.3380617018914066,1.01418510567422,0.3380617018914066
b,Sparse,1337,0.4225771273642583,1.01418510567422,0.4225771273642583
b,Sparse,1338,0.50709255283711,1.01418510567422,0.50709255283711
b,Sparse,1339,0.5916079783099616,1.01418510567422,0.5916079783099616
b,Sparse,1340,0.6761234037828132,1.01418510567422,0.6761234037828132
b,Sparse,1341,0.760638829255665,1.01418510567422,0.760638829255665
b,Sparse,1342,0.8451542547285166,1.01418510567422,0.8451542547285166
b,Sparse,1343,0.9296696802013682,1.01418510567422,0.9296696802013682
b,Sparse,1344,1.01418510567422,1.01418510567422,1.01418510567422
b,Sparse,1345,1.0987005311470714,1.01418510567422,1.0987005311470714
b,Sparse,1346,1.1832159566199232,1.01418510567422,1.1832159566199232
b,Sparse,1347,1.267731382092775,1.01418510567422,1.267731382092775
b,Sparse,1348,1.3522468075656264,1.01418510567422,1.3522468075656264
b,Sparse,1349,1.4367622330384782,1.01418510567422,1.4367622330384782
b,Sparse,1350,1.52127765851133,1.01418510567422,1.52127765851133
b,Sparse,1351,1.6057930839841814,1.01418510567422,1.6057930839841814
b,Sparse,1352,1.6903085094570331,1.01418510567422,1.6903085094570331
b,Sparse,1353,-1.6903085094570331,1.0987005311470714,-1.6903085094570331
b,Sparse,1354,-1.6057930839841814,1.0987005311470714,-1.6057930839841814
b,Sparse,1355,-1.52127765851133,1.0987005311470714,-1.52127765851133
b,Sparse,1356,-1.4367622330384782,1.0987005311470714,-1.4367622330384782
b,Sparse,1357,-1.3522468075656264,1.0987005311470714,-1.3522468075656264
b,Sparse,1358,-1.267731382092775,1.0987005311470714,-1.267731382092775
b,Sparse,1359,-1.1832159566199232,1.0987005311470714,-1.1832159566199232
b,Sparse,1360,-1.0987005311470714,1.0987005311470714,-1.0987005311470714
b,Sparse,1361,-1.01418510567422,1.0987005311470714,-1.01418510567422
b,Sparse,1362,-0.9296696802013682,1.0987005311470714,-0.9296696802013682
b,Sparse,1363,-0.8451542547285166,1.0987005311470714,-0.8451542547285166
b,Sparse,1364,-0.760638829255665,1.0987005311470714,-0.760638829255665
b,Sparse,1365,-0.6761234037828132,1.0987005311470714,-0.6761234037828132
b,Sparse,1366,-0.5916079783099616,1.0987005311470714,-0.5916079783099616
b,Sparse,1367,-0.50709255283711,1.0987005311470714,-0.50709255283711
b,Sparse,1368,-0.4225771273642583,1.0987005311470714,-0.4225771273642583
b,Sparse,1369,-0.3380617018914066,1.0987005311470714,-0.3380617018914066
b,Sparse,1370,-0.253546276418555,1.0987005311470714,-0.253546276418555
b,Sparse,1371,-0.1690308509457033,1.0987005311470714,-0.1690308509457033
b,Sparse,1372,-0.08451542547285165,1.0987005311470714,-0.08451542547285165
b,Sparse,1373,0.0,1.0987005311470714,4.2269050312914945e-18
b,Sparse,1374,0.08451542547285165,1.0987005311470714,0.08451542547285165
b,Sparse,1375,0.1690308509457033,1.0987005311470714,0.1690308509457033
b,Sparse,1376,0.253546276418555,1.0987005311470714,0.253546276418555
b,Sparse,1377,0.3380617018914066,1.0987005311470714,0.3380617018914066
b,Sparse,1378,0.4225771273642583,1.0987005311470714,0.4225771273642583
b,Sparse,1379,0.50709255283711,1.0987005311470714,0.50709255283711
b,Sparse,1380,0.5916079783099616,1.0987005311470714,0.5916079783099616
b,Sparse,1381,0.6761234037828132,1.0987005311470714,0.6761234037828132
b,Sparse,1382,0.760638829255665,1.0987005311470714,0.760638829255665
b,Sparse,1383,0.8451542547285166,1.0987005311470714,0.8451542547285166
b,Sparse,1384,0.9296696802013682,1.0987005311470714,0.9296696802013682
b,Sparse,1385,1.01418510567422,1.0987005311470714,1.01418510567422
b,Sparse,1386,1.0987005311470714,1.0987005311470714,1.0987005311470714
b,Sparse,1387,1.1832159566199232,1.0987005311470714,1.1832159566199232
b,Sparse,1388,1.267731382092775,1.0987005311470714,1.267731382092775
b,Sparse,1389,1.3522468075656264,1.0987005311470714,1.3522468075656264
b,Sparse,1390,1.4367622330384782,1.0987005311470714,1.4367622330384782
b,Sparse,1391,1.52127765851133,1.0987005311470714,1.52127765851133
b,Sparse,1392,1.6057930839841814,1.0987005311470714,1.6057930839841814
b,Sparse,1393,1.6903085094570331,1.0987005311470714,1.6903085094570331
b,Sparse,1394,-1.6903085094570331,1.1832159566199232,-1.6903085094570331
b,Sparse,1395,-1.6057930839841814,1.1832159566199232,-1.6057930839841814
b,Sparse,1396,-1.52127765851133,1.1832159566199232,-1.52127765851133
b,Sparse,1397,-1.4367622330384782,1.1832159566199232,-1.4367622330384782
b,Sparse,1398,-1.3522468075656264,1.1832159566199232,-1.3522468075656264
b,Sparse,1399,-1.267731382092775,1.1832159566199232,-1.267731382092775
b,Sparse,1400,-1.1832159566199232,1.1832159566199232,-1.1832159566199232
b,Sparse,1401,-1.0987005311470714,1.1832159566199232,-1.0987005311470714
b,Sparse,1402,-1.01418510567422,1.1832159566199232,-1.01418510567422
b,Sparse,1403,-0.9296696802013682,1.1832159566199232,-0.9296696802013682
b,Sparse,1404,-0.8451542547285166,1.1832159566199232,-0.8451542547285166
b,Sparse,1405,-0.760638829255665,1.1832159566199232,-0.760638829255665
b,Sparse,1406,-0.6761234037828132,1.1832159566199232,-0.6761234037828132
b,Sparse,1407,-0.5916079783099616,1.1832159566199232,-0.5916079783099616
b,Sparse,1408,-0.50709255283711,1.1832159566199232,-0.50709255283711
b,Sparse,1409,-0.4225771273642583,1.1832159566199232,-0.4225771273642583
b,Sparse,1410,-0.3380617018914066,1.1832159566199232,-0.3380617018914066
b,Sparse,1411,-0.253546276418555,1.1832159566199232,-0.253546276418555
b,Sparse,1412,-0.1690308509457033,1.1832159566199232,-0.1690308509457033
b,Sparse,1413,-0.08451542547285165,1.1832159566199232,-0.08451542547285165
b,Sparse,1414,0.0,1.1832159566199232,4.2269050312914945e-18
b,Sparse,1415,0.08451542547285165,1.1832159566199232,0.08451542547285165
b,Sparse,1416,0.1690308509457033,1.1832159566199232,0.1690308509457033
b,Sparse,1417,0.253546276418555,1.1832159566199232,0.253546276418555
b,Sparse,1418,0.3380617018914066,1.1832159566199232,0.3380617018914066
b,Sparse,1419,0.4225771273642583,1.1832159566199232,0.4225771273642583
b,Sparse,1420,0.50709255283711,1.1832159566199232,0.50709255283711
b,Sparse,1421,0.5916079783099616,1.1832159566199232,0.5916079783099616
b,Sparse,1422,0.6761234037828132,1.1832159566199232,0.6761234037828132
b,Sparse,1423,0.760638829255665,1.1832159566199232,0.760638829255665
b,Sparse,1424,0.8451542547285166,1.1832159566199232,0.8451542547285166
b,Sparse,1425,0.9296696802013682,1.1832159566199232,0.9296696802013682
b,Sparse,1426,1.01418510567422,1.1832159566199232,1.01418510567422
b,Sparse,1427,1.0987005311470714,1.1832159566199232,1.0987005311470714
b,Sparse,1428,1.1832159566199232,1.1832159566199232,1.1832159566199232
b,Sparse,1429,1.267731382092775,1.1832159566199232,1.267731382092775
b,Sparse,1430,1.3522468075656264,1.1832159566199232,1.3522468075656264
b,Sparse,1431,1.4367622330384782,1.1832159566199232,1.4367622330384782
b,Sparse,1432,1.52127765851133,1.1832159566199232,1.52127765851133
b,Sparse,1433,1.6057930839841814,1.1832159566199232,1.6057930839841814
b,Sparse,1434,1.6903085094570331,1.1832159566199232,1.6903085094570331
b,Sparse,1435,-1.6903085094570331,1.267731382092775,-1.6903085094570331
b,Sparse,1436,-1.6057930839841814,1.267731382092775,-1.6057930839841814
b,Sparse,1437,-1.52127765851133,1.267731382092775,-1.52127765851133
b,Sparse,1438,-1.4367622330384782,1.267731382092775,-1.4367622330384782
b,Sparse,1439,-1.3522468075656264,1.267731382092775,-1.3522468075656264
b,Sparse,1440,-1.267731382092775,1.267731382092775,-1.267731382092775
b,Sparse,1441,-1.1832159566199232,1.267731382092775,-1.1832159566199232
b,Sparse,1442,-1.0987005311470714,1.267731382092775,-1.0987005311470714
b,Sparse,1443,-1.01418510567422,1.267731382092775,-1.01418510567422
b,Sparse,1444,-0.9296696802013682,1.267731382092775,-0.9296696802013682
b,Sparse,1445,-0.8451542547285166,1.267731382092775,-0.8451542547285166
b,Sparse,1446,-0.760638829255665,1.267731382092775,-0.760638829255665
b,Sparse,1447,-0.6761234037828132,1.267731382092775,-0.6761234037828132
b,Sparse,1448,-0.5916079783099616,1.267731382092775,-0.5916079783099616
b,Sparse,1449,-0.50709255283711,1.267731382092775,-0.50709255283711
b,Sparse,1450,-0.4225771273642583,1.267731382092775,-0.4225771273642583
b,Sparse,1451,-0.3380617018914066,1.267731382092775,-0.3380617018914066
b,Sparse,1452,-0.253546276418555,1.267731382092775,-0.253546276418555
b,Sparse,1453,-0.1690308509457033,1.267731382092775,-0.1690308509457033
b,Sparse,1454,-0.08451542547285165,1.267731382092775,-0.08451542547285165
b,Sparse,1455,0.0,1.267731382092775,4.2269050312914945e-18
b,Sparse,1456,0.08451542547285165,1.267731382092775,0.08451542547285165
b,Sparse,1457,0.1690308509457033,1.267731382092775,0.1690308509457033
b,Sparse,1458,0.253546276418555,1.267731382092775,0.253546276418555
b,Sparse,1459,0.3380617018914066,1.267731382092775,0.3380617018914066
b,Sparse,1460,0.4225771273642583,1.267731382092775,0.4225771273642583
b,Sparse,1461,0.50709255283711,1.267731382092775,0.50709255283711
b,Sparse,1462,0.5916079783099616,1.267731382092775,0.5916079783099616
b,Sparse,1463,0.6761234037828132,1.267731382092775,0.6761234037828132
b,Sparse,1464,0.760638829255665,1.267731382092775,0.760638829255665
b,Sparse,1465,0.8451542547285166,1.267731382092775,0.8451542547285166
b,Sparse,1466,0.9296696802013682,1.267731382092775,0.9296696802013682
b,Sparse,1467,1.01418510567422,1.267731382092775,1.01418510567422
b,Sparse,1468,1.0987005311470714,1.267731382092775,1.0987005311470714
b,Sparse,1469,1.1832159566199232,1.267731382092775,1.1832159566199232
b,Sparse,1470,1.267731382092775,1.267731382092775,1.267731382092775
b,Sparse,1471,1.3522468075656264,1.267731382092775,1.3522468075656264
b,Sparse,1472,1.4367622330384782,1.267731382092775,1.4367622330384782
b,Sparse,1473,1.52127765851133,1.267731382092775,1.52127765851133
b,Sparse,1474,1.6057930839841814,1.267731382092775,1.6057930839841814
b,Sparse,1475,1.6903085094570331,1.267731382092775,1.6903085094570331
b,Sparse,1476,-1.6903085094570331,1.3522468075656264,-1.6903085094570331
b,Sparse,1477,-1.6057930839841814,1.3522468075656264,-1.6057930839841814
b,Sparse,1478,-1.52127765851133,1.3522468075656264,-1.52127765851133
b,Sparse,1479,-1.4367622330384782,1.3522468075656264,-1.4367622330384782
b,Sparse,1480,-1.3522468075656264,1.3522468075656264,-1.3522468075656264
b,Sparse,1481,-1.267731382092775,1.3522468075656264,-1.267731382092775
b,Sparse,1482,-1.1832159566199232,1.3522468075656264,-1.1832159566199232
b,Sparse,1483,-1.0987005311470714,1.3522468075656264,-1.0987005311470714
b,Sparse,1484,-1.01418510567422,1.3522468075656264,-1.01418510567422
b,Sparse,1485,-0.9296696802013682,1.3522468075656264,-0.9296696802013682
b,Sparse,1486,-0.8451542547285166,1.3522468075656264,-0.8451542547285166
b,Sparse,1487,-0.760638829255665,1.3522468075656264,-0.760638829255665
b,Sparse,1488,-0.6761234037828132,1.3522468075656264,-0.6761234037828132
b,Sparse,1489,-0.5916079783099616,1.3522468075656264,-0.5916079783099616
b,Sparse,1490,-0.50709255283711,1.3522468075656264,-0.50709255283711
b,Sparse,1491,-0.4225771273642583,1.3522468075656264,-0.4225771273642583
b,Sparse,1492,-0.3380617018914066,1.3522468075656264,-0.3380617018914066
b,Sparse,1493,-0.253546276418555,1.3522468075656264,-0.253546276418555
b,Sparse,1494,-0.1690308509457033,1.3522468075656264,-0.1690308509457033
b,Sparse,1495,-0.08451542547285165,1.3522468075656264,-0.08451542547285165
b,Sparse,1496,0.0,1.3522468075656264,4.2269050312914945e-18
b,Sparse,1497,0.08451542547285165,1.3522468075656264,0.08451542547285165
b,Sparse,1498,0.1690308509457033,1.3522468075656264,0.1690308509457033
b,Sparse,1499,0.253546276418555,1.3522468075656264,0.253546276418555
b,Sparse,1500,0.3380617018914066,1.3522468075656264,0.3380617018914066
b,Sparse,1501,0.4225771273642583,1.3522468075656264,0.4225771273642583
b,Sparse,1502,0.50709255283711,1.3522468075656264,0.50709255283711
b,Sparse,1503,0.5916079783099616,1.3522468075656264,0.5916079783099616
b,Sparse,1504,0.6761234037828132,1.3522468075656264,0.6761234037828132
b,Sparse,1505,0.760638829255665,1.3522468075656264,0.760638829255665
b,Sparse,1506,0.8451542547285166,1.3522468075656264,0.8451542547285166
b,Sparse,1507,0.9296696802013682,1.3522468075656264,0.9296696802013682
b,Sparse,1508,1.01418510567422,1.3522468075656264,1.01418510567422
b,Sparse,1509,1.0987005311470714,1.3522468075656264,1.0987005311470714
b,Sparse,1510,1.1832159566199232,1.3522468075656264,1.1832159566199232
b,Sparse,1511,1.267731382092775,1.3522468075656264,1.267731382092775
b,Sparse,1512,1.3522468075656264,1.3522468075656264,1.3522468075656264
b,Sparse,1513,1.4367622330384782,1.3522468075656264,1.4367622330384782
b,Sparse,1514,1.52127765851133,1.3522468075656264,1.52127765851133
b,Sparse,1515,1.6057930839841814,1.3522468075656264,1.6057930839841814
b,Sparse,1516,1.6903085094570331,1.3522468075656264,1.6903085094570331
b,Sparse,1517,-1.6903085094570331,1.4367622330384782,-1.6903085094570331
b,Sparse,1518,-1.6057930839841814,1.4367622330384782,-1.6057930839841814
b,Sparse,1519,-1.52127765851133,1.4367622330384782,-1.52127765851133
b,Sparse,1520,-1.4367622330384782,1.4367622330384782,-1.4367622330384782
b,Sparse,1521,-1.3522468075656264,1.4367622330384782,-1.3522468075656264
b,Sparse,1522,-1.267731382092775,1.4367622330384782,-1.267731382092775
b,Sparse,1523,-1.1832159566199232,1.4367622330384782,-1.1832159566199232
b,Sparse,1524,-1.0987005311470714,1.4367622330384782,-1.0987005311470714
b,Sparse,1525,-1.01418510567422,1.4367622330384782,-1.01418510567422
b,Sparse,1526,-0.9296696802013682,1.4367622330384782,-0.9296696802013682
b,Sparse,1527,-0.8451542547285166,1.4367622330384782,-0.8451542547285166
b,Sparse,1528,-0.760638829255665,1.4367622330384782,-0.760638829255665
b,Sparse,1529,-0.6761234037828132,1.4367622330384782,-0.6761234037828132
b,Sparse,1530,-0.5916079783099616,1.4367622330384782,-0.5916079783099616
b,Sparse,1531,-0.50709255283711,1.4367622330384782,-0.50709255283711
b,Sparse,1532,-0.4225771273642583,1.4367622330384782,-0.4225771273642583
b,Sparse,1533,-0.3380617018914066,1.4367622330384782,-0.3380617018914066
b,Sparse,1534,-0.253546276418555,1.4367622330384782,-0.253546276418555
b,Sparse,1535,-0.1690308509457033,1.4367622330384782,-0.1690308509457033
b,Sparse,1536,-0.08451542547285165,1.4367622330384782,-0.08451542547285165
b,Sparse,1537,0.0,1.4367622330384782,4.2269050312914945e-18
b,Sparse,1538,0.08451542547285165,1.4367622330384782,0.08451542547285165
b,Sparse,1539,0.1690308509457033,1.4367622330384782,0.1690308509457033
b,Sparse,1540,0.253546276418555,1.4367622330384782,0.253546276418555
b,Sparse,1541,0.3380617018914066,1.4367622330384782,0.3380617018914066
b,Sparse,1542,0.4225771273642583,1.4367622330384782,0.4225771273642583
b,Sparse,1543,0.50709255283711,1.4367622330384782,0.50709255283711
b,Sparse,1544,0.5916079783099616,1.4367622330384782,0.5916079783099616
b,Sparse,1545,0.6761234037828132,1.4367622330384782,0.6761234037828132
b,Sparse,1546,0.760638829255665,1.4367622330384782,0.760638829255665
b,Sparse,1547,0.8451542547285166,1.4367622330384782,0.8451542547285166
b,Sparse,1548,0.9296696802013682,1.4367622330384782,0.9296696802013682
b,Sparse,1549,1.01418510567422,1.4367622330384782,1.01418510567422
b,Sparse,1550,1.0987005311470714,1.4367622330384782,1.0987005311470714
b,Sparse,1551,1.1832159566199232,1.4367622330384782,1.1832159566199232
b,Sparse,1552,1.267731382092775,1.4367622330384782,1.267731382092775
b,Sparse,1553,1.3522468075656264,1.4367622330384782,1.3522468075656264
b,Sparse,1554,1.4367622330384782,1.4367622330384782,1.4367622330384782
b,Sparse,1555,1.52127765851133,1.4367622330384782,1.52127765851133
b,Sparse,1556,1.6057930839841814,1.4367622330384782,1.6057930839841814
b,Sparse,1557,1.6903085094570331,1.4367622330384782,1.6903085094570331
b,Sparse,1558,-1.6903085094570331,1.52127765851133,-1.6903085094570331
b,Sparse,1559,-1.6057930839841814,1.52127765851133,-1.6057930839841814
b,Sparse,1560,-1.52127765851133,1.52127765851133,-1.52127765851133
b,Sparse,1561,-1.4367622330384782,1.52127765851133,-1.4367622330384782
b,Sparse,1562,-1.3522468075656264,1.52127765851133,-1.3522468075656264
b,Sparse,1563,-1.267731382092775,1.52127765851133,-1.267731382092775
b,Sparse,1564,-1.1832159566199232,1.52127765851133,-1.1832159566199232
b,Sparse,1565,-1.0987005311470714,1.52127765851133,-1.0987005311470714
b,Sparse,1566,-1.01418510567422,1.52127765851133,-1.01418510567422
b,Sparse,1567,-0.9296696802013682,1.52127765851133,-0.9296696802013682
b,Sparse,1568,-0.8451542547285166,1.52127765851133,-0.8451542547285166
b,Sparse,1569,-0.760638829255665,1.52127765851133,-0.760638829255665
b,Sparse,1570,-0.6761234037828132,1.52127765851133,-0.6761234037828132
b,Sparse,1571,-0.5916079783099616,1.52127765851133,-0.5916079783099616
b,Sparse,1572,-0.50709255283711,1.52127765851133,-0.50709255283711
b,Sparse,1573,-0.4225771273642583,1.52127765851133,-0.4225771273642583
b,Sparse,1574,-0.3380617018914066,1.52127765851133,-0.3380617018914066
b,Sparse,1575,-0.253546276418555,1.52127765851133,-0.253546276418555
b,Sparse,1576,-0.1690308509457033,1.52127765851133,-0.1690308509457033
b,Sparse,1577,-0.08451542547285165,1.52127765851133,-0.08451542547285165
b,Sparse,1578,0.0,1.52127765851133,4.2269050312914945e-18
b,Sparse,1579,0.08451542547285165,1.52127765851133,0.08451542547285165
b,Sparse,1580,0.1690308509457033,1.52127765851133,0.1690308509457033
b,Sparse,1581,0.253546276418555,1.52127765851133,0.253546276418555
b,Sparse,1582,0.3380617018914066,1.52127765851133,0.3380617018914066
b,Sparse,1583,0.4225771273642583,1.52127765851133,0.4225771273642583
b,Sparse,1584,0.50709255283711,1.52127765851133,0.50709255283711
b,Sparse,1585,0.5916079783099616,1.52127765851133,0.5916079783099616
b,Sparse,1586,0.6761234037828132,1.52127765851133,0.6761234037828132
b,Sparse,1587,0.760638829255665,1.52127765851133,0.760638829255665
b,Sparse,1588,0.8451542547285166,1.52127765851133,0.8451542547285166
b,Sparse,1589,0.9296696802013682,1.52127765851133,0.9296696802013682
b,Sparse,1590,1.01418510567422,1.52127765851133,1.01418510567422
b,Sparse,1591,1.0987005311470714,1.52127765851133,1.0987005311470714
b,Sparse,1592,1.1832159566199232,1.52127765851133,1.1832159566199232
b,Sparse,1593,1.267731382092775,1.52127765851133,1.267731382092775
b,Sparse,1594,1.3522468075656264,1.52127765851133,1.3522468075656264
b,Sparse,1595,1.4367622330384782,1.52127765851133,1.4367622330384782
b,Sparse,1596,1.52127765851133,1.52127765851133,1.52127765851133
b,Sparse,1597,1.6057930839841814,1.52127765851133,1.6057930839841814
b,Sparse,1598,1.6903085094570331,1.52127765851133,1.6903085094570331
b,Sparse,1599,-1.6903085094570331,1.6057930839841814,-1.6903085094570331
b,Sparse,1600,-1.6057930839841814,1.6057930839841814,-1.6057930839841814
b,Sparse,1601,-1.52127765851133,1.6057930839841814,-1.52127765851133
b,Sparse,1602,-1.4367622330384782,1.6057930839841814,-1.4367622330384782
b,Sparse,1603,-1.3522468075656264,1.6057930839841814,-1.3522468075656264
b,Sparse,1604,-1.267731382092775,1.6057930839841814,-1.267731382092775
b,Sparse,1605,-1.1832159566199232,1.6057930839841814,-1.1832159566199232
b,Sparse,1606,-1.0987005311470714,1.6057930839841814,-1.0987005311470714
b,Sparse,1607,-1.01418510567422,1.6057930839841814,-1.01418510567422
b,Sparse,1608,-0.9296696802013682,1.6057930839841814,-0.9296696802013682
b,Sparse,1609,-0.8451542547285166,1.6057930839841814,-0.8451542547285166
b,Sparse,1610,-0.760638829255665,1.6057930839841814,-0.760638829255665
b,Sparse,1611,-0.6761234037828132,1.6057930839841814,-0.6761234037828132
b,Sparse,1612,-0.5916079783099616,1.6057930839841814,-0.5916079783099616
b,Sparse,1613,-0.50709255283711,1.6057930839841814,-0.50709255283711
b,Sparse,1614,-0.4225771273642583,1.6057930839841814,-0.4225771273642583
b,Sparse,1615,-0.3380617018914066,1.6057930839841814,-0.3380617018914066
b,Sparse,1616,-0.253546276418555,1.6057930839841814,-0.253546276418555
b,Sparse,1617,-0.1690308509457033,1.6057930839841814,-0.1690308509457033
b,Sparse,1618,-0.08451542547285165,1.6057930839841814,-0.08451542547285165
b,Sparse,1619,0.0,1.6057930839841814,4.2269050312914945e-18
b,Sparse,1620,0.08451542547285165,1.6057930839841814,0.08451542547285165
b,Sparse,1621,0.1690308509457033,1.6057930839841814,0.1690308509457033
b,Sparse,1622,0.253546276418555,1.6057930839841814,0.253546276418555
b,Sparse,1623,0.3380617018914066,1.6057930839841814,0.3380617018914066
b,Sparse,1624,0.4225771273642583,1.6057930839841814,0.4225771273642583
b,Sparse,1625,0.50709255283711,1.6057930839841814,0.50709255283711
b,Sparse,1626,0.5916079783099616,1.6057930839841814,0.5916079783099616
b,Sparse,1627,0.6761234037828132,1.6057930839841814,0.6761234037828132
b,Sparse,1628,0.760638829255665,1.6057930839841814,0.760638829255665
b,Sparse,1629,0.8451542547285166,1.6057930839841814,0.8451542547285166
b,Sparse,1630,0.9296696802013682,1.6057930839841814,0.9296696802013682
b,Sparse,1631,1.01418510567422,1.6057930839841814,1.01418510567422
b,Sparse,1632,1.0987005311470714,1.6057930839841814,1.0987005311470714
b,Sparse,1633,1.1832159566199232,1.6057930839841814,1.1832159566199232
b,Sparse,1634,1.267731382092775,1.6057930839841814,1.267731382092775
b,Sparse,1635,1.3522468075656264,1.6057930839841814,1.3522468075656264
b,Sparse,1636,1.4367622330384782,1.6057930839841814,1.4367622330384782
b,Sparse,1637,1.52127765851133,1.6057930839841814,1.52127765851133
b,Sparse,1638,1.6057930839841814,1.6057930839841814,1.6057930839841814
b,Sparse,1639,1.6903085094570331,1.6057930839841814,1.6903085094570331
b,Sparse,1640,-1.6903085094570331,1.6903085094570331,-1.6903085094570331
b,Sparse,1641,-1.6057930839841814,1.6903085094570331,-1.6057930839841814
b,Sparse,1642,-1.52127765851133,1.6903085094570331,-1.52127765851133
b,Sparse,1643,-1.4367622330384782,1.6903085094570331,-1.4367622330384782
b,Sparse,1644,-1.3522468075656264,1.6903085094570331,-1.3522468075656264
b,Sparse,1645,-1.267731382092775,1.6903085094570331,-1.267731382092775
b,Sparse,1646,-1.1832159566199232,1.6903085094570331,-1.1832159566199232
b,Sparse,1647,-1.0987005311470714,1.6903085094570331,-1.0987005311470714
b,Sparse,1648,-1.01418510567422,1.6903085094570331,-1.01418510567422
b,Sparse,1649,-0.9296696802013682,1.6903085094570331,-0.9296696802013682
b,Sparse,1650,-0.8451542547285166,1.6903085094570331,-0.8451542547285166
b,Sparse,1651,-0.760638829255665,1.6903085094570331,-0.760638829255665
b,Sparse,1652,-0.6761234037828132,1.6903085094570331,-0.6761234037828132
b,Sparse,1653,-0.5916079783099616,1.6903085094570331,-0.5916079783099616
b,Sparse,1654,-0.50709255283711,1.6903085094570331,-0.50709255283711
b,Sparse,1655,-0.4225771273642583,1.6903085094570331,-0.4225771273642583
b,Sparse,1656,-0.3380617018914066,1.6903085094570331,-0.3380617018914066
b,Sparse,1657,-0.253546276418555,1.6903085094570331,-0.253546276418555
b,Sparse,1658,-0.1690308509457033,1.6903085094570331,-0.1690308509457033
b,Sparse,1659,-0.08451542547285165,1.6903085094570331,-0.08451542547285165
b,Sparse,1660,0.0,1.6903085094570331,4.2269050312914945e-18
b,Sparse,1661,0.08451542547285165,1.6903085094570331,0.08451542547285165
b,Sparse,1662,0.1690308509457033,1.6903085094570331,0.1690308509457033
b,Sparse,1663,0.253546276418555,1.6903085094570331,0.253546276418555
b,Sparse,1664,0.3380617018914066,1.6903085094570331,0.3380617018914066
b,Sparse,1665,0.4225771273642583,1.6903085094570331,0.4225771273642583
b,Sparse,1666,0.50709255283711,1.6903085094570331,0.50709255283711
b,Sparse,1667,0.5916079783099616,1.6903085094570331,0.5916079783099616
b,Sparse,1668,0.6761234037828132,1.6903085094570331,0.6761234037828132
b,Sparse,1669,0.760638829255665,1.6903085094570331,0.760638829255665
b,Sparse,1670,0.8451542547285166,1.6903085094570331,0.8451542547285166
b,Sparse,1671,0.9296696802013682,1.6903085094570331,0.9296696802013682
b,Sparse,1672,1.01418510567422,1.6903085094570331,1.01418510567422
b,Sparse,1673,1.0987005311470714,1.6903085094570331,1.0987005311470714
b,Sparse,1674,1.1832159566199232,1.6903085094570331,1.1832159566199232
b,Sparse,1675,1.267731382092775,1.6903085094570331,1.267731382092775
b,Sparse,1676,1.3522468075656264,1.6903085094570331,1.3522468075656264
b,Sparse,1677,1.4367622330384782,1.6903085094570331,1.4367622330384782
b,Sparse,1678,1.52127765851133,1.6903085094570331,1.52127765851133
b,Sparse,1679,1.6057930839841814,1.6903085094570331,1.6057930839841814
b,Sparse,1680,1.6903085094570331,1.6903085094570331,1.6903085094570331
c,Distributed,0,-1.6903085094570331,-1.6903085094570331,-2.3904572186687876
c,Distributed,1,-1.6057930839841814,-1.6903085094570331,-2.3306957882020676
c,Distributed,2,-1.52127765851133,-1.6903085094570331,-2.270934357735348
c,Distributed,3,-1.4367622330384782,-1.6903085094570331,-2.211172927268628
c,Distributed,4,-1.3522468075656264,-1.6903085094570331,-2.1514114968019085
c,Distributed,5,-1.267731382092775,-1.6903085094570331,-2.091650066335189
c,Distributed,6,-1.1832159566199232,-1.6903085094570331,-2.031888635868469
c,Distributed,7,-1.0987005311470714,-1.6903085094570331,-1.9721272054017496
c,Distributed,8,-1.01418510567422,-1.6903085094570331,-1.9123657749350298
c,Distributed,9,-0.9296696802013682,-1.6903085094570331,-1.8526043444683102
c,Distributed,10,-0.8451542547285166,-1.6903085094570331,-1.7928429140015905
c,Distributed,11,-0.760638829255665,-1.6903085094570331,-1.7330814835348707
c,Distributed,12,-0.6761234037828132,-1.6903085094570331,-1.6733200530681513
c,Distributed,13,-0.5916079783099616,-1.6903085094570331,-1.6135586226014316
c,Distributed,14,-0.50709255283711,-1.6903085094570331,-1.5537971921347118
c,Distributed,15,-0.4225771273642583,-1.6903085094570331,-1.494035761667992
c,Distributed,16,-0.3380617018914066,-1.6903085094570331,-1.4342743312012722
c,Distributed,17,-0.253546276418555,-1.6903085094570331,-1.3745129007345527
c,Distributed,18,-0.1690308509457033,-1.6903085094570331,-1.3147514702678331
c,Distributed,19,-0.08451542547285165,-1.6903085094570331,-1.2549900398011133
c,Distributed,20,0.0,-1.6903085094570331,-1.1952286093343938
c,Distributed,21,0.08451542547285165,-1.6903085094570331,-1.135467178867674
c,Distributed,22,0.1690308509457033,-1.6903085094570331,-1.0757057484009545
c,Distributed,23,0.253546276418555,-1.6903085094570331,-1.0159443179342347
c,Distributed,24,0.3380617018914066,-1.6903085094570331,-0.9561828874675151
c,Distributed,25,0.4225771273642583,-1.6903085094570331,-0.8964214570007953
c,Distributed,26,0.50709255283711,-1.6903085094570331,-0.8366600265340757
c,Distributed,27,0.5916079783099616,-1.6903085094570331,-0.7768985960673559
c,Distributed,28,0.6761234037828132,-1.6903085094570331,-0.7171371656006363
c,Distributed,29,0.760638829255665,-1.6903085094570331,-0.6573757351339166
c,Distributed,30,0.8451542547285166,-1.6903085094570331,-0.5976143046671969
c,Distributed,31,0.9296696802013682,-1.6903085094570331,-0.5378528742004772
c,Distributed,32,1.01418510567422,-1.6903085094570331,-0.47809144373375756
c,Distributed,33,1.0987005311470714,-1.6903085094570331,-0.41833001326703795
c,Distributed,34,1.1832159566199232,-1.6903085094570331,-0.3585685828003182
c,Distributed,35,1.267731382092775,-1.6903085094570331,-0.2988071523335985
c,Distributed,36,1.3522468075656264,-1.6903085094570331,-0.23904572186687892
c,Distributed,37,1.4367622330384782,-1.6903085094570331,-0.1792842914001592
c,Distributed,38,1.52127765851133,-1.6903085094570331,-0.11952286093343946
c,Distributed,39,1.6057930839841814,-1.6903085094570331,-0.05976143046671989
c,Distributed,40,1.6903085094570331,-1.6903085094570331,-1.570092458683775e-16
c,Distributed,41,-1.6903085094570331,-1.6057930839841814,-2.3306957882020676
c,Distributed,42,-1.6057930839841814,-1.6057930839841814,-2.270934357735348
c,Distributed,43,-1.52127765851133,-1.6057930839841814,-2.211172927268628
c,Distributed,44,-1.4367622330384782,-1.6057930839841814,-2.1514114968019085
c,Distributed,45,-1.3522468075656264,-1.6057930839841814,-2.091650066335189
c,Distributed,46,-1.267731382092775,-1.6057930839841814,-2.031888635868469
c,Distributed,47,-1.1832159566199232,-1.6057930839841814,-1.9721272054017496
c,Distributed,48,-1.0987005311470714,-1.6057930839841814,-1.9123657749350296
c,Distributed,49,-1.01418510567422,-1.6057930839841814,-1.8526043444683102
c,Distributed,50,-0.9296696802013682,-1.6057930839841814,-1.7928429140015905
c,Distributed,51,-0.8451542547285166,-1.6057930839841814,-1.7330814835348707
c,Distributed,52,-0.760638829255665,-1.6057930839841814,-1.6733200530681513
c,Distributed,53,-0.6761234037828132,-1.6057930839841814,-1.6135586226014311
c,Distributed,54,-0.5916079783099616,-1.6057930839841814,-1.5537971921347118
c,Distributed,55,-0.50709255283711,-1.6057930839841814,-1.494035761667992
c,Distributed,56,-0.4225771273642583,-1.6057930839841814,-1.4342743312012722
c,Distributed,57,-0.3380617018914066,-1.6057930839841814,-1.3745129007345527
c,Distributed,58,-0.253546276418555,-1.6057930839841814,-1.3147514702678331
c,Distributed,59,-0.1690308509457033,-1.6057930839841814,-1.2549900398011133
c,Distributed,60,-0.08451542547285165,-1.6057930839841814,-1.1952286093343938
c,Distributed,61,0.0,-1.6057930839841814,-1.135467178867674
c,Distributed,62,0.08451542547285165,-1.6057930839841814,-1.0757057484009542
c,Distributed,63,0.1690308509457033,-1.6057930839841814,-1.0159443179342347
c,Distributed,64,0.253546276418555,-1.6057930839841814,-0.9561828874675149
c,Distributed,65,0.3380617018914066,-1.6057930839841814,-0.8964214570007953
c,Distributed,66,0.4225771273642583,-1.6057930839841814,-0.8366600265340757
c,Distributed,67,0.50709255283711,-1.6057930839841814,-0.7768985960673559
c,Distributed,68,0.5916079783099616,-1.6057930839841814,-0.7171371656006361
c,Distributed,69,0.6761234037828132,-1.6057930839841814,-0.6573757351339166
c,Distributed,70,0.760638829255665,-1.6057930839841814,-0.5976143046671969
c,Distributed,71,0.8451542547285166,-1.6057930839841814,-0.5378528742004772
c,Distributed,72,0.9296696802013682,-1.6057930839841814,-0.47809144373375756
c,Distributed,73,1.01418510567422,-1.6057930839841814,-0.41833001326703784
c,Distributed,74,1.0987005311470714,-1.6057930839841814,-0.3585685828003182
c,Distributed,75,1.1832159566199232,-1.6057930839841814,-0.2988071523335985
c,Distributed,76,1.267731382092775,-1.6057930839841814,-0.23904572186687878
c,Distributed,77,1.3522468075656264,-1.6057930839841814,-0.1792842914001592
c,Distributed,78,1.4367622330384782,-1.6057930839841814,-0.11952286093343946
c,Distributed,79,1.52127765851133,-1.6057930839841814,-0.05976143046671973
c,Distributed,80,1.6057930839841814,-1.6057930839841814,-1.570092458683775e-16
c,Distributed,81,1.6903085094570331,-1.6057930839841814,0.05976143046671958
c,Distributed,82,-1.6903085094570331,-1.52127765851133,-2.270934357735348
c,Distributed,83,-1.6057930839841814,-1.52127765851133,-2.211172927268628
c,Distributed,84,-1.52127765851133,-1.52127765851133,-2.1514114968019085
c,Distributed,85,-1.4367622330384782,-1.52127765851133,-2.091650066335189
c,Distributed,86,-1.3522468075656264,-1.52127765851133,-2.031888635868469
c,Distributed,87,-1.267731382092775,-1.52127765851133,-1.9721272054017496
c,Distributed,88,-1.1832159566199232,-1.52127765851133,-1.9123657749350298
c,Distributed,89,-1.0987005311470714,-1.52127765851133,-1.8526043444683102
c,Distributed,90,-1.01418510567422,-1.52127765851133,-1.7928429140015907
c,Distributed,91,-0.9296696802013682,-1.52127765851133,-1.7330814835348707
c,Distributed,92,-0.8451542547285166,-1.52127765851133,-1.6733200530681513
c,Distributed,93,-0.760638829255665,-1.52127765851133,-1.6135586226014316
c,Distributed,94,-0.6761234037828132,-1.52127765851133,-1.5537971921347118
c,Distributed,95,-0.5916079783099616,-1.52127765851133,-1.494035761667992
c,Distributed,96,-0.50709255283711,-1.52127765851133,-1.4342743312012722
c,Distributed,97,-0.4225771273642583,-1.52127765851133,-1.3745129007345527
c,Distributed,98,-0.3380617018914066,-1.52127765851133,-1.3147514702678331
c,Distributed,99,-0.253546276418555,-1.52127765851133,-1.2549900398011133
c,Distributed,100,-0.1690308509457033,-1.52127765851133,-1.1952286093343938
c,Distributed,101,-0.08451542547285165,-1.52127765851133,-1.1354671788676742
c,Distributed,102,0.0,-1.52127765851133,-1.0757057484009545
c,Distributed,103,0.08451542547285165,-1.52127765851133,-1.0159443179342347
c,Distributed,104,0.1690308509457033,-1.52127765851133,-0.9561828874675151
c,Distributed,105,0.253546276418555,-1.52127765851133,-0.8964214570007953
c,Distributed,106,0.3380617018914066,-1.52127765851133,-0.8366600265340757
c,Distributed,107,0.4225771273642583,-1.52127765851133,-0.776898596067356
c,Distributed,108,0.50709255283711,-1.52127765851133,-0.7171371656006363
c,Distributed,109,0.5916079783099616,-1.52127765851133,-0.6573757351339167
c,Distributed,110,0.6761234037828132,-1.52127765851133,-0.597614304667197
c,Distributed,111,0.760638829255665,-1.52127765851133,-0.5378528742004772
c,Distributed,112,0.8451542547285166,-1.52127765851133,-0.4780914437337576
c,Distributed,113,0.9296696802013682,-1.52127765851133,-0.41833001326703795
c,Distributed,114,1.01418510567422,-1.52127765851133,-0.3585685828003182
c,Distributed,115,1.0987005311470714,-1.52127765851133,-0.29880715233359867
c,Distributed,116,1.1832159566199232,-1.52127765851133,-0.23904572186687892
c,Distributed,117,1.267731382092775,-1.52127765851133,-0.1792842914001592
c,Distributed,118,1.3522468075656264,-1.52127765851133,-0.11952286093343963
c,Distributed,119,1.4367622330384782,-1.52127765851133,-0.05976143046671989
c,Distributed,120,1.52127765851133,-1.52127765851133,-1.570092458683775e-16
c,Distributed,121,1.6057930839841814,-1.52127765851133,0.05976143046671942
c,Distributed,122,1.6903085094570331,-1.52127765851133,0.11952286093343915
c,Distributed,123,-1.6903085094570331,-1.4367622330384782,-2.211172927268628
c,Distributed,124,-1.6057930839841814,-1.4367622330384782,-2.1514114968019085
c,Distributed,125,-1.52127765851133,-1.4367622330384782,-2.091650066335189
c,Distributed,126,-1.4367622330384782,-1.4367622330384782,-2.031888635868469
c,Distributed,127,-1.3522468075656264,-1.4367622330384782,-1.9721272054017496
c,Distributed,128,-1.267731382092775,-1.4367622330384782,-1.9123657749350298
c,Distributed,129,-1.1832159566199232,-1.4367622330384782,-1.8526043444683102
c,Distributed,130,-1.0987005311470714,-1.4367622330384782,-1.7928429140015905
c,Distributed,131,-1.01418510567422,-1.4367622330384782,-1.7330814835348707
c,Distributed,132,-0.9296696802013682,-1.4367622330384782,-1.6733200530681513
c,Distributed,133,-0.8451542547285166,-1.4367622330384782,-1.6135586226014316
c,Distributed,134,-0.760638829255665,-1.4367622330384782,-1.5537971921347118
c,Distributed,135,-0.6761234037828132,-1.4367622330384782,-1.494035761667992
c,Distributed,136,-0.5916079783099616,-1.4367622330384782,-1.4342743312012722
c,Distributed,137,-0.50709255283711,-1.4367622330384782,-1.3745129007345527
c,Distributed,138,-0.4225771273642583,-1.4367622330384782,-1.3147514702678331
c,Distributed,139,-0.3380617018914066,-1.4367622330384782,-1.2549900398011133
c,Distributed,140,-0.253546276418555,-1.4367622330384782,-1.1952286093343938
c,Distributed,141,-0.1690308509457033,-1.4367622330384782,-1.135467178867674
c,Distributed,142,-0.08451542547285165,-1.4367622330384782,-1.0757057484009545
c,Distributed,143,0.0,-1.4367622330384782,-1.0159443179342347
c,Distributed,144,0.08451542547285165,-1.4367622330384782,-0.9561828874675149
c,Distributed,145,0.1690308509457033,-1.4367622330384782,-0.8964214570007953
c,Distributed,146,0.253546276418555,-1.4367622330384782,-0.8366600265340757
c,Distributed,147,0.3380617018914066,-1.4367622330384782,-0.7768985960673559
c,Distributed,148,0.4225771273642583,-1.4367622330384782,-0.7171371656006363
c,Distributed,149,0.50709255283711,-1.4367622330384782,-0.6573757351339166
c,Distributed,150,0.5916079783099616,-1.4367622330384782,-0.5976143046671969
c,Distributed,151,0.6761234037828132,-1.4367622330384782,-0.5378528742004772
c,Distributed,152,0.760638829255665,-1.4367622330384782,-0.47809144373375756
c,Distributed,153,0.8451542547285166,-1.4367622330384782,-0.4183300132670379
c,Distributed,154,0.9296696802013682,-1.4367622330384782,-0.3585685828003182
c,Distributed,155,1.01418510567422,-1.4367622330384782,-0.2988071523335985
c,Distributed,156,1.0987005311470714,-1.4367622330384782,-0.23904572186687892
c,Distributed,157,1.1832159566199232,-1.4367622330384782,-0.1792842914001592
c,Distributed,158,1.267731382092775,-1.4367622330384782,-0.11952286093343946
c,Distributed,159,1.3522468075656264,-1.4367622330384782,-0.05976143046671989
c,Distributed,160,1.4367622330384782,-1.4367622330384782,-1.570092458683775e-16
c,Distributed,161,1.52127765851133,-1.4367622330384782,0.05976143046671958
c,Distributed,162,1.6057930839841814,-1.4367622330384782,0.11952286093343915
c,Distributed,163,1.6903085094570331,-1.4367622330384782,0.1792842914001589
c,Distributed,164,-1.6903085094570331,-1.3522468075656264,-2.1514114968019085
c,Distributed,165,-1.6057930839841814,-1.3522468075656264,-2.091650066335189
c,Distributed,166,-1.52127765851133,-1.3522468075656264,-2.031888635868469
c,Distributed,167,-1.4367622330384782,-1.3522468075656264,-1.9721272054017496
c,Distributed,168,-1.3522468075656264,-1.3522468075656264,-1.9123657749350296
c,Distributed,169,-1.267731382092775,-1.3522468075656264,-1.8526043444683102
c,Distributed,170,-1.1832159566199232,-1.3522468075656264,-1.7928429140015905
c,Distributed,171,-1.0987005311470714,-1.3522468075656264,-1.7330814835348707
c,Distributed,172,-1.01418510567422,-1.3522468075656264,-1.6733200530681513
c,Distributed,173,-0.9296696802013682,-1.3522468075656264,-1.6135586226014311
c,Distributed,174,-0.8451542547285166,-1.3522468075656264,-1.5537971921347118
c,Distributed,175,-0.760638829255665,-1.3522468075656264,-1.494035761667992
c,Distributed,176,-0.6761234037828132,-1.3522468075656264,-1.4342743312012722
c,Distributed,177,-0.5916079783099616,-1.3522468075656264,-1.3745129007345527
c,Distributed,178,-0.50709255283711,-1.3522468075656264,-1.3147514702678331
c,Distributed,179,-0.4225771273642583,-1.3522468075656264,-1.2549900398011133
c,Distributed,180,-0.3380617018914066,-1.3522468075656264,-1.1952286093343938
c,Distributed,181,-0.253546276418555,-1.3522468075656264,-1.135467178867674
c,Distributed,182,-0.1690308509457033,-1.3522468075656264,-1.0757057484009542
c,Distributed,183,-0.08451542547285165,-1.3522468075656264,-1.0159443179342347
c,Distributed,184,0.0,-1.3522468075656264,-0.9561828874675149
c,Distributed,185,0.08451542547285165,-1.3522468075656264,-0.8964214570007952
c,Distributed,186,0.1690308509457033,-1.3522468075656264,-0.8366600265340757
c,Distributed,187,0.253546276418555,-1.3522468075656264,-0.7768985960673559
c,Distributed,188,0.3380617018914066,-1.3522468075656264,-0.7171371656006361
c,Distributed,189,0.4225771273642583,-1.3522468075656264,-0.6573757351339166
c,Distributed,190,0.50709255283711,-1.3522468075656264,-0.5976143046671969
c,Distributed,191,0.5916079783099616,-1.3522468075656264,-0.5378528742004772
c,Distributed,192,0.6761234037828132,-1.3522468075656264,-0.47809144373375756
c,Distributed,193,0.760638829255665,-1.3522468075656264,-0.41833001326703784
c,Distributed,194,0.8451542547285166,-1.3522468075656264,-0.35856858280031817
c,Distributed,195,0.9296696802013682,-1.3522468075656264,-0.2988071523335985
c,Distributed,196,1.01418510567422,-1.3522468075656264,-0.23904572186687878
c,Distributed,197,1.0987005311470714,-1.3522468075656264,-0.1792842914001592
c,Distributed,198,1.1832159566199232,-1.3522468075656264,-0.11952286093343946
c,Distributed,199,1.267731382092775,-1.3522468075656264,-0.05976143046671973
c,Distributed,200,1.3522468075656264,-1.3522468075656264,-1.570092458683775e-16
c,Distributed,201,1.4367622330384782,-1.3522468075656264,0.05976143046671958
c,Distributed,202,1.52127765851133,-1.3522468075656264,0.1195228609334393
c,Distributed,203,1.6057930839841814,-1.3522468075656264,0.1792842914001589
c,Distributed,204,1.6903085094570331,-1.3522468075656264,0.2390457218668786
c,Distributed,205,-1.6903085094570331,-1.267731382092775,-2.091650066335189
c,Distributed,206,-1.6057930839841814,-1.267731382092775,-2.031888635868469
c,Distributed,207,-1.52127765851133,-1.267731382092775,-1.9721272054017496
c,Distributed,208,-1.4367622330384782,-1.267731382092775,-1.9123657749350298
c,Distributed,209,-1.3522468075656264,-1.267731382092775,-1.8526043444683102
c,Distributed,210,-1.267731382092775,-1.267731382092775,-1.7928429140015907
c,Distributed,211,-1.1832159566199232,-1.267731382092775,-1.7330814835348707
c,Distributed,212,-1.0987005311470714,-1.267731382092775,-1.6733200530681513
c,Distributed,213,-1.01418510567422,-1.267731382092775,-1.6135586226014316
c,Distributed,214,-0.9296696802013682,-1.267731382092775,-1.5537971921347118
c,Distributed,215,-0.8451542547285166,-1.267731382092775,-1.494035761667992
c,Distributed,216,-0.760638829255665,-1.267731382092775,-1.4342743312012722
c,Distributed,217,-0.6761234037828132,-1.267731382092775,-1.3745129007345527
c,Distributed,218,-0.5916079783099616,-1.267731382092775,-1.3147514702678331
c,Distributed,219,-0.50709255283711,-1.267731382092775,-1.2549900398011133
c,Distributed,220,-0.4225771273642583,-1.267731382092775,-1.1952286093343938
c,Distributed,221,-0.3380617018914066,-1.267731382092775,-1.135467178867674
c,Distributed,222,-0.253546276418555,-1.267731382092775,-1.0757057484009545
c,Distributed,223,-0.1690308509457033,-1.267731382092775,-1.0159443179342347
c,Distributed,224,-0.08451542547285165,-1.267731382092775,-0.9561828874675151
c,Distributed,225,0.0,-1.267731382092775,-0.8964214570007953
c,Distributed,226,0.08451542547285165,-1.267731382092775,-0.8366600265340757
c,Distributed,227,0.1690308509457033,-1.267731382092775,-0.776898596067356
c,Distributed,228,0.253546276418555,-1.267731382092775,-0.7171371656006363
c,Distributed,229,0.3380617018914066,-1.267731382092775,-0.6573757351339167
c,Distributed,230,0.4225771273642583,-1.267731382092775,-0.597614304667197
c,Distributed,231,0.50709255283711,-1.267731382092775,-0.5378528742004772
c,Distributed,232,0.5916079783099616,-1.267731382092775,-0.4780914437337576
c,Distributed,233,0.6761234037828132,-1.267731382092775,-0.41833001326703795
c,Distributed,234,0.760638829255665,-1.267731382092775,-0.3585685828003182
c,Distributed,235,0.8451542547285166,-1.267731382092775,-0.29880715233359856
c,Distributed,236,0.9296696802013682,-1.267731382092775,-0.23904572186687892
c,Distributed,237,1.01418510567422,-1.267731382092775,-0.1792842914001592
c,Distributed,238,1.0987005311470714,-1.267731382092775,-0.11952286093343963
c,Distributed,239,1.1832159566199232,-1.267731382092775,-0.05976143046671989
c,Distributed,240,1.267731382092775,-1.267731382092775,-1.570092458683775e-16
c,Distributed,241,1.3522468075656264,-1.267731382092775,0.05976143046671942
c,Distributed,242,1.4367622330384782,-1.267731382092775,0.11952286093343915
c,Distributed,243,1.52127765851133,-1.267731382092775,0.1792842914001589
c,Distributed,244,1.6057930839841814,-1.267731382092775,0.23904572186687845
c,Distributed,245,1.6903085094570331,-1.267731382092775,0.29880715233359817
c,Distributed,246,-1.6903085094570331,-1.1832159566199232,-2.031888635868469
c,Distributed,247,-1.6057930839841814,-1.1832159566199232,-1.9721272054017496
c,Distributed,248,-1.52127765851133,-1.1832159566199232,-1.9123657749350298
c,Distributed,249,-1.4367622330384782,-1.1832159566199232,-1.8526043444683102
c,Distributed,250,-1.3522468075656264,-1.1832159566199232,-1.7928429140015905
c,Distributed,251,-1.267731382092775,-1.1832159566199232,-1.7330814835348707
c,Distributed,252,-1.1832159566199232,-1.1832159566199232,-1.6733200530681513
c,Distributed,253,-1.0987005311470714,-1.1832159566199232,-1.6135586226014311
c,Distributed,254,-1.01418510567422,-1.1832159566199232,-1.5537971921347118
c,Distributed,255,-0.9296696802013682,-1.1832159566199232,-1.494035761667992
c,Distributed,256,-0.8451542547285166,-1.1832159566199232,-1.4342743312012722
c,Distributed,257,-0.760638829255665,-1.1832159566199232,-1.3745129007345527
c,Distributed,258,-0.6761234037828132,-1.1832159566199232,-1.3147514702678331
c,Distributed,259,-0.5916079783099616,-1.1832159566199232,-1.2549900398011133
c,Distributed,260,-0.50709255283711,-1.1832159566199232,-1.1952286093343938
c,Distributed,261,-0.4225771273642583,-1.1832159566199232,-1.135467178867674
c,Distributed,262,-0.3380617018914066,-1.1832159566199232,-1.0757057484009542
c,Distributed,263,-0.253546276418555,-1.1832159566199232,-1.0159443179342347
c,Distributed,264,-0.1690308509457033,-1.1832159566199232,-0.9561828874675149
c,Distributed,265,-0.08451542547285165,-1.1832159566199232,-0.8964214570007953
c,Distributed,266,0.0,-1.1832159566199232,-0.8366600265340757
c,Distributed,267,0.08451542547285165,-1.1832159566199232,-0.7768985960673559
c,Distributed,268,0.1690308509457033,-1.1832159566199232,-0.7171371656006363
c,Distributed,269,0.253546276418555,-1.1832159566199232,-0.6573757351339166
c,Distributed,270,0.3380617018914066,-1.1832159566199232,-0.5976143046671969
c,Distributed,271,0.4225771273642583,-1.1832159566199232,-0.5378528742004772
c,Distributed,272,0.50709255283711,-1.1832159566199232,-0.47809144373375756
c,Distributed,273,0.5916079783099616,-1.1832159566199232,-0.4183300132670379
c,Distributed,274,0.6761234037828132,-1.1832159566199232,-0.3585685828003182
c,Distributed,275,0.760638829255665,-1.1832159566199232,-0.2988071523335985
c,Distributed,276,0.8451542547285166,-1.1832159566199232,-0.23904572186687886
c,Distributed,277,0.9296696802013682,-1.1832159566199232,-0.1792842914001592
c,Distributed,278,1.01418510567422,-1.1832159566199232,-0.11952286093343946
c,Distributed,279,1.0987005311470714,-1.1832159566199232,-0.05976143046671989
c,Distributed,280,1.1832159566199232,-1.1832159566199232,-1.570092458683775e-16
c,Distributed,281,1.267731382092775,-1.1832159566199232,0.05976143046671958
c,Distributed,282,1.3522468075656264,-1.1832159566199232,0.11952286093343915
c,Distributed,283,1.4367622330384782,-1.1832159566199232,0.1792842914001589
c,Distributed,284,1.52127765851133,-1.1832159566199232,0.2390457218668786
c,Distributed,285,1.6057930839841814,-1.1832159566199232,0.29880715233359817
c,Distributed,286,1.6903085094570331,-1.1832159566199232,0.35856858280031795
c,Distributed,287,-1.6903085094570331,-1.0987005311470714,-1.9721272054017496
c,Distributed,288,-1.6057930839841814,-1.0987005311470714,-1.9123657749350296
c,Distributed,289,-1.52127765851133,-1.0987005311470714,-1.8526043444683102
c,Distributed,290,-1.4367622330384782,-1.0987005311470714,-1.7928429140015905
c,Distributed,291,-1.3522468075656264,-1.0987005311470714,-1.7330814835348707
c,Distributed,292,-1.267731382092775,-1.0987005311470714,-1.6733200530681513
c,Distributed,293,-1.1832159566199232,-1.0987005311470714,-1.6135586226014311
c,Distributed,294,-1.0987005311470714,-1.0987005311470714,-1.5537971921347118
c,Distributed,295,-1.01418510567422,-1.0987005311470714,-1.494035761667992
c,Distributed,296,-0.9296696802013682,-1.0987005311470714,-1.4342743312012722
c,Distributed,297,-0.8451542547285166,-1.0987005311470714,-1.3745129007345527
c,Distributed,298,-0.760638829255665,-1.0987005311470714,-1.3147514702678331
c,Distributed,299,-0.6761234037828132,-1.0987005311470714,-1.2549900398011133
c,Distributed,300,-0.5916079783099616,-1.0987005311470714,-1.1952286093343938
c,Distributed,301,-0.50709255283711,-1.0987005311470714,-1.135467178867674
c,Distributed,302,-0.4225771273642583,-1.0987005311470714,-1.0757057484009542
c,Distributed,303,-0.3380617018914066,-1.0987005311470714,-1.0159443179342345
c,Distributed,304,-0.253546276418555,-1.0987005311470714,-0.9561828874675149
c,Distributed,305,-0.1690308509457033,-1.0987005311470714,-0.8964214570007952
c,Distributed,306,-0.08451542547285165,-1.0987005311470714,-0.8366600265340757
c,Distributed,307,0.0,-1.0987005311470714,-0.7768985960673559
c,Distributed,308,0.08451542547285165,-1.0987005311470714,-0.7171371656006361
c,Distributed,309,0.1690308509457033,-1.0987005311470714,-0.6573757351339166
c,Distributed,310,0.253546276418555,-1.0987005311470714,-0.5976143046671969
c,Distributed,311,0.3380617018914066,-1.0987005311470714,-0.5378528742004772
c,Distributed,312,0.4225771273642583,-1.0987005311470714,-0.47809144373375756
c,Distributed,313,0.50709255283711,-1.0987005311470714,-0.41833001326703784
c,Distributed,314,0.5916079783099616,-1.0987005311470714,-0.35856858280031817
c,Distributed,315,0.6761234037828132,-1.0987005311470714,-0.2988071523335985
c,Distributed,316,0.760638829255665,-1.0987005311470714,-0.23904572186687878
c,Distributed,317,0.8451542547285166,-1.0987005311470714,-0.1792842914001591
c,Distributed,318,0.9296696802013682,-1.0987005311470714,-0.11952286093343946
c,Distributed,319,1.01418510567422,-1.0987005311470714,-0.05976143046671973
c,Distributed,320,1.0987005311470714,-1.0987005311470714,-1.570092458683775e-16
c,Distributed,321,1.1832159566199232,-1.0987005311470714,0.05976143046671958
c,Distributed,322,1.267731382092775,-1.0987005311470714,0.1195228609334393
c,Distributed,323,1.3522468075656264,-1.0987005311470714,0.1792842914001589
c,Distributed,324,1.4367622330384782,-1.0987005311470714,0.2390457218668786
c,Distributed,325,1.52127765851133,-1.0987005311470714,0.29880715233359834
c,Distributed,326,1.6057930839841814,-1.0987005311470714,0.35856858280031795
c,Distributed,327,1.6903085094570331,-1.0987005311470714,0.41833001326703767
c,Distributed,328,-1.6903085094570331,-1.01418510567422,-1.9123657749350298
c,Distributed,329,-1.6057930839841814,-1.01418510567422,-1.8526043444683102
c,Distributed,330,-1.52127765851133,-1.01418510567422,-1.7928429140015907
c,Distributed,331,-1.4367622330384782,-1.01418510567422,-1.7330814835348707
c,Distributed,332,-1.3522468075656264,-1.01418510567422,-1.6733200530681513
c,Distributed,333,-1.267731382092775,-1.01418510567422,-1.6135586226014316
c,Distributed,334,-1.1832159566199232,-1.01418510567422,-1.5537971921347118
c,Distributed,335,-1.0987005311470714,-1.01418510567422,-1.494035761667992
c,Distributed,336,-1.01418510567422,-1.01418510567422,-1.4342743312012722
c,Distributed,337,-0.9296696802013682,-1.01418510567422,-1.3745129007345527
c,Distributed,338,-0.8451542547285166,-1.01418510567422,-1.3147514702678331
c,Distributed,339,-0.760638829255665,-1.01418510567422,-1.2549900398011133
c,Distributed,340,-0.6761234037828132,-1.01418510567422,-1.1952286093343938
c,Distributed,341,-0.5916079783099616,-1.01418510567422,-1.135467178867674
c,Distributed,342,-0.50709255283711,-1.01418510567422,-1.0757057484009545
c,Distributed,343,-0.4225771273642583,-1.01418510567422,-1.0159443179342347
c,Distributed,344,-0.3380617018914066,-1.01418510567422,-0.9561828874675151
c,Distributed,345,-0.253546276418555,-1.01418510567422,-0.8964214570007953
c,Distributed,346,-0.1690308509457033,-1.01418510567422,-0.8366600265340757
c,Distributed,347,-0.08451542547285165,-1.01418510567422,-0.776898596067356
c,Distributed,348,0.0,-1.01418510567422,-0.7171371656006363
c,Distributed,349,0.08451542547285165,-1.01418510567422,-0.6573757351339167
c,Distributed,350,0.1690308509457033,-1.01418510567422,-0.597614304667197
c,Distributed,351,0.253546276418555,-1.01418510567422,-0.5378528742004772
c,Distributed,352,0.3380617018914066,-1.01418510567422,-0.4780914437337576
c,Distributed,353,0.4225771273642583,-1.01418510567422,-0.41833001326703795
c,Distributed,354,0.50709255283711,-1.01418510567422,-0.3585685828003182
c,Distributed,355,0.5916079783099616,-1.01418510567422,-0.29880715233359856
c,Distributed,356,0.6761234037828132,-1.01418510567422,-0.23904572186687892
c,Distributed,357,0.760638829255665,-1.01418510567422,-0.1792842914001592
c,Distributed,358,0.8451542547285166,-1.01418510567422,-0.11952286093343954
c,Distributed,359,0.9296696802013682,-1.01418510567422,-0.05976143046671989
c,Distributed,360,1.01418510567422,-1.01418510567422,-1.570092458683775e-16
c,Distributed,361,1.0987005311470714,-1.01418510567422,0.05976143046671942
c,Distributed,362,1.1832159566199232,-1.01418510567422,0.11952286093343915
c,Distributed,363,1.267731382092775,-1.01418510567422,0.1792842914001589
c,Distributed,364,1.3522468075656264,-1.01418510567422,0.23904572186687845
c,Distributed,365,1.4367622330384782,-1.01418510567422,0.29880715233359817
c,Distributed,366,1.52127765851133,-1.01418510567422,0.35856858280031795
c,Distributed,367,1.6057930839841814,-1.01418510567422,0.4183300132670375
c,Distributed,368,1.6903085094570331,-1.01418510567422,0.4780914437337572
c,Distributed,369,-1.6903085094570331,-0.9296696802013682,-1.8526043444683102
c,Distributed,370,-1.6057930839841814,-0.9296696802013682,-1.7928429140015905
c,Distributed,371,-1.52127765851133,-0.9296696802013682,-1.7330814835348707
c,Distributed,372,-1.4367622330384782,-0.9296696802013682,-1.6733200530681513
c,Distributed,373,-1.3522468075656264,-0.9296696802013682,-1.6135586226014311
c,Distributed,374,-1.267731382092775,-0.9296696802013682,-1.5537971921347118
c,Distributed,375,-1.1832159566199232,-0.9296696802013682,-1.494035761667992
c,Distributed,376,-1.0987005311470714,-0.9296696802013682,-1.4342743312012722
c,Distributed,377,-1.01418510567422,-0.9296696802013682,-1.3745129007345527
c,Distributed,378,-0.9296696802013682,-0.9296696802013682,-1.3147514702678331
c,Distributed,379,-0.8451542547285166,-0.9296696802013682,-1.2549900398011133
c,Distributed,380,-0.760638829255665,-0.9296696802013682,-1.1952286093343938
c,Distributed,381,-0.6761234037828132,-0.9296696802013682,-1.135467178867674
c,Distributed,382,-0.5916079783099616,-0.9296696802013682,-1.0757057484009542
c,Distributed,383,-0.50709255283711,-0.9296696802013682,-1.0159443179342347
c,Distributed,384,-0.4225771273642583,-0.9296696802013682,-0.9561828874675149
c,Distributed,385,-0.3380617018914066,-0.9296696802013682,-0.8964214570007953
c,Distributed,386,-0.253546276418555,-0.9296696802013682,-0.8366600265340757
c,Distributed,387,-0.1690308509457033,-0.9296696802013682,-0.7768985960673559
c,Distributed,388,-0.08451542547285165,-0.9296696802013682,-0.7171371656006363
c,Distributed,389,0.0,-0.9296696802013682,-0.6573757351339166
c,Distributed,390,0.08451542547285165,-0.9296696802013682,-0.5976143046671969
c,Distributed,391,0.1690308509457033,-0.9296696802013682,-0.5378528742004772
c,Distributed,392,0.253546276418555,-0.9296696802013682,-0.47809144373375756
c,Distributed,393,0.3380617018914066,-0.9296696802013682,-0.4183300132670379
c,Distributed,394,0.4225771273642583,-0.9296696802013682,-0.3585685828003182
c,Distributed,395,0.50709255283711,-0.9296696802013682,-0.2988071523335985
c,Distributed,396,0.5916079783099616,-0.9296696802013682,-0.23904572186687886
c,Distributed,397,0.6761234037828132,-0.9296696802013682,-0.1792842914001592
c,Distributed,398,0.760638829255665,-0.9296696802013682,-0.11952286093343946
c,Distributed,399,0.8451542547285166,-0.9296696802013682,-0.05976143046671981
c,Distributed,400,0.9296696802013682,-0.9296696802013682,-1.570092458683775e-16
c,Distributed,401,1.01418510567422,-0.9296696802013682,0.05976143046671958
c,Distributed,402,1.0987005311470714,-0.9296696802013682,0.11952286093343915
c,Distributed,403,1.1832159566199232,-0.9296696802013682,0.1792842914001589
c,Distributed,404,1.267731382092775,-0.9296696802013682,0.2390457218668786
c,Distributed,405,1.3522468075656264,-0.9296696802013682,0.29880715233359817
c,Distributed,406,1.4367622330384782,-0.9296696802013682,0.35856858280031795
c,Distributed,407,1.52127765851133,-0.9296696802013682,0.41833001326703767
c,Distributed,408,1.6057930839841814,-0.9296696802013682,0.4780914437337572
c,Distributed,409,1.6903085094570331,-0.9296696802013682,0.537852874200477
c,Distributed,410,-1.6903085094570331,-0.8451542547285166,-1.7928429140015905
c,Distributed,411,-1.6057930839841814,-0.8451542547285166,-1.7330814835348707
c,Distributed,412,-1.52127765851133,-0.8451542547285166,-1.6733200530681513
c,Distributed,413,-1.4367622330384782,-0.8451542547285166,-1.6135586226014316
c,Distributed,414,-1.3522468075656264,-0.8451542547285166,-1.5537971921347118
c,Distributed,415,-1.267731382092775,-0.8451542547285166,-1.494035761667992
c,Distributed,416,-1.1832159566199232,-0.8451542547285166,-1.4342743312012722
c,Distributed,417,-1.0987005311470714,-0.8451542547285166,-1.3745129007345527
c,Distributed,418,-1.01418510567422,-0.8451542547285166,-1.3147514702678331
c,Distributed,419,-0.9296696802013682,-0.8451542547285166,-1.2549900398011133
c,Distributed,420,-0.8451542547285166,-0.8451542547285166,-1.1952286093343938
c,Distributed,421,-0.760638829255665,-0.8451542547285166,-1.135467178867674
c,Distributed,422,-0.6761234037828132,-0.8451542547285166,-1.0757057484009542
c,Distributed,423,-0.5916079783099616,-0.8451542547285166,-1.0159443179342347
c,Distributed,424,-0.50709255283711,-0.8451542547285166,-0.9561828874675151
c,Distributed,425,-0.4225771273642583,-0.8451542547285166,-0.8964214570007953
c,Distributed,426,-0.3380617018914066,-0.8451542547285166,-0.8366600265340757
c,Distributed,427,-0.253546276418555,-0.8451542547285166,-0.7768985960673559
c,Distributed,428,-0.1690308509457033,-0.8451542547285166,-0.7171371656006363
c,Distributed,429,-0.08451542547285165,-0.8451542547285166,-0.6573757351339166
c,Distributed,430,0.0,-0.8451542547285166,-0.5976143046671969
c,Distributed,431,0.08451542547285165,-0.8451542547285166,-0.5378528742004772
c,Distributed,432,0.1690308509457033,-0.8451542547285166,-0.47809144373375756
c,Distributed,433,0.253546276418555,-0.8451542547285166,-0.4183300132670379
c,Distributed,434,0.3380617018914066,-0.8451542547285166,-0.3585685828003182
c,Distributed,435,0.4225771273642583,-0.8451542547285166,-0.29880715233359856
c,Distributed,436,0.50709255283711,-0.8451542547285166,-0.23904572186687886
c,Distributed,437,0.5916079783099616,-0.8451542547285166,-0.1792842914001592
c,Distributed,438,0.6761234037828132,-0.8451542547285166,-0.11952286093343954
c,Distributed,439,0.760638829255665,-0.8451542547285166,-0.05976143046671981
c,Distributed,440,0.8451542547285166,-0.8451542547285166,-1.570092458683775e-16
c,Distributed,441,0.9296696802013682,-0.8451542547285166,0.059761430466719494
c,Distributed,442,1.01418510567422,-0.8451542547285166,0.11952286093343922
c,Distributed,443,1.0987005311470714,-0.8451542547285166,0.1792842914001588
c,Distributed,444,1.1832159566199232,-0.8451542547285166,0.23904572186687853
c,Distributed,445,1.267731382092775,-0.8451542547285166,0.2988071523335983
c,Distributed,446,1.3522468075656264,-0.8451542547285166,0.35856858280031784
c,Distributed,447,1.4367622330384782,-0.8451542547285166,0.41833001326703756
c,Distributed,448,1.52127765851133,-0.8451542547285166,0.47809144373375734
c,Distributed,449,1.6057930839841814,-0.8451542547285166,0.5378528742004769
c,Distributed,450,1.6903085094570331,-0.8451542547285166,0.5976143046671967
c,Distributed,451,-1.6903085094570331,-0.760638829255665,-1.7330814835348707
c,Distributed,452,-1.6057930839841814,-0.760638829255665,-1.6733200530681513
c,Distributed,453,-1.52127765851133,-0.760638829255665,-1.6135586226014316
c,Distributed,454,-1.4367622330384782,-0.760638829255665,-1.5537971921347118
c,Distributed,455,-1.3522468075656264,-0.760638829255665,-1.494035761667992
c,Distributed,456,-1.267731382092775,-0.760638829255665,-1.4342743312012722
c,Distributed,457,-1.1832159566199232,-0.760638829255665,-1.3745129007345527
c,Distributed,458,-1.0987005311470714,-0.760638829255665,-1.3147514702678331
c,Distributed,459,-1.01418510567422,-0.760638829255665,-1.2549900398011133
c,Distributed,460,-0.9296696802013682,-0.760638829255665,-1.1952286093343938
c,Distributed,461,-0.8451542547285166,-0.760638829255665,-1.135467178867674
c,Distributed,462,-0.760638829255665,-0.760638829255665,-1.0757057484009545
c,Distributed,463,-0.6761234037828132,-0.760638829255665,-1.0159443179342347
c,Distributed,464,-0.5916079783099616,-0.760638829255665,-0.9561828874675151
c,Distributed,465,-0.50709255283711,-0.760638829255665,-0.8964214570007953
c,Distributed,466,-0.4225771273642583,-0.760638829255665,-0.8366600265340757
c,Distributed,467,-0.3380617018914066,-0.760638829255665,-0.7768985960673559
c,Distributed,468,-0.253546276418555,-0.760638829255665,-0.7171371656006363
c,Distributed,469,-0.1690308509457033,-0.760638829255665,-0.6573757351339166
c,Distributed,470,-0.08451542547285165,-0.760638829255665,-0.5976143046671969
c,Distributed,471,0.0,-0.760638829255665,-0.5378528742004772
c,Distributed,472,0.08451542547285165,-0.760638829255665,-0.4780914437337576
c,Distributed,473,0.1690308509457033,-0.760638829255665,-0.41833001326703795
c,Distributed,474,0.253546276418555,-0.760638829255665,-0.3585685828003182
c,Distributed,475,0.3380617018914066,-0.760638829255665,-0.29880715233359856
c,Distributed,476,0.4225771273642583,-0.760638829255665,-0.2390457218668789
c,Distributed,477,0.50709255283711,-0.760638829255665,-0.1792842914001592
c,Distributed,478,0.5916079783099616,-0.760638829255665,-0.11952286093343954
c,Distributed,479,0.6761234037828132,-0.760638829255665,-0.05976143046671989
c,Distributed,480,0.760638829255665,-0.760638829255665,-1.570092458683775e-16
c,Distributed,481,0.8451542547285166,-0.760638829255665,0.059761430466719494
c,Distributed,482,0.9296696802013682,-0.760638829255665,0.11952286093343915
c,Distributed,483,1.01418510567422,-0.760638829255665,0.1792842914001589
c,Distributed,484,1.0987005311470714,-0.760638829255665,0.23904572186687845
c,Distributed,485,1.1832159566199232,-0.760638829255665,0.29880715233359817
c,Distributed,486,1.267731382092775,-0.760638829255665,0.35856858280031795
c,Distributed,487,1.3522468075656264,-0.760638829255665,0.4183300132670375
c,Distributed,488,1.4367622330384782,-0.760638829255665,0.4780914437337572
c,Distributed,489,1.52127765851133,-0.760638829255665,0.537852874200477
c,Distributed,490,1.6057930839841814,-0.760638829255665,0.5976143046671966
c,Distributed,491,1.6903085094570331,-0.760638829255665,0.6573757351339162
c,Distributed,492,-1.6903085094570331,-0.6761234037828132,-1.6733200530681513
c,Distributed,493,-1.6057930839841814,-0.6761234037828132,-1.6135586226014311
c,Distributed,494,-1.52127765851133,-0.6761234037828132,-1.5537971921347118
c,Distributed,495,-1.4367622330384782,-0.6761234037828132,-1.494035761667992
c,Distributed,496,-1.3522468075656264,-0.6761234037828132,-1.4342743312012722
c,Distributed,497,-1.267731382092775,-0.6761234037828132,-1.3745129007345527
c,Distributed,498,-1.1832159566199232,-0.6761234037828132,-1.3147514702678331
c,Distributed,499,-1.0987005311470714,-0.6761234037828132,-1.2549900398011133
c,Distributed,500,-1.01418510567422,-0.6761234037828132,-1.1952286093343938
c,Distributed,501,-0.9296696802013682,-0.6761234037828132,-1.135467178867674
c,Distributed,502,-0.8451542547285166,-0.6761234037828132,-1.0757057484009542
c,Distributed,503,-0.760638829255665,-0.6761234037828132,-1.0159443179342347
c,Distributed,504,-0.6761234037828132,-0.6761234037828132,-0.9561828874675149
c,Distributed,505,-0.5916079783099616,-0.6761234037828132,-0.8964214570007953
c,Distributed,506,-0.50709255283711,-0.6761234037828132,-0.8366600265340757
c,Distributed,507,-0.4225771273642583,-0.6761234037828132,-0.7768985960673559
c,Distributed,508,-0.3380617018914066,-0.6761234037828132,-0.7171371656006361
c,Distributed,509,-0.253546276418555,-0.6761234037828132,-0.6573757351339166
c,Distributed,510,-0.1690308509457033,-0.6761234037828132,-0.5976143046671969
c,Distributed,511,-0.08451542547285165,-0.6761234037828132,-0.5378528742004772
c,Distributed,512,0.0,-0.6761234037828132,-0.47809144373375756
c,Distributed,513,0.08451542547285165,-0.6761234037828132,-0.4183300132670379
c,Distributed,514,0.1690308509457033,-0.6761234037828132,-0.3585685828003182
c,Distributed,515,0.253546276418555,-0.6761234037828132,-0.2988071523335985
c,Distributed,516,0.3380617018914066,-0.6761234037828132,-0.23904572186687886
c,Distributed,517,0.4225771273642583,-0.6761234037828132,-0.17928429140015917
c,Distributed,518,0.50709255283711,-0.6761234037828132,-0.11952286093343946
c,Distributed,519,0.5916079783099616,-0.6761234037828132,-0.05976143046671981
c,Distributed,520,0.6761234037828132,-0.6761234037828132,-1.570092458683775e-16
c,Distributed,521,0.760638829255665,-0.6761234037828132,0.05976143046671958
c,Distributed,522,0.8451542547285166,-0.6761234037828132,0.11952286093343922
c,Distributed,523,0.9296696802013682,-0.6761234037828132,0.1792842914001589
c,Distributed,524,1.01418510567422,-0.6761234037828132,0.2390457218668786
c,Distributed,525,1.0987005311470714,-0.6761234037828132,0.29880715233359817
c,Distributed,526,1.1832159566199232,-0.6761234037828132,0.35856858280031795
c,Distributed,527,1.267731382092775,-0.6761234037828132,0.41833001326703767
c,Distributed,528,1.3522468075656264,-0.6761234037828132,0.4780914437337572
c,Distributed,529,1.4367622330384782,-0.6761234037828132,0.537852874200477
c,Distributed,530,1.52127765851133,-0.6761234037828132,0.5976143046671967
c,Distributed,531,1.6057930839841814,-0.6761234037828132,0.6573757351339162
c,Distributed,532,1.6903085094570331,-0.6761234037828132,0.717137165600636
c,Distributed,533,-1.6903085094570331,-0.5916079783099616,-1.6135586226014316
c,Distributed,534,-1.6057930839841814,-0.5916079783099616,-1.5537971921347118
c,Distributed,535,-1.52127765851133,-0.5916079783099616,-1.494035761667992
c,Distributed,536,-1.4367622330384782,-0.5916079783099616,-1.4342743312012722
c,Distributed,537,-1.3522468075656264,-0.5916079783099616,-1.3745129007345527
c,Distributed,538,-1.267731382092775,-0.5916079783099616,-1.3147514702678331
c,Distributed,539,-1.1832159566199232,-0.5916079783099616,-1.2549900398011133
c,Distributed,540,-1.0987005311470714,-0.5916079783099616,-1.1952286093343938
c,Distributed,541,-1.01418510567422,-0.5916079783099616,-1.135467178867674
c,Distributed,542,-0.9296696802013682,-0.5916079783099616,-1.0757057484009542
c,Distributed,543,-0.8451542547285166,-0.5916079783099616,-1.0159443179342347
c,Distributed,544,-0.760638829255665,-0.5916079783099616,-0.9561828874675151
c,Distributed,545,-0.6761234037828132,-0.5916079783099616,-0.8964214570007953
c,Distributed,546,-0.5916079783099616,-0.5916079783099616,-0.8366600265340757
c,Distributed,547,-0.50709255283711,-0.5916079783099616,-0.7768985960673559
c,Distributed,548,-0.4225771273642583,-0.5916079783099616,-0.7171371656006363
c,Distributed,549,-0.3380617018914066,-0.5916079783099616,-0.6573757351339166
c,Distributed,550,-0.253546276418555,-0.5916079783099616,-0.5976143046671969
c,Distributed,551,-0.1690308509457033,-0.5916079783099616,-0.5378528742004772
c,Distributed,552,-0.08451542547285165,-0.5916079783099616,-0.47809144373375756
c,Distributed,553,0.0,-0.5916079783099616,-0.4183300132670379
c,Distributed,554,0.08451542547285165,-0.5916079783099616,-0.3585685828003182
c,Distributed,555,0.1690308509457033,-0.5916079783099616,-0.29880715233359856
c,Distributed,556,0.253546276418555,-0.5916079783099616,-0.23904572186687886
c,Distributed,557,0.3380617018914066,-0.5916079783099616,-0.1792842914001592
c,Distributed,558,0.4225771273642583,-0.5916079783099616,-0.1195228609334395
c,Distributed,559,0.50709255283711,-0.5916079783099616,-0.05976143046671981
c,Distributed,560,0.5916079783099616,-0.5916079783099616,-1.570092458683775e-16
c,Distributed,561,0.6761234037828132,-0.5916079783099616,0.059761430466719494
c,Distributed,562,0.760638829255665,-0.5916079783099616,0.11952286093343922
c,Distributed,563,0.8451542547285166,-0.5916079783099616,0.1792842914001589
c,Distributed,564,0.9296696802013682,-0.5916079783099616,0.23904572186687853
c,Distributed,565,1.01418510567422,-0.5916079783099616,0.2988071523335983
c,Distributed,566,1.0987005311470714,-0.5916079783099616,0.35856858280031784
c,Distributed,567,1.1832159566199232,-0.5916079783099616,0.41833001326703756
c,Distributed,568,1.267731382092775,-0.5916079783099616,0.47809144373375734
c,Distributed,569,1.3522468075656264,-0.5916079783099616,0.5378528742004769
c,Distributed,570,1.4367622330384782,-0.5916079783099616,0.5976143046671967
c,Distributed,571,1.52127765851133,-0.5916079783099616,0.6573757351339163
c,Distributed,572,1.6057930839841814,-0.5916079783099616,0.7171371656006359
c,Distributed,573,1.6903085094570331,-0.5916079783099616,0.7768985960673556
c,Distributed,574,-1.6903085094570331,-0.50709255283711,-1.5537971921347118
c,Distributed,575,-1.6057930839841814,-0.50709255283711,-1.494035761667992
c,Distributed,576,-1.52127765851133,-0.50709255283711,-1.4342743312012722
c,Distributed,577,-1.4367622330384782,-0.50709255283711,-1.3745129007345527
c,Distributed,578,-1.3522468075656264,-0.50709255283711,-1.3147514702678331
c,Distributed,579,-1.267731382092775,-0.50709255283711,-1.2549900398011133
c,Distributed,580,-1.1832159566199232,-0.50709255283711,-1.1952286093343938
c,Distributed,581,-1.0987005311470714,-0.50709255283711,-1.135467178867674
c,Distributed,582,-1.01418510567422,-0.50709255283711,-1.0757057484009545
c,Distributed,583,-0.9296696802013682,-0.50709255283711,-1.0159443179342347
c,Distributed,584,-0.8451542547285166,-0.50709255283711,-0.9561828874675151
c,Distributed,585,-0.760638829255665,-0.50709255283711,-0.8964214570007953
c,Distributed,586,-0.6761234037828132,-0.50709255283711,-0.8366600265340757
c,Distributed,587,-0.5916079783099616,-0.50709255283711,-0.7768985960673559
c,Distributed,588,-0.50709255283711,-0.50709255283711,-0.7171371656006363
c,Distributed,589,-0.4225771273642583,-0.50709255283711,-0.6573757351339166
c,Distributed,590,-0.3380617018914066,-0.50709255283711,-0.5976143046671969
c,Distributed,591,-0.253546276418555,-0.50709255283711,-0.5378528742004772
c,Distributed,592,-0.1690308509457033,-0.50709255283711,-0.47809144373375756
c,Distributed,593,-0.08451542547285165,-0.50709255283711,-0.4183300132670379
c,Distributed,594,0.0,-0.50709255283711,-0.3585685828003182
c,Distributed,595,0.08451542547285165,-0.50709255283711,-0.29880715233359856
c,Distributed,596,0.1690308509457033,-0.50709255283711,-0.2390457218668789
c,Distributed,597,0.253546276418555,-0.50709255283711,-0.1792842914001592
c,Distributed,598,0.3380617018914066,-0.50709255283711,-0.11952286093343954
c,Distributed,599,0.4225771273642583,-0.50709255283711,-0.05976143046671985
c,Distributed,600,0.50709255283711,-0.50709255283711,-1.570092458683775e-16
c,Distributed,601,0.5916079783099616,-0.50709255283711,0.059761430466719494
c,Distributed,602,0.6761234037828132,-0.50709255283711,0.11952286093343915
c,Distributed,603,0.760638829255665,-0.50709255283711,0.1792842914001589
c,Distributed,604,0.8451542547285166,-0.50709255283711,0.23904572186687853
c,Distributed,605,0.9296696802013682,-0.50709255283711,0.29880715233359817
c,Distributed,606,1.01418510567422,-0.50709255283711,0.35856858280031795
c,Distributed,607,1.0987005311470714,-0.50709255283711,0.4183300132670375
c,Distributed,608,1.1832159566199232,-0.50709255283711,0.4780914437337572
c,Distributed,609,1.267731382092775,-0.50709255283711,0.537852874200477
c,Distributed,610,1.3522468075656264,-0.50709255283711,0.5976143046671966
c,Distributed,611,1.4367622330384782,-0.50709255283711,0.6573757351339162
c,Distributed,612,1.52127765851133,-0.50709255283711,0.717137165600636
c,Distributed,613,1.6057930839841814,-0.50709255283711,0.7768985960673556
c,Distributed,614,1.6903085094570331,-0.50709255283711,0.8366600265340753
c,Distributed,615,-1.6903085094570331,-0.4225771273642583,-1.494035761667992
c,Distributed,616,-1.6057930839841814,-0.4225771273642583,-1.4342743312012722
c,Distributed,617,-1.52127765851133,-0.4225771273642583,-1.3745129007345527
c,Distributed,618,-1.4367622330384782,-0.4225771273642583,-1.3147514702678331
c,Distributed,619,-1.3522468075656264,-0.4225771273642583,-1.2549900398011133
c,Distributed,620,-1.267731382092775,-0.4225771273642583,-1.1952286093343938
c,Distributed,621,-1.1832159566199232,-0.4225771273642583,-1.135467178867674
c,Distributed,622,-1.0987005311470714,-0.4225771273642583,-1.0757057484009542
c,Distributed,623,-1.01418510567422,-0.4225771273642583,-1.0159443179342347
c,Distributed,624,-0.9296696802013682,-0.4225771273642583,-0.9561828874675149
c,Distributed,625,-0.8451542547285166,-0.4225771273642583,-0.8964214570007952
c,Distributed,626,-0.760638829255665,-0.4225771273642583,-0.8366600265340757
c,Distributed,627,-0.6761234037828132,-0.4225771273642583,-0.7768985960673559
c,Distributed,628,-0.5916079783099616,-0.4225771273642583,-0.7171371656006361
c,Distributed,629,-0.50709255283711,-0.4225771273642583,-0.6573757351339166
c,Distributed,630,-0.4225771273642583,-0.4225771273642583,-0.5976143046671969
c,Distributed,631,-0.3380617018914066,-0.4225771273642583,-0.5378528742004771
c,Distributed,632,-0.253546276418555,-0.4225771273642583,-0.47809144373375756
c,Distributed,633,-0.1690308509457033,-0.4225771273642583,-0.41833001326703784
c,Distributed,634,-0.08451542547285165,-0.4225771273642583,-0.35856858280031817
c,Distributed,635,0.0,-0.4225771273642583,-0.29880715233359845
c,Distributed,636,0.08451542547285165,-0.4225771273642583,-0.23904572186687878
c,Distributed,637,0.1690308509457033,-0.4225771273642583,-0.1792842914001591
c,Distributed,638,0.253546276418555,-0.4225771273642583,-0.11952286093343943
c,Distributed,639,0.3380617018914066,-0.4225771273642583,-0.05976143046671977
c,Distributed,640,0.4225771273642583,-0.4225771273642583,-7.850462293418875e-17
c,Distributed,641,0.50709255283711,-0.4225771273642583,0.05976143046671961
c,Distributed,642,0.5916079783099616,-0.4225771273642583,0.11952286093343926
c,Distributed,643,0.6761234037828132,-0.4225771273642583,0.17928429140015892
c,Distributed,644,0.760638829255665,-0.4225771273642583,0.23904572186687867
c,Distributed,645,0.8451542547285166,-0.4225771273642583,0.29880715233359834
c,Distributed,646,0.9296696802013682,-0.4225771273642583,0.35856858280031795
c,Distributed,647,1.01418510567422,-0.4225771273642583,0.41833001326703767
c,Distributed,648,1.0987005311470714,-0.4225771273642583,0.4780914437337572
c,Distributed,649,1.1832159566199232,-0.4225771273642583,0.537852874200477
c,Distributed,650,1.267731382092775,-0.4225771273642583,0.5976143046671967
c,Distributed,651,1.3522468075656264,-0.4225771273642583,0.6573757351339162
c,Distributed,652,1.4367622330384782,-0.4225771273642583,0.717137165600636
c,Distributed,653,1.52127765851133,-0.4225771273642583,0.7768985960673558
c,Distributed,654,1.6057930839841814,-0.4225771273642583,0.8366600265340753
c,Distributed,655,1.6903085094570331,-0.4225771273642583,0.896421457000795
c,Distributed,656,-1.6903085094570331,-0.3380617018914066,-1.4342743312012722
c,Distributed,657,-1.6057930839841814,-0.3380617018914066,-1.3745129007345527
c,Distributed,658,-1.52127765851133,-0.3380617018914066,-1.3147514702678331
c,Distributed,659,-1.4367622330384782,-0.3380617018914066,-1.2549900398011133
c,Distributed,660,-1.3522468075656264,-0.3380617018914066,-1.1952286093343936
c,Distributed,661,-1.267731382092775,-0.3380617018914066,-1.135467178867674
c,Distributed,662,-1.1832159566199232,-0.3380617018914066,-1.0757057484009542
c,Distributed,663,-1.0987005311470714,-0.3380617018914066,-1.0159443179342345
c,Distributed,664,-1.01418510567422,-0.3380617018914066,-0.9561828874675149
c,Distributed,665,-0.9296696802013682,-0.3380617018914066,-0.8964214570007952
c,Distributed,666,-0.8451542547285166,-0.3380617018914066,-0.8366600265340757
c,Distributed,667,-0.760638829255665,-0.3380617018914066,-0.7768985960673559
c,Distributed,668,-0.6761234037828132,-0.3380617018914066,-0.7171371656006361
c,Distributed,669,-0.5916079783099616,-0.3380617018914066,-0.6573757351339166
c,Distributed,670,-0.50709255283711,-0.3380617018914066,-0.5976143046671969
c,Distributed,671,-0.4225771273642583,-0.3380617018914066,-0.5378528742004771
c,Distributed,672,-0.3380617018914066,-0.3380617018914066,-0.47809144373375745
c,Distributed,673,-0.253546276418555,-0.3380617018914066,-0.41833001326703784
c,Distributed,674,-0.1690308509457033,-0.3380617018914066,-0.35856858280031806
c,Distributed,675,-0.08451542547285165,-0.3380617018914066,-0.29880715233359845
c,Distributed,676,0.0,-0.3380617018914066,-0.23904572186687878
c,Distributed,677,0.08451542547285165,-0.3380617018914066,-0.1792842914001591
c,Distributed,678,0.1690308509457033,-0.3380617018914066,-0.11952286093343943
c,Distributed,679,0.253546276418555,-0.3380617018914066,-0.05976143046671973
c,Distributed,680,0.3380617018914066,-0.3380617018914066,-7.850462293418875e-17
c,Distributed,681,0.4225771273642583,-0.3380617018914066,0.05976143046671961
c,Distributed,682,0.50709255283711,-0.3380617018914066,0.1195228609334393
c,Distributed,683,0.5916079783099616,-0.3380617018914066,0.17928429140015897
c,Distributed,684,0.6761234037828132,-0.3380617018914066,0.2390457218668786
c,Distributed,685,0.760638829255665,-0.3380617018914066,0.29880715233359834
c,Distributed,686,0.8451542547285166,-0.3380617018914066,0.358568582800318
c,Distributed,687,0.9296696802013682,-0.3380617018914066,0.41833001326703767
c,Distributed,688,1.01418510567422,-0.3380617018914066,0.4780914437337574
c,Distributed,689,1.0987005311470714,-0.3380617018914066,0.537852874200477
c,Distributed,690,1.1832159566199232,-0.3380617018914066,0.5976143046671967
c,Distributed,691,1.267731382092775,-0.3380617018914066,0.6573757351339165
c,Distributed,692,1.3522468075656264,-0.3380617018914066,0.717137165600636
c,Distributed,693,1.4367622330384782,-0.3380617018914066,0.7768985960673558
c,Distributed,694,1.52127765851133,-0.3380617018914066,0.8366600265340755
c,Distributed,695,1.6057930839841814,-0.3380617018914066,0.896421457000795
c,Distributed,696,1.6903085094570331,-0.3380617018914066,0.9561828874675148
c,Distributed,697,-1.6903085094570331,-0.253546276418555,-1.3745129007345527
c,Distributed,698,-1.6057930839841814,-0.253546276418555,-1.314751470267833
c,Distributed,699,-1.52127765851133,-0.253546276418555,-1.2549900398011133
c,Distributed,700,-1.4367622330384782,-0.253546276418555,-1.1952286093343938
c,Distributed,701,-1.3522468075656264,-0.253546276418555,-1.135467178867674
c,Distributed,702,-1.267731382092775,-0.253546276418555,-1.0757057484009542
c,Distributed,703,-1.1832159566199232,-0.253546276418555,-1.0159443179342345
c,Distributed,704,-1.0987005311470714,-0.253546276418555,-0.9561828874675148
c,Distributed,705,-1.01418510567422,-0.253546276418555,-0.8964214570007953
c,Distributed,706,-0.9296696802013682,-0.253546276418555,-0.8366600265340757
c,Distributed,707,-0.8451542547285166,-0.253546276418555,-0.7768985960673559
c,Distributed,708,-0.760638829255665,-0.253546276418555,-0.7171371656006361
c,Distributed,709,-0.6761234037828132,-0.253546276418555,-0.6573757351339166
c,Distributed,710,-0.5916079783099616,-0.253546276418555,-0.5976143046671969
c,Distributed,711,-0.50709255283711,-0.253546276418555,-0.5378528742004772
c,Distributed,712,-0.4225771273642583,-0.253546276418555,-0.47809144373375756
c,Distributed,713,-0.3380617018914066,-0.253546276418555,-0.41833001326703784
c,Distributed,714,-0.253546276418555,-0.253546276418555,-0.35856858280031817
c,Distributed,715,-0.1690308509457033,-0.253546276418555,-0.29880715233359845
c,Distributed,716,-0.08451542547285165,-0.253546276418555,-0.23904572186687878
c,Distributed,717,0.0,-0.253546276418555,-0.1792842914001591
c,Distributed,718,0.08451542547285165,-0.253546276418555,-0.11952286093343945
c,Distributed,719,0.1690308509457033,-0.253546276418555,-0.05976143046671977
c,Distributed,720,0.253546276418555,-0.253546276418555,-7.850462293418875e-17
c,Distributed,721,0.3380617018914066,-0.253546276418555,0.05976143046671958
c,Distributed,722,0.4225771273642583,-0.253546276418555,0.11952286093343926
c,Distributed,723,0.50709255283711,-0.253546276418555,0.17928429140015897
c,Distributed,724,0.5916079783099616,-0.253546276418555,0.2390457218668786
c,Distributed,725,0.6761234037828132,-0.253546276418555,0.2988071523335983
c,Distributed,726,0.760638829255665,-0.253546276418555,0.358568582800318
c,Distributed,727,0.8451542547285166,-0.253546276418555,0.41833001326703767
c,Distributed,728,0.9296696802013682,-0.253546276418555,0.47809144373375734
c,Distributed,729,1.01418510567422,-0.253546276418555,0.537852874200477
c,Distributed,730,1.0987005311470714,-0.253546276418555,0.5976143046671967
c,Distributed,731,1.1832159566199232,-0.253546276418555,0.6573757351339163
c,Distributed,732,1.267731382092775,-0.253546276418555,0.7171371656006361
c,Distributed,733,1.3522468075656264,-0.253546276418555,0.7768985960673556
c,Distributed,734,1.4367622330384782,-0.253546276418555,0.8366600265340753
c,Distributed,735,1.52127765851133,-0.253546276418555,0.896421457000795
c,Distributed,736,1.6057930839841814,-0.253546276418555,0.9561828874675148
c,Distributed,737,1.6903085094570331,-0.253546276418555,1.0159443179342345
c,Distributed,738,-1.6903085094570331,-0.1690308509457033,-1.3147514702678331
c,Distributed,739,-1.6057930839841814,-0.1690308509457033,-1.2549900398011133
c,Distributed,740,-1.52127765851133,-0.1690308509457033,-1.1952286093343938
c,Distributed,741,-1.4367622330384782,-0.1690308509457033,-1.135467178867674
c,Distributed,742,-1.3522468075656264,-0.1690308509457033,-1.0757057484009542
c,Distributed,743,-1.267731382092775,-0.1690308509457033,-1.0159443179342347
c,Distributed,744,-1.1832159566199232,-0.1690308509457033,-0.9561828874675149
c,Distributed,745,-1.0987005311470714,-0.1690308509457033,-0.8964214570007952
c,Distributed,746,-1.01418510567422,-0.1690308509457033,-0.8366600265340757
c,Distributed,747,-0.9296696802013682,-0.1690308509457033,-0.7768985960673559
c,Distributed,748,-0.8451542547285166,-0.1690308509457033,-0.7171371656006361
c,Distributed,749,-0.760638829255665,-0.1690308509457033,-0.6573757351339166
c,Distributed,750,-0.6761234037828132,-0.1690308509457033,-0.5976143046671968
c,Distributed,751,-0.5916079783099616,-0.1690308509457033,-0.5378528742004771
c,Distributed,752,-0.50709255283711,-0.1690308509457033,-0.47809144373375745
c,Distributed,753,-0.4225771273642583,-0.1690308509457033,-0.41833001326703784
c,Distributed,754,-0.3380617018914066,-0.1690308509457033,-0.35856858280031806
c,Distributed,755,-0.253546276418555,-0.1690308509457033,-0.29880715233359845
c,Distributed,756,-0.1690308509457033,-0.1690308509457033,-0.23904572186687878
c,Distributed,757,-0.08451542547285165,-0.1690308509457033,-0.17928429140015908
c,Distributed,758,0.0,-0.1690308509457033,-0.1195228609334394
c,Distributed,759,0.08451542547285165,-0.1690308509457033,-0.05976143046671973
c,Distributed,760,0.1690308509457033,-0.1690308509457033,-5.887846720064156e-17
c,Distributed,761,0.253546276418555,-0.1690308509457033,0.05976143046671963
c,Distributed,762,0.3380617018914066,-0.1690308509457033,0.11952286093343929
c,Distributed,763,0.4225771273642583,-0.1690308509457033,0.17928429140015897
c,Distributed,764,0.50709255283711,-0.1690308509457033,0.2390457218668787
c,Distributed,765,0.5916079783099616,-0.1690308509457033,0.29880715233359834
c,Distributed,766,0.6761234037828132,-0.1690308509457033,0.358568582800318
c,Distributed,767,0.760638829255665,-0.1690308509457033,0.4183300132670377
c,Distributed,768,0.8451542547285166,-0.1690308509457033,0.4780914437337574
c,Distributed,769,0.9296696802013682,-0.1690308509457033,0.537852874200477
c,Distributed,770,1.01418510567422,-0.1690308509457033,0.5976143046671968
c,Distributed,771,1.0987005311470714,-0.1690308509457033,0.6573757351339163
c,Distributed,772,1.1832159566199232,-0.1690308509457033,0.717137165600636
c,Distributed,773,1.267731382092775,-0.1690308509457033,0.7768985960673558
c,Distributed,774,1.3522468075656264,-0.1690308509457033,0.8366600265340753
c,Distributed,775,1.4367622330384782,-0.1690308509457033,0.896421457000795
c,Distributed,776,1.52127765851133,-0.1690308509457033,0.9561828874675148
c,Distributed,777,1.6057930839841814,-0.1690308509457033,1.0159443179342345
c,Distributed,778,1.6903085094570331,-0.1690308509457033,1.075705748400954
c,Distributed,779,-1.6903085094570331,-0.08451542547285165,-1.2549900398011133
c,Distributed,780,-1.6057930839841814,-0.08451542547285165,-1.1952286093343936
c,Distributed,781,-1.52127765851133,-0.08451542547285165,-1.135467178867674
c,Distributed,782,-1.4367622330384782,-0.08451542547285165,-1.0757057484009542
c,Distributed,783,-1.3522468075656264,-0.08451542547285165,-1.0159443179342345
c,Distributed,784,-1.267731382092775,-0.08451542547285165,-0.9561828874675149
c,Distributed,785,-1.1832159566199232,-0.08451542547285165,-0.8964214570007952
c,Distributed,786,-1.0987005311470714,-0.08451542547285165,-0.8366600265340755
c,Distributed,787,-1.01418510567422,-0.08451542547285165,-0.7768985960673559
c,Distributed,788,-0.9296696802013682,-0.08451542547285165,-0.7171371656006361
c,Distributed,789,-0.8451542547285166,-0.08451542547285165,-0.6573757351339166
c,Distributed,790,-0.760638829255665,-0.08451542547285165,-0.5976143046671969
c,Distributed,791,-0.6761234037828132,-0.08451542547285165,-0.5378528742004771
c,Distributed,792,-0.5916079783099616,-0.08451542547285165,-0.47809144373375745
c,Distributed,793,-0.50709255283711,-0.08451542547285165,-0.41833001326703784
c,Distributed,794,-0.4225771273642583,-0.08451542547285165,-0.35856858280031806
c,Distributed,795,-0.3380617018914066,-0.08451542547285165,-0.29880715233359845
c,Distributed,796,-0.253546276418555,-0.08451542547285165,-0.23904572186687878
c,Distributed,797,-0.1690308509457033,-0.08451542547285165,-0.17928429140015908
c,Distributed,798,-0.08451542547285165,-0.08451542547285165,-0.1195228609334394
c,Distributed,799,0.0,-0.08451542547285165,-0.05976143046671973
c,Distributed,800,0.08451542547285165,-0.08451542547285165,-5.887846720064156e-17
c,Distributed,801,0.1690308509457033,-0.08451542547285165,0.05976143046671961
c,Distributed,802,0.253546276418555,-0.08451542547285165,0.1195228609334393
c,Distributed,803,0.3380617018914066,-0.08451542547285165,0.17928429140015897
c,Distributed,804,0.4225771273642583,-0.08451542547285165,0.23904572186687867
c,Distributed,805,0.50709255283711,-0.08451542547285165,0.29880715233359834
c,Distributed,806,0.5916079783099616,-0.08451542547285165,0.358568582800318
c,Distributed,807,0.6761234037828132,-0.08451542547285165,0.41833001326703767
c,Distributed,808,0.760638829255665,-0.08451542547285165,0.4780914437337574
c,Distributed,809,0.8451542547285166,-0.08451542547285165,0.537852874200477
c,Distributed,810,0.9296696802013682,-0.08451542547285165,0.5976143046671967
c,Distributed,811,1.01418510567422,-0.08451542547285165,0.6573757351339165
c,Distributed,812,1.0987005311470714,-0.08451542547285165,0.717137165600636
c,Distributed,813,1.1832159566199232,-0.08451542547285165,0.7768985960673558
c,Distributed,814,1.267731382092775,-0.08451542547285165,0.8366600265340755
c,Distributed,815,1.3522468075656264,-0.08451542547285165,0.896421457000795
c,Distributed,816,1.4367622330384782,-0.08451542547285165,0.9561828874675148
c,Distributed,817,1.52127765851133,-0.08451542547285165,1.0159443179342345
c,Distributed,818,1.6057930839841814,-0.08451542547285165,1.075705748400954
c,Distributed,819,1.6903085094570331,-0.08451542547285165,1.1354671788676738
c,Distributed,820,-1.6903085094570331,0.0,-1.1952286093343936
c,Distributed,821,-1.6057930839841814,0.0,-1.1354671788676738
c,Distributed,822,-1.52127765851133,0.0,-1.0757057484009542
c,Distributed,823,-1.4367622330384782,0.0,-1.0159443179342345
c,Distributed,824,-1.3522468075656264,0.0,-0.9561828874675148
c,Distributed,825,-1.267731382092775,0.0,-0.8964214570007952
c,Distributed,826,-1.1832159566199232,0.0,-0.8366600265340755
c,Distributed,827,-1.0987005311470714,0.0,-0.7768985960673558
c,Distributed,828,-1.01418510567422,0.0,-0.7171371656006361
c,Distributed,829,-0.9296696802013682,0.0,-0.6573757351339166
c,Distributed,830,-0.8451542547285166,0.0,-0.5976143046671969
c,Distributed,831,-0.760638829255665,0.0,-0.5378528742004772
c,Distributed,832,-0.6761234037828132,0.0,-0.47809144373375745
c,Distributed,833,-0.5916079783099616,0.0,-0.41833001326703784
c,Distributed,834,-0.50709255283711,0.0,-0.35856858280031817
c,Distributed,835,-0.4225771273642583,0.0,-0.29880715233359845
c,Distributed,836,-0.3380617018914066,0.0,-0.23904572186687872
c,Distributed,837,-0.253546276418555,0.0,-0.17928429140015908
c,Distributed,838,-0.1690308509457033,0.0,-0.11952286093343939
c,Distributed,839,-0.08451542547285165,0.0,-0.05976143046671972
c,Distributed,840,0.0,0.0,-4.632753477139516e-17
c,Distributed,841,0.08451542547285165,0.0,0.059761430466719626
c,Distributed,842,0.1690308509457033,0.0,0.1195228609334393
c,Distributed,843,0.253546276418555,0.0,0.179284291400159
c,Distributed,844,0.3380617018914066,0.0,0.23904572186687867
c,Distributed,845,0.4225771273642583,0.0,0.29880715233359834
c,Distributed,846,0.50709255283711,0.0,0.358568582800318
c,Distributed,847,0.5916079783099616,0.0,0.41833001326703767
c,Distributed,848,0.6761234037828132,0.0,0.47809144373375734
c,Distributed,849,0.760638829255665,0.0,0.537852874200477
c,Distributed,850,0.8451542547285166,0.0,0.5976143046671967
c,Distributed,851,0.9296696802013682,0.0,0.6573757351339163
c,Distributed,852,1.01418510567422,0.0,0.7171371656006361
c,Distributed,853,1.0987005311470714,0.0,0.7768985960673558
c,Distributed,854,1.1832159566199232,0.0,0.8366600265340755
c,Distributed,855,1.267731382092775,0.0,0.8964214570007952
c,Distributed,856,1.3522468075656264,0.0,0.9561828874675148
c,Distributed,857,1.4367622330384782,0.0,1.0159443179342345
c,Distributed,858,1.52127765851133,0.0,1.0757057484009542
c,Distributed,859,1.6057930839841814,0.0,1.1354671788676738
c,Distributed,860,1.6903085094570331,0.0,1.1952286093343936
c,Distributed,861,-1.6903085094570331,0.08451542547285165,-1.135467178867674
c,Distributed,862,-1.6057930839841814,0.08451542547285165,-1.0757057484009542
c,Distributed,863,-1.52127765851133,0.08451542547285165,-1.0159443179342347
c,Distributed,864,-1.4367622330384782,0.08451542547285165,-0.9561828874675149
c,Distributed,865,-1.3522468075656264,0.08451542547285165,-0.8964214570007952
c,Distributed,866,-1.267731382092775,0.08451542547285165,-0.8366600265340757
c,Distributed,867,-1.1832159566199232,0.08451542547285165,-0.7768985960673559
c,Distributed,868,-1.0987005311470714,0.08451542547285165,-0.7171371656006361
c,Distributed,869,-1.01418510567422,0.08451542547285165,-0.6573757351339166
c,Distributed,870,-0.9296696802013682,0.08451542547285165,-0.5976143046671968
c,Distributed,871,-0.8451542547285166,0.08451542547285165,-0.5378528742004771
c,Distributed,872,-0.760638829255665,0.08451542547285165,-0.47809144373375745
c,Distributed,873,-0.6761234037828132,0.08451542547285165,-0.4183300132670377
c,Distributed,874,-0.5916079783099616,0.08451542547285165,-0.35856858280031806
c,Distributed,875,-0.50709255283711,0.08451542547285165,-0.29880715233359845
c,Distributed,876,-0.4225771273642583,0.08451542547285165,-0.23904572186687878
c,Distributed,877,-0.3380617018914066,0.08451542547285165,-0.17928429140015903
c,Distributed,878,-0.253546276418555,0.08451542547285165,-0.1195228609334394
c,Distributed,879,-0.1690308509457033,0.08451542547285165,-0.059761430466719716
c,Distributed,880,-0.08451542547285165,0.08451542547285165,-3.925231146709437e-17
c,Distributed,881,0.0,0.08451542547285165,0.05976143046671963
c,Distributed,882,0.08451542547285165,0.08451542547285165,0.1195228609334393
c,Distributed,883,0.1690308509457033,0.08451542547285165,0.17928429140015897
c,Distributed,884,0.253546276418555,0.08451542547285165,0.2390457218668787
c,Distributed,885,0.3380617018914066,0.08451542547285165,0.29880715233359834
c,Distributed,886,0.4225771273642583,0.08451542547285165,0.358568582800318
c,Distributed,887,0.50709255283711,0.08451542547285165,0.4183300132670377
c,Distributed,888,0.5916079783099616,0.08451542547285165,0.4780914437337574
c,Distributed,889,0.6761234037828132,0.08451542547285165,0.537852874200477
c,Distributed,890,0.760638829255665,0.08451542547285165,0.5976143046671968
c,Distributed,891,0.8451542547285166,0.08451542547285165,0.6573757351339165
c,Distributed,892,0.9296696802013682,0.08451542547285165,0.717137165600636
c,Distributed,893,1.01418510567422,0.08451542547285165,0.7768985960673558
c,Distributed,894,1.0987005311470714,0.08451542547285165,0.8366600265340753
c,Distributed,895,1.1832159566199232,0.08451542547285165,0.896421457000795
c,Distributed,896,1.267731382092775,0.08451542547285165,0.9561828874675148
c,Distributed,897,1.3522468075656264,0.08451542547285165,1.0159443179342345
c,Distributed,898,1.4367622330384782,0.08451542547285165,1.075705748400954
c,Distributed,899,1.52127765851133,0.08451542547285165,1.1354671788676738
c,Distributed,900,1.6057930839841814,0.08451542547285165,1.1952286093343933
c,Distributed,901,1.6903085094570331,0.08451542547285165,1.2549900398011131
c,Distributed,902,-1.6903085094570331,0.1690308509457033,-1.0757057484009542
c,Distributed,903,-1.6057930839841814,0.1690308509457033,-1.0159443179342345
c,Distributed,904,-1.52127765851133,0.1690308509457033,-0.9561828874675149
c,Distributed,905,-1.4367622330384782,0.1690308509457033,-0.8964214570007952
c,Distributed,906,-1.3522468075656264,0.1690308509457033,-0.8366600265340755
c,Distributed,907,-1.267731382092775,0.1690308509457033,-0.7768985960673559
c,Distributed,908,-1.1832159566199232,0.1690308509457033,-0.7171371656006361
c,Distributed,909,-1.0987005311470714,0.1690308509457033,-0.6573757351339165
c,Distributed,910,-1.01418510567422,0.1690308509457033,-0.5976143046671969
c,Distributed,911,-0.9296696802013682,0.1690308509457033,-0.5378528742004771
c,Distributed,912,-0.8451542547285166,0.1690308509457033,-0.47809144373375745
c,Distributed,913,-0.760638829255665,0.1690308509457033,-0.41833001326703784
c,Distributed,914,-0.6761234037828132,0.1690308509457033,-0.35856858280031806
c,Distributed,915,-0.5916079783099616,0.1690308509457033,-0.29880715233359845
c,Distributed,916,-0.50709255283711,0.1690308509457033,-0.23904572186687878
c,Distributed,917,-0.4225771273642583,0.1690308509457033,-0.17928429140015903
c,Distributed,918,-0.3380617018914066,0.1690308509457033,-0.11952286093343936
c,Distributed,919,-0.253546276418555,0.1690308509457033,-0.059761430466719716
c,Distributed,920,-0.1690308509457033,0.1690308509457033,-1.9626155733547187e-17
c,Distributed,921,-0.08451542547285165,0.1690308509457033,0.05976143046671965
c,Distributed,922,0.0,0.1690308509457033,0.11952286093343933
c,Distributed,923,0.08451542547285165,0.1690308509457033,0.179284291400159
c,Distributed,924,0.1690308509457033,0.1690308509457033,0.2390457218668787
c,Distributed,925,0.253546276418555,0.1690308509457033,0.29880715233359834
c,Distributed,926,0.3380617018914066,0.1690308509457033,0.358568582800318
c,Distributed,927,0.4225771273642583,0.1690308509457033,0.4183300132670377
c,Distributed,928,0.50709255283711,0.1690308509457033,0.4780914437337574
c,Distributed,929,0.5916079783099616,0.1690308509457033,0.537852874200477
c,Distributed,930,0.6761234037828132,0.1690308509457033,0.5976143046671967
c,Distributed,931,0.760638829255665,0.1690308509457033,0.6573757351339165
c,Distributed,932,0.8451542547285166,0.1690308509457033,0.7171371656006361
c,Distributed,933,0.9296696802013682,0.1690308509457033,0.7768985960673558
c,Distributed,934,1.01418510567422,0.1690308509457033,0.8366600265340755
c,Distributed,935,1.0987005311470714,0.1690308509457033,0.896421457000795
c,Distributed,936,1.1832159566199232,0.1690308509457033,0.9561828874675148
c,Distributed,937,1.267731382092775,0.1690308509457033,1.0159443179342345
c,Distributed,938,1.3522468075656264,0.1690308509457033,1.075705748400954
c,Distributed,939,1.4367622330384782,0.1690308509457033,1.1354671788676738
c,Distributed,940,1.52127765851133,0.1690308509457033,1.1952286093343936
c,Distributed,941,1.6057930839841814,0.1690308509457033,1.2549900398011131
c,Distributed,942,1.6903085094570331,0.1690308509457033,1.314751470267833
c,Distributed,943,-1.6903085094570331,0.253546276418555,-1.0159443179342345
c,Distributed,944,-1.6057930839841814,0.253546276418555,-0.9561828874675148
c,Distributed,945,-1.52127765851133,0.253546276418555,-0.8964214570007952
c,Distributed,946,-1.4367622330384782,0.253546276418555,-0.8366600265340755
c,Distributed,947,-1.3522468075656264,0.253546276418555,-0.7768985960673558
c,Distributed,948,-1.267731382092775,0.253546276418555,-0.7171371656006361
c,Distributed,949,-1.1832159566199232,0.253546276418555,-0.6573757351339165
c,Distributed,950,-1.0987005311470714,0.253546276418555,-0.5976143046671967
c,Distributed,951,-1.01418510567422,0.253546276418555,-0.5378528742004771
c,Distributed,952,-0.9296696802013682,0.253546276418555,-0.4780914437337574
c,Distributed,953,-0.8451542547285166,0.253546276418555,-0.4183300132670377
c,Distributed,954,-0.760638829255665,0.253546276418555,-0.35856858280031806
c,Distributed,955,-0.6761234037828132,0.253546276418555,-0.29880715233359834
c,Distributed,956,-0.5916079783099616,0.253546276418555,-0.2390457218668787
c,Distributed,957,-0.50709255283711,0.253546276418555,-0.17928429140015903
c,Distributed,958,-0.4225771273642583,0.253546276418555,-0.11952286093343935
c,Distributed,959,-0.3380617018914066,0.253546276418555,-0.05976143046671965
c,Distributed,960,-0.253546276418555,0.253546276418555,0.0
c,Distributed,961,-0.1690308509457033,0.253546276418555,0.059761430466719695
c,Distributed,962,-0.08451542547285165,0.253546276418555,0.11952286093343936
c,Distributed,963,0.0,0.253546276418555,0.17928429140015903
c,Distributed,964,0.08451542547285165,0.253546276418555,0.2390457218668787
c,Distributed,965,0.1690308509457033,0.253546276418555,0.2988071523335984
c,Distributed,966,0.253546276418555,0.253546276418555,0.35856858280031806
c,Distributed,967,0.3380617018914066,0.253546276418555,0.4183300132670377
c,Distributed,968,0.4225771273642583,0.253546276418555,0.4780914437337574
c,Distributed,969,0.50709255283711,0.253546276418555,0.5378528742004771
c,Distributed,970,0.5916079783099616,0.253546276418555,0.5976143046671968
c,Distributed,971,0.6761234037828132,0.253546276418555,0.6573757351339165
c,Distributed,972,0.760638829255665,0.253546276418555,0.7171371656006361
c,Distributed,973,0.8451542547285166,0.253546276418555,0.7768985960673559
c,Distributed,974,0.9296696802013682,0.253546276418555,0.8366600265340755
c,Distributed,975,1.01418510567422,0.253546276418555,0.8964214570007952
c,Distributed,976,1.0987005311470714,0.253546276418555,0.9561828874675148
c,Distributed,977,1.1832159566199232,0.253546276418555,1.0159443179342345
c,Distributed,978,1.267731382092775,0.253546276418555,1.0757057484009542
c,Distributed,979,1.3522468075656264,0.253546276418555,1.1354671788676738
c,Distributed,980,1.4367622330384782,0.253546276418555,1.1952286093343936
c,Distributed,981,1.52127765851133,0.253546276418555,1.2549900398011133
c,Distributed,982,1.6057930839841814,0.253546276418555,1.314751470267833
c,Distributed,983,1.6903085094570331,0.253546276418555,1.3745129007345527
c,Distributed,984,-1.6903085094570331,0.3380617018914066,-0.9561828874675148
c,Distributed,985,-1.6057930839841814,0.3380617018914066,-0.896421457000795
c,Distributed,986,-1.52127765851133,0.3380617018914066,-0.8366600265340757
c,Distributed,987,-1.4367622330384782,0.3380617018914066,-0.7768985960673559
c,Distributed,988,-1.3522468075656264,0.3380617018914066,-0.7171371656006361
c,Distributed,989,-1.267731382092775,0.3380617018914066,-0.6573757351339166
c,Distributed,990,-1.1832159566199232,0.3380617018914066,-0.5976143046671968
c,Distributed,991,-1.0987005311470714,0.3380617018914066,-0.537852874200477
c,Distributed,992,-1.01418510567422,0.3380617018914066,-0.47809144373375745
c,Distributed,993,-0.9296696802013682,0.3380617018914066,-0.4183300132670377
c,Distributed,994,-0.8451542547285166,0.3380617018914066,-0.35856858280031806
c,Distributed,995,-0.760638829255665,0.3380617018914066,-0.29880715233359845
c,Distributed,996,-0.6761234037828132,0.3380617018914066,-0.2390457218668787
c,Distributed,997,-0.5916079783099616,0.3380617018914066,-0.17928429140015903
c,Distributed,998,-0.50709255283711,0.3380617018914066,-0.11952286093343939
c,Distributed,999,-0.4225771273642583,0.3380617018914066,-0.059761430466719695
c,Distributed,1000,-0.3380617018914066,0.3380617018914066,0.0
c,Distributed,1001,-0.253546276418555,0.3380617018914066,0.05976143046671965
c,Distributed,1002,-0.1690308509457033,0.3380617018914066,0.11952286093343935
c,Distributed,1003,-0.08451542547285165,0.3380617018914066,0.17928429140015903
c,Distributed,1004,0.0,0.3380617018914066,0.2390457218668787
c,Distributed,1005,0.08451542547285165,0.3380617018914066,0.29880715233359834
c,Distributed,1006,0.1690308509457033,0.3380617018914066,0.35856858280031806
c,Distributed,1007,0.253546276418555,0.3380617018914066,0.4183300132670377
c,Distributed,1008,0.3380617018914066,0.3380617018914066,0.4780914437337574
c,Distributed,1009,0.4225771273642583,0.3380617018914066,0.5378528742004771
c,Distributed,1010,0.50709255283711,0.3380617018914066,0.5976143046671968
c,Distributed,1011,0.5916079783099616,0.3380617018914066,0.6573757351339165
c,Distributed,1012,0.6761234037828132,0.3380617018914066,0.7171371656006361
c,Distributed,1013,0.760638829255665,0.3380617018914066,0.7768985960673559
c,Distributed,1014,0.8451542547285166,0.3380617018914066,0.8366600265340755
c,Distributed,1015,0.9296696802013682,0.3380617018914066,0.896421457000795
c,Distributed,1016,1.01418510567422,0.3380617018914066,0.9561828874675148
c,Distributed,1017,1.0987005311470714,0.3380617018914066,1.0159443179342345
c,Distributed,1018,1.1832159566199232,0.3380617018914066,1.0757057484009542
c,Distributed,1019,1.267731382092775,0.3380617018914066,1.135467178867674
c,Distributed,1020,1.3522468075656264,0.3380617018914066,1.1952286093343933
c,Distributed,1021,1.4367622330384782,0.3380617018914066,1.2549900398011131
c,Distributed,1022,1.52127765851133,0.3380617018914066,1.314751470267833
c,Distributed,1023,1.6057930839841814,0.3380617018914066,1.3745129007345527
c,Distributed,1024,1.6903085094570331,0.3380617018914066,1.4342743312012722
c,Distributed,1025,-1.6903085094570331,0.4225771273642583,-0.8964214570007952
c,Distributed,1026,-1.6057930839841814,0.4225771273642583,-0.8366600265340755
c,Distributed,1027,-1.52127765851133,0.4225771273642583,-0.7768985960673559
c,Distributed,1028,-1.4367622330384782,0.4225771273642583,-0.7171371656006361
c,Distributed,1029,-1.3522468075656264,0.4225771273642583,-0.6573757351339165
c,Distributed,1030,-1.267731382092775,0.4225771273642583,-0.5976143046671969
c,Distributed,1031,-1.1832159566199232,0.4225771273642583,-0.5378528742004771
c,Distributed,1032,-1.0987005311470714,0.4225771273642583,-0.4780914437337574
c,Distributed,1033,-1.01418510567422,0.4225771273642583,-0.41833001326703784
c,Distributed,1034,-0.9296696802013682,0.4225771273642583,-0.35856858280031806
c,Distributed,1035,-0.8451542547285166,0.4225771273642583,-0.2988071523335984
c,Distributed,1036,-0.760638829255665,0.4225771273642583,-0.23904572186687872
c,Distributed,1037,-0.6761234037828132,0.4225771273642583,-0.179284291400159
c,Distributed,1038,-0.5916079783099616,0.4225771273642583,-0.11952286093343935
c,Distributed,1039,-0.50709255283711,0.4225771273642583,-0.059761430466719695
c,Distributed,1040,-0.4225771273642583,0.4225771273642583,0.0
c,Distributed,1041,-0.3380617018914066,0.4225771273642583,0.059761430466719695
c,Distributed,1042,-0.253546276418555,0.4225771273642583,0.11952286093343935
c,Distributed,1043,-0.1690308509457033,0.4225771273642583,0.17928429140015903
c,Distributed,1044,-0.08451542547285165,0.4225771273642583,0.2390457218668787
c,Distributed,1045,0.0,0.4225771273642583,0.2988071523335984
c,Distributed,1046,0.08451542547285165,0.4225771273642583,0.35856858280031806
c,Distributed,1047,0.1690308509457033,0.4225771273642583,0.4183300132670377
c,Distributed,1048,0.253546276418555,0.4225771273642583,0.4780914437337574
c,Distributed,1049,0.3380617018914066,0.4225771273642583,0.5378528742004771
c,Distributed,1050,0.4225771273642583,0.4225771273642583,0.5976143046671968
c,Distributed,1051,0.50709255283711,0.4225771273642583,0.6573757351339165
c,Distributed,1052,0.5916079783099616,0.4225771273642583,0.7171371656006361
c,Distributed,1053,0.6761234037828132,0.4225771273642583,0.7768985960673558
c,Distributed,1054,0.760638829255665,0.4225771273642583,0.8366600265340755
c,Distributed,1055,0.8451542547285166,0.4225771273642583,0.8964214570007952
c,Distributed,1056,0.9296696802013682,0.4225771273642583,0.9561828874675148
c,Distributed,1057,1.01418510567422,0.4225771273642583,1.0159443179342345
c,Distributed,1058,1.0987005311470714,0.4225771273642583,1.075705748400954
c,Distributed,1059,1.1832159566199232,0.4225771273642583,1.1354671788676738
c,Distributed,1060,1.267731382092775,0.4225771273642583,1.1952286093343936
c,Distributed,1061,1.3522468075656264,0.4225771273642583,1.2549900398011131
c,Distributed,1062,1.4367622330384782,0.4225771273642583,1.314751470267833
c,Distributed,1063,1.52127765851133,0.4225771273642583,1.3745129007345527
c,Distributed,1064,1.6057930839841814,0.4225771273642583,1.4342743312012722
c,Distributed,1065,1.6903085094570331,0.4225771273642583,1.494035761667992
c,Distributed,1066,-1.6903085094570331,0.50709255283711,-0.8366600265340755
c,Distributed,1067,-1.6057930839841814,0.50709255283711,-0.7768985960673558
c,Distributed,1068,-1.52127765851133,0.50709255283711,-0.7171371656006361
c,Distributed,1069,-1.4367622330384782,0.50709255283711,-0.6573757351339165
c,Distributed,1070,-1.3522468075656264,0.50709255283711,-0.5976143046671967
c,Distributed,1071,-1.267731382092775,0.50709255283711,-0.5378528742004771
c,Distributed,1072,-1.1832159566199232,0.50709255283711,-0.4780914437337574
c,Distributed,1073,-1.0987005311470714,0.50709255283711,-0.41833001326703767
c,Distributed,1074,-1.01418510567422,0.50709255283711,-0.35856858280031806
c,Distributed,1075,-0.9296696802013682,0.50709255283711,-0.29880715233359834
c,Distributed,1076,-0.8451542547285166,0.50709255283711,-0.2390457218668787
c,Distributed,1077,-0.760638829255665,0.50709255283711,-0.17928429140015903
c,Distributed,1078,-0.6761234037828132,0.50709255283711,-0.1195228609334393
c,Distributed,1079,-0.5916079783099616,0.50709255283711,-0.05976143046671965
c,Distributed,1080,-0.50709255283711,0.50709255283711,0.0
c,Distributed,1081,-0.4225771273642583,0.50709255283711,0.059761430466719695
c,Distributed,1082,-0.3380617018914066,0.50709255283711,0.11952286093343939
c,Distributed,1083,-0.253546276418555,0.50709255283711,0.17928429140015903
c,Distributed,1084,-0.1690308509457033,0.50709255283711,0.23904572186687872
c,Distributed,1085,-0.08451542547285165,0.50709255283711,0.29880715233359845
c,Distributed,1086,0.0,0.50709255283711,0.35856858280031806
c,Distributed,1087,0.08451542547285165,0.50709255283711,0.4183300132670377
c,Distributed,1088,0.1690308509457033,0.50709255283711,0.4780914437337574
c,Distributed,1089,0.253546276418555,0.50709255283711,0.5378528742004771
c,Distributed,1090,0.3380617018914066,0.50709255283711,0.5976143046671968
c,Distributed,1091,0.4225771273642583,0.50709255283711,0.6573757351339165
c,Distributed,1092,0.50709255283711,0.50709255283711,0.7171371656006361
c,Distributed,1093,0.5916079783099616,0.50709255283711,0.7768985960673559
c,Distributed,1094,0.6761234037828132,0.50709255283711,0.8366600265340755
c,Distributed,1095,0.760638829255665,0.50709255283711,0.8964214570007952
c,Distributed,1096,0.8451542547285166,0.50709255283711,0.9561828874675148
c,Distributed,1097,0.9296696802013682,0.50709255283711,1.0159443179342345
c,Distributed,1098,1.01418510567422,0.50709255283711,1.0757057484009542
c,Distributed,1099,1.0987005311470714,0.50709255283711,1.1354671788676738
c,Distributed,1100,1.1832159566199232,0.50709255283711,1.1952286093343936
c,Distributed,1101,1.267731382092775,0.50709255283711,1.2549900398011133
c,Distributed,1102,1.3522468075656264,0.50709255283711,1.314751470267833
c,Distributed,1103,1.4367622330384782,0.50709255283711,1.3745129007345527
c,Distributed,1104,1.52127765851133,0.50709255283711,1.4342743312012722
c,Distributed,1105,1.6057930839841814,0.50709255283711,1.4940357616679918
c,Distributed,1106,1.6903085094570331,0.50709255283711,1.5537971921347118
c,Distributed,1107,-1.6903085094570331,0.5916079783099616,-0.7768985960673559
c,Distributed,1108,-1.6057930839841814,0.5916079783099616,-0.7171371656006361
c,Distributed,1109,-1.52127765851133,0.5916079783099616,-0.6573757351339166
c,Distributed,1110,-1.4367622330384782,0.5916079783099616,-0.5976143046671968
c,Distributed,1111,-1.3522468075656264,0.5916079783099616,-0.537852874200477
c,Distributed,1112,-1.267731382092775,0.5916079783099616,-0.47809144373375745
c,Distributed,1113,-1.1832159566199232,0.5916079783099616,-0.4183300132670377
c,Distributed,1114,-1.0987005311470714,0.5916079783099616,-0.358568582800318
c,Distributed,1115,-1.01418510567422,0.5916079783099616,-0.29880715233359845
c,Distributed,1116,-0.9296696802013682,0.5916079783099616,-0.2390457218668787
c,Distributed,1117,-0.8451542547285166,0.5916079783099616,-0.17928429140015903
c,Distributed,1118,-0.760638829255665,0.5916079783099616,-0.11952286093343939
c,Distributed,1119,-0.6761234037828132,0.5916079783099616,-0.05976143046671965
c,Distributed,1120,-0.5916079783099616,0.5916079783099616,0.0
c,Distributed,1121,-0.50709255283711,0.5916079783099616,0.05976143046671965
c,Distributed,1122,-0.4225771273642583,0.5916079783099616,0.11952286093343935
c,Distributed,1123,-0.3380617018914066,0.5916079783099616,0.17928429140015903
c,Distributed,1124,-0.253546276418555,0.5916079783099616,0.2390457218668787
c,Distributed,1125,-0.1690308509457033,0.5916079783099616,0.2988071523335984
c,Distributed,1126,-0.08451542547285165,0.5916079783099616,0.35856858280031806
c,Distributed,1127,0.0,0.5916079783099616,0.4183300132670377
c,Distributed,1128,0.08451542547285165,0.5916079783099616,0.4780914437337574
c,Distributed,1129,0.1690308509457033,0.5916079783099616,0.5378528742004771
c,Distributed,1130,0.253546276418555,0.5916079783099616,0.5976143046671968
c,Distributed,1131,0.3380617018914066,0.5916079783099616,0.6573757351339165
c,Distributed,1132,0.4225771273642583,0.5916079783099616,0.7171371656006361
c,Distributed,1133,0.50709255283711,0.5916079783099616,0.7768985960673559
c,Distributed,1134,0.5916079783099616,0.5916079783099616,0.8366600265340755
c,Distributed,1135,0.6761234037828132,0.5916079783099616,0.896421457000795
c,Distributed,1136,0.760638829255665,0.5916079783099616,0.9561828874675148
c,Distributed,1137,0.8451542547285166,0.5916079783099616,1.0159443179342345
c,Distributed,1138,0.9296696802013682,0.5916079783099616,1.0757057484009542
c,Distributed,1139,1.01418510567422,0.5916079783099616,1.135467178867674
c,Distributed,1140,1.0987005311470714,0.5916079783099616,1.1952286093343933
c,Distributed,1141,1.1832159566199232,0.5916079783099616,1.2549900398011131
c,Distributed,1142,1.267731382092775,0.5916079783099616,1.314751470267833
c,Distributed,1143,1.3522468075656264,0.5916079783099616,1.3745129007345527
c,Distributed,1144,1.4367622330384782,0.5916079783099616,1.4342743312012722
c,Distributed,1145,1.52127765851133,0.5916079783099616,1.494035761667992
c,Distributed,1146,1.6057930839841814,0.5916079783099616,1.5537971921347116
c,Distributed,1147,1.6903085094570331,0.5916079783099616,1.6135586226014311
c,Distributed,1148,-1.6903085094570331,0.6761234037828132,-0.7171371656006361
c,Distributed,1149,-1.6057930839841814,0.6761234037828132,-0.6573757351339165
c,Distributed,1150,-1.52127765851133,0.6761234037828132,-0.5976143046671969
c,Distributed,1151,-1.4367622330384782,0.6761234037828132,-0.5378528742004771
c,Distributed,1152,-1.3522468075656264,0.6761234037828132,-0.4780914437337574
c,Distributed,1153,-1.267731382092775,0.6761234037828132,-0.41833001326703784
c,Distributed,1154,-1.1832159566199232,0.6761234037828132,-0.35856858280031806
c,Distributed,1155,-1.0987005311470714,0.6761234037828132,-0.29880715233359834
c,Distributed,1156,-1.01418510567422,0.6761234037828132,-0.23904572186687878
c,Distributed,1157,-0.9296696802013682,0.6761234037828132,-0.17928429140015903
c,Distributed,1158,-0.8451542547285166,0.6761234037828132,-0.11952286093343939
c,Distributed,1159,-0.760638829255665,0.6761234037828132,-0.05976143046671973
c,Distributed,1160,-0.6761234037828132,0.6761234037828132,0.0
c,Distributed,1161,-0.5916079783099616,0.6761234037828132,0.05976143046671965
c,Distributed,1162,-0.50709255283711,0.6761234037828132,0.1195228609334393
c,Distributed,1163,-0.4225771273642583,0.6761234037828132,0.179284291400159
c,Distributed,1164,-0.3380617018914066,0.6761234037828132,0.2390457218668787
c,Distributed,1165,-0.253546276418555,0.6761234037828132,0.29880715233359834
c,Distributed,1166,-0.1690308509457033,0.6761234037828132,0.35856858280031806
c,Distributed,1167,-0.08451542547285165,0.6761234037828132,0.4183300132670377
c,Distributed,1168,0.0,0.6761234037828132,0.4780914437337574
c,Distributed,1169,0.08451542547285165,0.6761234037828132,0.537852874200477
c,Distributed,1170,0.1690308509457033,0.6761234037828132,0.5976143046671967
c,Distributed,1171,0.253546276418555,0.6761234037828132,0.6573757351339165
c,Distributed,1172,0.3380617018914066,0.6761234037828132,0.7171371656006361
c,Distributed,1173,0.4225771273642583,0.6761234037828132,0.7768985960673558
c,Distributed,1174,0.50709255283711,0.6761234037828132,0.8366600265340755
c,Distributed,1175,0.5916079783099616,0.6761234037828132,0.896421457000795
c,Distributed,1176,0.6761234037828132,0.6761234037828132,0.9561828874675148
c,Distributed,1177,0.760638829255665,0.6761234037828132,1.0159443179342345
c,Distributed,1178,0.8451542547285166,0.6761234037828132,1.0757057484009542
c,Distributed,1179,0.9296696802013682,0.6761234037828132,1.1354671788676738
c,Distributed,1180,1.01418510567422,0.6761234037828132,1.1952286093343936
c,Distributed,1181,1.0987005311470714,0.6761234037828132,1.2549900398011131
c,Distributed,1182,1.1832159566199232,0.6761234037828132,1.314751470267833
c,Distributed,1183,1.267731382092775,0.6761234037828132,1.3745129007345527
c,Distributed,1184,1.3522468075656264,0.6761234037828132,1.4342743312012722
c,Distributed,1185,1.4367622330384782,0.6761234037828132,1.4940357616679918
c,Distributed,1186,1.52127765851133,0.6761234037828132,1.5537971921347118
c,Distributed,1187,1.6057930839841814,0.6761234037828132,1.6135586226014311
c,Distributed,1188,1.6903085094570331,0.6761234037828132,1.673320053068151
c,Distributed,1189,-1.6903085094570331,0.760638829255665,-0.6573757351339165
c,Distributed,1190,-1.6057930839841814,0.760638829255665,-0.5976143046671967
c,Distributed,1191,-1.52127765851133,0.760638829255665,-0.5378528742004771
c,Distributed,1192,-1.4367622330384782,0.760638829255665,-0.4780914437337574
c,Distributed,1193,-1.3522468075656264,0.760638829255665,-0.41833001326703767
c,Distributed,1194,-1.267731382092775,0.760638829255665,-0.35856858280031806
c,Distributed,1195,-1.1832159566199232,0.760638829255665,-0.29880715233359834
c,Distributed,1196,-1.0987005311470714,0.760638829255665,-0.2390457218668786
c,Distributed,1197,-1.01418510567422,0.760638829255665,-0.17928429140015903
c,Distributed,1198,-0.9296696802013682,0.760638829255665,-0.1195228609334393
c,Distributed,1199,-0.8451542547285166,0.760638829255665,-0.05976143046671965
c,Distributed,1200,-0.760638829255665,0.760638829255665,0.0
c,Distributed,1201,-0.6761234037828132,0.760638829255665,0.05976143046671973
c,Distributed,1202,-0.5916079783099616,0.760638829255665,0.11952286093343939
c,Distributed,1203,-0.50709255283711,0.760638829255665,0.17928429140015903
c,Distributed,1204,-0.4225771273642583,0.760638829255665,0.23904572186687872
c,Distributed,1205,-0.3380617018914066,0.760638829255665,0.29880715233359845
c,Distributed,1206,-0.253546276418555,0.760638829255665,0.35856858280031806
c,Distributed,1207,-0.1690308509457033,0.760638829255665,0.41833001326703784
c,Distributed,1208,-0.08451542547285165,0.760638829255665,0.47809144373375745
c,Distributed,1209,0.0,0.760638829255665,0.5378528742004771
c,Distributed,1210,0.08451542547285165,0.760638829255665,0.5976143046671968
c,Distributed,1211,0.1690308509457033,0.760638829255665,0.6573757351339165
c,Distributed,1212,0.253546276418555,0.760638829255665,0.7171371656006361
c,Distributed,1213,0.3380617018914066,0.760638829255665,0.7768985960673559
c,Distributed,1214,0.4225771273642583,0.760638829255665,0.8366600265340755
c,Distributed,1215,0.50709255283711,0.760638829255665,0.8964214570007952
c,Distributed,1216,0.5916079783099616,0.760638829255665,0.9561828874675148
c,Distributed,1217,0.6761234037828132,0.760638829255665,1.0159443179342345
c,Distributed,1218,0.760638829255665,0.760638829255665,1.0757057484009542
c,Distributed,1219,0.8451542547285166,0.760638829255665,1.135467178867674
c,Distributed,1220,0.9296696802013682,0.760638829255665,1.1952286093343936
c,Distributed,1221,1.01418510567422,0.760638829255665,1.2549900398011133
c,Distributed,1222,1.0987005311470714,0.760638829255665,1.314751470267833
c,Distributed,1223,1.1832159566199232,0.760638829255665,1.3745129007345527
c,Distributed,1224,1.267731382092775,0.760638829255665,1.4342743312012722
c,Distributed,1225,1.3522468075656264,0.760638829255665,1.4940357616679918
c,Distributed,1226,1.4367622330384782,0.760638829255665,1.5537971921347118
c,Distributed,1227,1.52127765851133,0.760638829255665,1.6135586226014311
c,Distributed,1228,1.6057930839841814,0.760638829255665,1.673320053068151
c,Distributed,1229,1.6903085094570331,0.760638829255665,1.7330814835348707
c,Distributed,1230,-1.6903085094570331,0.8451542547285166,-0.5976143046671968
c,Distributed,1231,-1.6057930839841814,0.8451542547285166,-0.537852874200477
c,Distributed,1232,-1.52127765851133,0.8451542547285166,-0.47809144373375745
c,Distributed,1233,-1.4367622330384782,0.8451542547285166,-0.4183300132670377
c,Distributed,1234,-1.3522468075656264,0.8451542547285166,-0.358568582800318
c,Distributed,1235,-1.267731382092775,0.8451542547285166,-0.29880715233359845
c,Distributed,1236,-1.1832159566199232,0.8451542547285166,-0.2390457218668787
c,Distributed,1237,-1.0987005311470714,0.8451542547285166,-0.17928429140015897
c,Distributed,1238,-1.01418510567422,0.8451542547285166,-0.11952286093343939
c,Distributed,1239,-0.9296696802013682,0.8451542547285166,-0.05976143046671965
c,Distributed,1240,-0.8451542547285166,0.8451542547285166,0.0
c,Distributed,1241,-0.760638829255665,0.8451542547285166,0.05976143046671965
c,Distributed,1242,-0.6761234037828132,0.8451542547285166,0.11952286093343939
c,Distributed,1243,-0.5916079783099616,0.8451542547285166,0.17928429140015903
c,Distributed,1244,-0.50709255283711,0.8451542547285166,0.2390457218668787
c,Distributed,1245,-0.4225771273642583,0.8451542547285166,0.2988071523335984
c,Distributed,1246,-0.3380617018914066,0.8451542547285166,0.35856858280031806
c,Distributed,1247,-0.253546276418555,0.8451542547285166,0.4183300132670377
c,Distributed,1248,-0.1690308509457033,0.8451542547285166,0.4780914437337574
c,Distributed,1249,-0.08451542547285165,0.8451542547285166,0.5378528742004771
c,Distributed,1250,0.0,0.8451542547285166,0.5976143046671968
c,Distributed,1251,0.08451542547285165,0.8451542547285166,0.6573757351339165
c,Distributed,1252,0.1690308509457033,0.8451542547285166,0.7171371656006361
c,Distributed,1253,0.253546276418555,0.8451542547285166,0.7768985960673559
c,Distributed,1254,0.3380617018914066,0.8451542547285166,0.8366600265340755
c,Distributed,1255,0.4225771273642583,0.8451542547285166,0.8964214570007952
c,Distributed,1256,0.50709255283711,0.8451542547285166,0.9561828874675148
c,Distributed,1257,0.5916079783099616,0.8451542547285166,1.0159443179342345
c,Distributed,1258,0.6761234037828132,0.8451542547285166,1.0757057484009542
c,Distributed,1259,0.760638829255665,0.8451542547285166,1.135467178867674
c,Distributed,1260,0.8451542547285166,0.8451542547285166,1.1952286093343936
c,Distributed,1261,0.9296696802013682,0.8451542547285166,1.2549900398011131
c,Distributed,1262,1.01418510567422,0.8451542547285166,1.314751470267833
c,Distributed,1263,1.0987005311470714,0.8451542547285166,1.3745129007345527
c,Distributed,1264,1.1832159566199232,0.8451542547285166,1.4342743312012722
c,Distributed,1265,1.267731382092775,0.8451542547285166,1.494035761667992
c,Distributed,1266,1.3522468075656264,0.8451542547285166,1.5537971921347116
c,Distributed,1267,1.4367622330384782,0.8451542547285166,1.6135586226014311
c,Distributed,1268,1.52127765851133,0.8451542547285166,1.673320053068151
c,Distributed,1269,1.6057930839841814,0.8451542547285166,1.7330814835348707
c,Distributed,1270,1.6903085094570331,0.8451542547285166,1.7928429140015905
c,Distributed,1271,-1.6903085094570331,0.9296696802013682,-0.5378528742004771
c,Distributed,1272,-1.6057930839841814,0.9296696802013682,-0.4780914437337574
c,Distributed,1273,-1.52127765851133,0.9296696802013682,-0.41833001326703784
c,Distributed,1274,-1.4367622330384782,0.9296696802013682,-0.35856858280031806
c,Distributed,1275,-1.3522468075656264,0.9296696802013682,-0.29880715233359834
c,Distributed,1276,-1.267731382092775,0.9296696802013682,-0.23904572186687878
c,Distributed,1277,-1.1832159566199232,0.9296696802013682,-0.17928429140015903
c,Distributed,1278,-1.0987005311470714,0.9296696802013682,-0.1195228609334393
c,Distributed,1279,-1.01418510567422,0.9296696802013682,-0.05976143046671973
c,Distributed,1280,-0.9296696802013682,0.9296696802013682,0.0
c,Distributed,1281,-0.8451542547285166,0.9296696802013682,0.05976143046671965
c,Distributed,1282,-0.760638829255665,0.9296696802013682,0.1195228609334393
c,Distributed,1283,-0.6761234037828132,0.9296696802013682,0.17928429140015903
c,Distributed,1284,-0.5916079783099616,0.9296696802013682,0.2390457218668787
c,Distributed,1285,-0.50709255283711,0.9296696802013682,0.29880715233359834
c,Distributed,1286,-0.4225771273642583,0.9296696802013682,0.35856858280031806
c,Distributed,1287,-0.3380617018914066,0.9296696802013682,0.4183300132670377
c,Distributed,1288,-0.253546276418555,0.9296696802013682,0.4780914437337574
c,Distributed,1289,-0.1690308509457033,0.9296696802013682,0.5378528742004771
c,Distributed,1290,-0.08451542547285165,0.9296696802013682,0.5976143046671968
c,Distributed,1291,0.0,0.9296696802013682,0.6573757351339165
c,Distributed,1292,0.08451542547285165,0.9296696802013682,0.7171371656006361
c,Distributed,1293,0.1690308509457033,0.9296696802013682,0.7768985960673558
c,Distributed,1294,0.253546276418555,0.9296696802013682,0.8366600265340755
c,Distributed,1295,0.3380617018914066,0.9296696802013682,0.896421457000795
c,Distributed,1296,0.4225771273642583,0.9296696802013682,0.9561828874675148
c,Distributed,1297,0.50709255283711,0.9296696802013682,1.0159443179342345
c,Distributed,1298,0.5916079783099616,0.9296696802013682,1.0757057484009542
c,Distributed,1299,0.6761234037828132,0.9296696802013682,1.1354671788676738
c,Distributed,1300,0.760638829255665,0.9296696802013682,1.1952286093343936
c,Distributed,1301,0.8451542547285166,0.9296696802013682,1.2549900398011131
c,Distributed,1302,0.9296696802013682,0.9296696802013682,1.314751470267833
c,Distributed,1303,1.01418510567422,0.9296696802013682,1.3745129007345527
c,Distributed,1304,1.0987005311470714,0.9296696802013682,1.4342743312012722
c,Distributed,1305,1.1832159566199232,0.9296696802013682,1.4940357616679918
c,Distributed,1306,1.267731382092775,0.9296696802013682,1.5537971921347118
c,Distributed,1307,1.3522468075656264,0.9296696802013682,1.6135586226014311
c,Distributed,1308,1.4367622330384782,0.9296696802013682,1.673320053068151
c,Distributed,1309,1.52127765851133,0.9296696802013682,1.7330814835348707
c,Distributed,1310,1.6057930839841814,0.9296696802013682,1.79284291400159
c,Distributed,1311,1.6903085094570331,0.9296696802013682,1.8526043444683102
c,Distributed,1312,-1.6903085094570331,1.01418510567422,-0.4780914437337572
c,Distributed,1313,-1.6057930839841814,1.01418510567422,-0.4183300132670375
c,Distributed,1314,-1.52127765851133,1.01418510567422,-0.35856858280031795
c,Distributed,1315,-1.4367622330384782,1.01418510567422,-0.29880715233359817
c,Distributed,1316,-1.3522468075656264,1.01418510567422,-0.23904572186687845
c,Distributed,1317,-1.267731382092775,1.01418510567422,-0.1792842914001589
c,Distributed,1318,-1.1832159566199232,1.01418510567422,-0.11952286093343915
c,Distributed,1319,-1.0987005311470714,1.01418510567422,-0.05976143046671942
c,Distributed,1320,-1.01418510567422,1.01418510567422,1.570092458683775e-16
c,Distributed,1321,-0.9296696802013682,1.01418510567422,0.05976143046671989
c,Distributed,1322,-0.8451542547285166,1.01418510567422,0.11952286093343954
c,Distributed,1323,-0.760638829255665,1.01418510567422,0.1792842914001592
c,Distributed,1324,-0.6761234037828132,1.01418510567422,0.23904572186687892
c,Distributed,1325,-0.5916079783099616,1.01418510567422,0.29880715233359856
c,Distributed,1326,-0.50709255283711,1.01418510567422,0.3585685828003182
c,Distributed,1327,-0.4225771273642583,1.01418510567422,0.41833001326703795
c,Distributed,1328,-0.3380617018914066,1.01418510567422,0.4780914437337576
c,Distributed,1329,-0.253546276418555,1.01418510567422,0.5378528742004772
c,Distributed,1330,-0.1690308509457033,1.01418510567422,0.597614304667197
c,Distributed,1331,-0.08451542547285165,1.01418510567422,0.6573757351339167
c,Distributed,1332,0.0,1.01418510567422,0.7171371656006363
c,Distributed,1333,0.08451542547285165,1.01418510567422,0.776898596067356
c,Distributed,1334,0.1690308509457033,1.01418510567422,0.8366600265340757
c,Distributed,1335,0.253546276418555,1.01418510567422,0.8964214570007953
c,Distributed,1336,0.3380617018914066,1.01418510567422,0.9561828874675151
c,Distributed,1337,0.4225771273642583,1.01418510567422,1.0159443179342347
c,Distributed,1338,0.50709255283711,1.01418510567422,1.0757057484009545
c,Distributed,1339,0.5916079783099616,1.01418510567422,1.135467178867674
c,Distributed,1340,0.6761234037828132,1.01418510567422,1.1952286093343938
c,Distributed,1341,0.760638829255665,1.01418510567422,1.2549900398011133
c,Distributed,1342,0.8451542547285166,1.01418510567422,1.3147514702678331
c,Distributed,1343,0.9296696802013682,1.01418510567422,1.3745129007345527
c,Distributed,1344,1.01418510567422,1.01418510567422,1.4342743312012722
c,Distributed,1345,1.0987005311470714,1.01418510567422,1.494035761667992
c,Distributed,1346,1.1832159566199232,1.01418510567422,1.5537971921347118
c,Distributed,1347,1.267731382092775,1.01418510567422,1.6135586226014316
c,Distributed,1348,1.3522468075656264,1.01418510567422,1.6733200530681513
c,Distributed,1349,1.4367622330384782,1.01418510567422,1.7330814835348707
c,Distributed,1350,1.52127765851133,1.01418510567422,1.7928429140015907
c,Distributed,1351,1.6057930839841814,1.01418510567422,1.8526043444683102
c,Distributed,1352,1.6903085094570331,1.01418510567422,1.9123657749350298
c,Distributed,1353,-1.6903085094570331,1.0987005311470714,-0.41833001326703767
c,Distributed,1354,-1.6057930839841814,1.0987005311470714,-0.35856858280031795
c,Distributed,1355,-1.52127765851133,1.0987005311470714,-0.29880715233359834
c,Distributed,1356,-1.4367622330384782,1.0987005311470714,-0.2390457218668786
c,Distributed,1357,-1.3522468075656264,1.0987005311470714,-0.1792842914001589
c,Distributed,1358,-1.267731382092775,1.0987005311470714,-0.1195228609334393
c,Distributed,1359,-1.1832159566199232,1.0987005311470714,-0.05976143046671958
c,Distributed,1360,-1.0987005311470714,1.0987005311470714,1.570092458683775e-16
c,Distributed,1361,-1.01418510567422,1.0987005311470714,0.05976143046671973
c,Distributed,1362,-0.9296696802013682,1.0987005311470714,0.11952286093343946
c,Distributed,1363,-0.8451542547285166,1.0987005311470714,0.1792842914001591
c,Distributed,1364,-0.760638829255665,1.0987005311470714,0.23904572186687878
c,Distributed,1365,-0.6761234037828132,1.0987005311470714,0.2988071523335985
c,Distributed,1366,-0.5916079783099616,1.0987005311470714,0.35856858280031817
c,Distributed,1367,-0.50709255283711,1.0987005311470714,0.41833001326703784
c,Distributed,1368,-0.4225771273642583,1.0987005311470714,0.47809144373375756
c,Distributed,1369,-0.3380617018914066,1.0987005311470714,0.5378528742004772
c,Distributed,1370,-0.253546276418555,1.0987005311470714,0.5976143046671969
c,Distributed,1371,-0.1690308509457033,1.0987005311470714,0.6573757351339166
c,Distributed,1372,-0.08451542547285165,1.0987005311470714,0.7171371656006361
c,Distributed,1373,0.0,1.0987005311470714,0.7768985960673559
c,Distributed,1374,0.08451542547285165,1.0987005311470714,0.8366600265340757
c,Distributed,1375,0.1690308509457033,1.0987005311470714,0.8964214570007952
c,Distributed,1376,0.253546276418555,1.0987005311470714,0.9561828874675149
c,Distributed,1377,0.3380617018914066,1.0987005311470714,1.0159443179342345
c,Distributed,1378,0.4225771273642583,1.0987005311470714,1.0757057484009542
c,Distributed,1379,0.50709255283711,1.0987005311470714,1.135467178867674
c,Distributed,1380,0.5916079783099616,1.0987005311470714,1.1952286093343938
c,Distributed,1381,0.6761234037828132,1.0987005311470714,1.2549900398011133
c,Distributed,1382,0.760638829255665,1.0987005311470714,1.3147514702678331
c,Distributed,1383,0.8451542547285166,1.0987005311470714,1.3745129007345527
c,Distributed,1384,0.9296696802013682,1.0987005311470714,1.4342743312012722
c,Distributed,1385,1.01418510567422,1.0987005311470714,1.494035761667992
c,Distributed,1386,1.0987005311470714,1.0987005311470714,1.5537971921347118
c,Distributed,1387,1.1832159566199232,1.0987005311470714,1.6135586226014311
c,Distributed,1388,1.267731382092775,1.0987005311470714,1.6733200530681513
c,Distributed,1389,1.3522468075656264,1.0987005311470714,1.7330814835348707
c,Distributed,1390,1.4367622330384782,1.0987005311470714,1.7928429140015905
c,Distributed,1391,1.52127765851133,1.0987005311470714,1.8526043444683102
c,Distributed,1392,1.6057930839841814,1.0987005311470714,1.9123657749350296
c,Distributed,1393,1.6903085094570331,1.0987005311470714,1.9721272054017496
c,Distributed,1394,-1.6903085094570331,1.1832159566199232,-0.35856858280031795
c,Distributed,1395,-1.6057930839841814,1.1832159566199232,-0.29880715233359817
c,Distributed,1396,-1.52127765851133,1.1832159566199232,-0.2390457218668786
c,Distributed,1397,-1.4367622330384782,1.1832159566199232,-0.1792842914001589
c,Distributed,1398,-1.3522468075656264,1.1832159566199232,-0.11952286093343915
c,Distributed,1399,-1.267731382092775,1.1832159566199232,-0.05976143046671958
c,Distributed,1400,-1.1832159566199232,1.1832159566199232,1.570092458683775e-16
c,Distributed,1401,-1.0987005311470714,1.1832159566199232,0.05976143046671989
c,Distributed,1402,-1.01418510567422,1.1832159566199232,0.11952286093343946
c,Distributed,1403,-0.9296696802013682,1.1832159566199232,0.1792842914001592
c,Distributed,1404,-0.8451542547285166,1.1832159566199232,0.23904572186687886
c,Distributed,1405,-0.760638829255665,1.1832159566199232,0.2988071523335985
c,Distributed,1406,-0.6761234037828132,1.1832159566199232,0.3585685828003182
c,Distributed,1407,-0.5916079783099616,1.1832159566199232,0.4183300132670379
c,Distributed,1408,-0.50709255283711,1.1832159566199232,0.47809144373375756
c,Distributed,1409,-0.4225771273642583,1.1832159566199232,0.5378528742004772
c,Distributed,1410,-0.3380617018914066,1.1832159566199232,0.5976143046671969
c,Distributed,1411,-0.253546276418555,1.1832159566199232,0.6573757351339166
c,Distributed,1412,-0.1690308509457033,1.1832159566199232,0.7171371656006363
c,Distributed,1413,-0.08451542547285165,1.1832159566199232,0.7768985960673559
c,Distributed,1414,0.0,1.1832159566199232,0.8366600265340757
c,Distributed,1415,0.08451542547285165,1.1832159566199232,0.8964214570007953
c,Distributed,1416,0.1690308509457033,1.1832159566199232,0.9561828874675149
c,Distributed,1417,0.253546276418555,1.1832159566199232,1.0159443179342347
c,Distributed,1418,0.3380617018914066,1.1832159566199232,1.0757057484009542
c,Distributed,1419,0.4225771273642583,1.1832159566199232,1.135467178867674
c,Distributed,1420,0.50709255283711,1.1832159566199232,1.1952286093343938
c,Distributed,1421,0.5916079783099616,1.1832159566199232,1.2549900398011133
c,Distributed,1422,0.6761234037828132,1.1832159566199232,1.3147514702678331
c,Distributed,1423,0.760638829255665,1.1832159566199232,1.3745129007345527
c,Distributed,1424,0.8451542547285166,1.1832159566199232,1.4342743312012722
c,Distributed,1425,0.9296696802013682,1.1832159566199232,1.494035761667992
c,Distributed,1426,1.01418510567422,1.1832159566199232,1.5537971921347118
c,Distributed,1427,1.0987005311470714,1.1832159566199232,1.6135586226014311
c,Distributed,1428,1.1832159566199232,1.1832159566199232,1.6733200530681513
c,Distributed,1429,1.267731382092775,1.1832159566199232,1.7330814835348707
c,Distributed,1430,1.3522468075656264,1.1832159566199232,1.7928429140015905
c,Distributed,1431,1.4367622330384782,1.1832159566199232,1.8526043444683102
c,Distributed,1432,1.52127765851133,1.1832159566199232,1.9123657749350298
c,Distributed,1433,1.6057930839841814,1.1832159566199232,1.9721272054017496
c,Distributed,1434,1.6903085094570331,1.1832159566199232,2.031888635868469
c,Distributed,1435,-1.6903085094570331,1.267731382092775,-0.29880715233359817
c,Distributed,1436,-1.6057930839841814,1.267731382092775,-0.23904572186687845
c,Distributed,1437,-1.52127765851133,1.267731382092775,-0.1792842914001589
c,Distributed,1438,-1.4367622330384782,1.267731382092775,-0.11952286093343915
c,Distributed,1439,-1.3522468075656264,1.267731382092775,-0.05976143046671942
c,Distributed,1440,-1.267731382092775,1.267731382092775,1.570092458683775e-16
c,Distributed,1441,-1.1832159566199232,1.267731382092775,0.05976143046671989
c,Distributed,1442,-1.0987005311470714,1.267731382092775,0.11952286093343963
c,Distributed,1443,-1.01418510567422,1.267731382092775,0.1792842914001592
c,Distributed,1444,-0.9296696802013682,1.267731382092775,0.23904572186687892
c,Distributed,1445,-0.8451542547285166,1.267731382092775,0.29880715233359856
c,Distributed,1446,-0.760638829255665,1.267731382092775,0.3585685828003182
c,Distributed,1447,-0.6761234037828132,1.267731382092775,0.41833001326703795
c,Distributed,1448,-0.5916079783099616,1.267731382092775,0.4780914437337576
c,Distributed,1449,-0.50709255283711,1.267731382092775,0.5378528742004772
c,Distributed,1450,-0.4225771273642583,1.267731382092775,0.597614304667197
c,Distributed,1451,-0.3380617018914066,1.267731382092775,0.6573757351339167
c,Distributed,1452,-0.253546276418555,1.267731382092775,0.7171371656006363
c,Distributed,1453,-0.1690308509457033,1.267731382092775,0.776898596067356
c,Distributed,1454,-0.08451542547285165,1.267731382092775,0.8366600265340757
c,Distributed,1455,0.0,1.267731382092775,0.8964214570007953
c,Distributed,1456,0.08451542547285165,1.267731382092775,0.9561828874675151
c,Distributed,1457,0.1690308509457033,1.267731382092775,1.0159443179342347
c,Distributed,1458,0.253546276418555,1.267731382092775,1.0757057484009545
c,Distributed,1459,0.3380617018914066,1.267731382092775,1.135467178867674
c,Distributed,1460,0.4225771273642583,1.267731382092775,1.1952286093343938
c,Distributed,1461,0.50709255283711,1.267731382092775,1.2549900398011133
c,Distributed,1462,0.5916079783099616,1.267731382092775,1.3147514702678331
c,Distributed,1463,0.6761234037828132,1.267731382092775,1.3745129007345527
c,Distributed,1464,0.760638829255665,1.267731382092775,1.4342743312012722
c,Distributed,1465,0.8451542547285166,1.267731382092775,1.494035761667992
c,Distributed,1466,0.9296696802013682,1.267731382092775,1.5537971921347118
c,Distributed,1467,1.01418510567422,1.267731382092775,1.6135586226014316
c,Distributed,1468,1.0987005311470714,1.267731382092775,1.6733200530681513
c,Distributed,1469,1.1832159566199232,1.267731382092775,1.7330814835348707
c,Distributed,1470,1.267731382092775,1.267731382092775,1.7928429140015907
c,Distributed,1471,1.3522468075656264,1.267731382092775,1.8526043444683102
c,Distributed,1472,1.4367622330384782,1.267731382092775,1.9123657749350298
c,Distributed,1473,1.52127765851133,1.267731382092775,1.9721272054017496
c,Distributed,1474,1.6057930839841814,1.267731382092775,2.031888635868469
c,Distributed,1475,1.6903085094570331,1.267731382092775,2.091650066335189
c,Distributed,1476,-1.6903085094570331,1.3522468075656264,-0.2390457218668786
c,Distributed,1477,-1.6057930839841814,1.3522468075656264,-0.1792842914001589
c,Distributed,1478,-1.52127765851133,1.3522468075656264,-0.1195228609334393
c,Distributed,1479,-1.4367622330384782,1.3522468075656264,-0.05976143046671958
c,Distributed,1480,-1.3522468075656264,1.3522468075656264,1.570092458683775e-16
c,Distributed,1481,-1.267731382092775,1.3522468075656264,0.05976143046671973
c,Distributed,1482,-1.1832159566199232,1.3522468075656264,0.11952286093343946
c,Distributed,1483,-1.0987005311470714,1.3522468075656264,0.1792842914001592
c,Distributed,1484,-1.01418510567422,1.3522468075656264,0.23904572186687878
c,Distributed,1485,-0.9296696802013682,1.3522468075656264,0.2988071523335985
c,Distributed,1486,-0.8451542547285166,1.3522468075656264,0.35856858280031817
c,Distributed,1487,-0.760638829255665,1.3522468075656264,0.41833001326703784
c,Distributed,1488,-0.6761234037828132,1.3522468075656264,0.47809144373375756
c,Distributed,1489,-0.5916079783099616,1.3522468075656264,0.5378528742004772
c,Distributed,1490,-0.50709255283711,1.3522468075656264,0.5976143046671969
c,Distributed,1491,-0.4225771273642583,1.3522468075656264,0.6573757351339166
c,Distributed,1492,-0.3380617018914066,1.3522468075656264,0.7171371656006361
c,Distributed,1493,-0.253546276418555,1.3522468075656264,0.7768985960673559
c,Distributed,1494,-0.1690308509457033,1.3522468075656264,0.8366600265340757
c,Distributed,1495,-0.08451542547285165,1.3522468075656264,0.8964214570007952
c,Distributed,1496,0.0,1.3522468075656264,0.9561828874675149
c,Distributed,1497,0.08451542547285165,1.3522468075656264,1.0159443179342347
c,Distributed,1498,0.1690308509457033,1.3522468075656264,1.0757057484009542
c,Distributed,1499,0.253546276418555,1.3522468075656264,1.135467178867674
c,Distributed,1500,0.3380617018914066,1.3522468075656264,1.1952286093343938
c,Distributed,1501,0.4225771273642583,1.3522468075656264,1.2549900398011133
c,Distributed,1502,0.50709255283711,1.3522468075656264,1.3147514702678331
c,Distributed,1503,0.5916079783099616,1.3522468075656264,1.3745129007345527
c,Distributed,1504,0.6761234037828132,1.3522468075656264,1.4342743312012722
c,Distributed,1505,0.760638829255665,1.3522468075656264,1.494035761667992
c,Distributed,1506,0.8451542547285166,1.3522468075656264,1.5537971921347118
c,Distributed,1507,0.9296696802013682,1.3522468075656264,1.6135586226014311
c,Distributed,1508,1.01418510567422,1.3522468075656264,1.6733200530681513
c,Distributed,1509,1.0987005311470714,1.3522468075656264,1.7330814835348707
c,Distributed,1510,1.1832159566199232,1.3522468075656264,1.7928429140015905
c,Distributed,1511,1.267731382092775,1.3522468075656264,1.8526043444683102
c,Distributed,1512,1.3522468075656264,1.3522468075656264,1.9123657749350296
c,Distributed,1513,1.4367622330384782,1.3522468075656264,1.9721272054017496
c,Distributed,1514,1.52127765851133,1.3522468075656264,2.031888635868469
c,Distributed,1515,1.6057930839841814,1.3522468075656264,2.091650066335189
c,Distributed,1516,1.6903085094570331,1.3522468075656264,2.1514114968019085
c,Distributed,1517,-1.6903085094570331,1.4367622330384782,-0.1792842914001589
c,Distributed,1518,-1.6057930839841814,1.4367622330384782,-0.11952286093343915
c,Distributed,1519,-1.52127765851133,1.4367622330384782,-0.05976143046671958
c,Distributed,1520,-1.4367622330384782,1.4367622330384782,1.570092458683775e-16
c,Distributed,1521,-1.3522468075656264,1.4367622330384782,0.05976143046671989
c,Distributed,1522,-1.267731382092775,1.4367622330384782,0.11952286093343946
c,Distributed,1523,-1.1832159566199232,1.4367622330384782,0.1792842914001592
c,Distributed,1524,-1.0987005311470714,1.4367622330384782,0.23904572186687892
c,Distributed,1525,-1.01418510567422,1.4367622330384782,0.2988071523335985
c,Distributed,1526,-0.9296696802013682,1.4367622330384782,0.3585685828003182
c,Distributed,1527,-0.8451542547285166,1.4367622330384782,0.4183300132670379
c,Distributed,1528,-0.760638829255665,1.4367622330384782,0.47809144373375756
c,Distributed,1529,-0.6761234037828132,1.4367622330384782,0.5378528742004772
c,Distributed,1530,-0.5916079783099616,1.4367622330384782,0.5976143046671969
c,Distributed,1531,-0.50709255283711,1.4367622330384782,0.6573757351339166
c,Distributed,1532,-0.4225771273642583,1.4367622330384782,0.7171371656006363
c,Distributed,1533,-0.3380617018914066,1.4367622330384782,0.7768985960673559
c,Distributed,1534,-0.253546276418555,1.4367622330384782,0.8366600265340757
c,Distributed,1535,-0.1690308509457033,1.4367622330384782,0.8964214570007953
c,Distributed,1536,-0.08451542547285165,1.4367622330384782,0.9561828874675149
c,Distributed,1537,0.0,1.4367622330384782,1.0159443179342347
c,Distributed,1538,0.08451542547285165,1.4367622330384782,1.0757057484009545
c,Distributed,1539,0.1690308509457033,1.4367622330384782,1.135467178867674
c,Distributed,1540,0.253546276418555,1.4367622330384782,1.1952286093343938
c,Distributed,1541,0.3380617018914066,1.4367622330384782,1.2549900398011133
c,Distributed,1542,0.4225771273642583,1.4367622330384782,1.3147514702678331
c,Distributed,1543,0.50709255283711,1.4367622330384782,1.3745129007345527
c,Distributed,1544,0.5916079783099616,1.4367622330384782,1.4342743312012722
c,Distributed,1545,0.6761234037828132,1.4367622330384782,1.494035761667992
c,Distributed,1546,0.760638829255665,1.4367622330384782,1.5537971921347118
c,Distributed,1547,0.8451542547285166,1.4367622330384782,1.6135586226014316
c,Distributed,1548,0.9296696802013682,1.4367622330384782,1.6733200530681513
c,Distributed,1549,1.01418510567422,1.4367622330384782,1.7330814835348707
c,Distributed,1550,1.0987005311470714,1.4367622330384782,1.7928429140015905
c,Distributed,1551,1.1832159566199232,1.4367622330384782,1.8526043444683102
c,Distributed,1552,1.267731382092775,1.4367622330384782,1.9123657749350298
c,Distributed,1553,1.3522468075656264,1.4367622330384782,1.9721272054017496
c,Distributed,1554,1.4367622330384782,1.4367622330384782,2.031888635868469
c,Distributed,1555,1.52127765851133,1.4367622330384782,2.091650066335189
c,Distributed,1556,1.6057930839841814,1.4367622330384782,2.1514114968019085
c,Distributed,1557,1.6903085094570331,1.4367622330384782,2.211172927268628
c,Distributed,1558,-1.6903085094570331,1.52127765851133,-0.11952286093343915
c,Distributed,1559,-1.6057930839841814,1.52127765851133,-0.05976143046671942
c,Distributed,1560,-1.52127765851133,1.52127765851133,1.570092458683775e-16
c,Distributed,1561,-1.4367622330384782,1.52127765851133,0.05976143046671989
c,Distributed,1562,-1.3522468075656264,1.52127765851133,0.11952286093343963
c,Distributed,1563,-1.267731382092775,1.52127765851133,0.1792842914001592
c,Distributed,1564,-1.1832159566199232,1.52127765851133,0.23904572186687892
c,Distributed,1565,-1.0987005311470714,1.52127765851133,0.29880715233359867
c,Distributed,1566,-1.01418510567422,1.52127765851133,0.3585685828003182
c,Distributed,1567,-0.9296696802013682,1.52127765851133,0.41833001326703795
c,Distributed,1568,-0.8451542547285166,1.52127765851133,0.4780914437337576
c,Distributed,1569,-0.760638829255665,1.52127765851133,0.5378528742004772
c,Distributed,1570,-0.6761234037828132,1.52127765851133,0.597614304667197
c,Distributed,1571,-0.5916079783099616,1.52127765851133,0.6573757351339167
c,Distributed,1572,-0.50709255283711,1.52127765851133,0.7171371656006363
c,Distributed,1573,-0.4225771273642583,1.52127765851133,0.776898596067356
c,Distributed,1574,-0.3380617018914066,1.52127765851133,0.8366600265340757
c,Distributed,1575,-0.253546276418555,1.52127765851133,0.8964214570007953
c,Distributed,1576,-0.1690308509457033,1.52127765851133,0.9561828874675151
c,Distributed,1577,-0.08451542547285165,1.52127765851133,1.0159443179342347
c,Distributed,1578,0.0,1.52127765851133,1.0757057484009545
c,Distributed,1579,0.08451542547285165,1.52127765851133,1.1354671788676742
c,Distributed,1580,0.1690308509457033,1.52127765851133,1.1952286093343938
c,Distributed,1581,0.253546276418555,1.52127765851133,1.2549900398011133
c,Distributed,1582,0.3380617018914066,1.52127765851133,1.3147514702678331
c,Distributed,1583,0.4225771273642583,1.52127765851133,1.3745129007345527
c,Distributed,1584,0.50709255283711,1.52127765851133,1.4342743312012722
c,Distributed,1585,0.5916079783099616,1.52127765851133,1.494035761667992
c,Distributed,1586,0.6761234037828132,1.52127765851133,1.5537971921347118
c,Distributed,1587,0.760638829255665,1.52127765851133,1.6135586226014316
c,Distributed,1588,0.8451542547285166,1.52127765851133,1.6733200530681513
c,Distributed,1589,0.9296696802013682,1.52127765851133,1.7330814835348707
c,Distributed,1590,1.01418510567422,1.52127765851133,1.7928429140015907
c,Distributed,1591,1.0987005311470714,1.52127765851133,1.8526043444683102
c,Distributed,1592,1.1832159566199232,1.52127765851133,1.9123657749350298
c,Distributed,1593,1.267731382092775,1.52127765851133,1.9721272054017496
c,Distributed,1594,1.3522468075656264,1.52127765851133,2.031888635868469
c,Distributed,1595,1.4367622330384782,1.52127765851133,2.091650066335189
c,Distributed,1596,1.52127765851133,1.52127765851133,2.1514114968019085
c,Distributed,1597,1.6057930839841814,1.52127765851133,2.211172927268628
c,Distributed,1598,1.6903085094570331,1.52127765851133,2.270934357735348
c,Distributed,1599,-1.6903085094570331,1.6057930839841814,-0.05976143046671958
c,Distributed,1600,-1.6057930839841814,1.6057930839841814,1.570092458683775e-16
c,Distributed,1601,-1.52127765851133,1.6057930839841814,0.05976143046671973
c,Distributed,1602,-1.4367622330384782,1.6057930839841814,0.11952286093343946
c,Distributed,1603,-1.3522468075656264,1.6057930839841814,0.1792842914001592
c,Distributed,1604,-1.267731382092775,1.6057930839841814,0.23904572186687878
c,Distributed,1605,-1.1832159566199232,1.6057930839841814,0.2988071523335985
c,Distributed,1606,-1.0987005311470714,1.6057930839841814,0.3585685828003182
c,Distributed,1607,-1.01418510567422,1.6057930839841814,0.41833001326703784
c,Distributed,1608,-0.9296696802013682,1.6057930839841814,0.47809144373375756
c,Distributed,1609,-0.8451542547285166,1.6057930839841814,0.5378528742004772
c,Distributed,1610,-0.760638829255665,1.6057930839841814,0.5976143046671969
c,Distributed,1611,-0.6761234037828132,1.6057930839841814,0.6573757351339166
c,Distributed,1612,-0.5916079783099616,1.6057930839841814,0.7171371656006361
c,Distributed,1613,-0.50709255283711,1.6057930839841814,0.7768985960673559
c,Distributed,1614,-0.4225771273642583,1.6057930839841814,0.8366600265340757
c,Distributed,1615,-0.3380617018914066,1.6057930839841814,0.8964214570007953
c,Distributed,1616,-0.253546276418555,1.6057930839841814,0.9561828874675149
c,Distributed,1617,-0.1690308509457033,1.6057930839841814,1.0159443179342347
c,Distributed,1618,-0.08451542547285165,1.6057930839841814,1.0757057484009542
c,Distributed,1619,0.0,1.6057930839841814,1.135467178867674
c,Distributed,1620,0.08451542547285165,1.6057930839841814,1.1952286093343938
c,Distributed,1621,0.1690308509457033,1.6057930839841814,1.2549900398011133
c,Distributed,1622,0.253546276418555,1.6057930839841814,1.3147514702678331
c,Distributed,1623,0.3380617018914066,1.6057930839841814,1.3745129007345527
c,Distributed,1624,0.4225771273642583,1.6057930839841814,1.4342743312012722
c,Distributed,1625,0.50709255283711,1.6057930839841814,1.494035761667992
c,Distributed,1626,0.5916079783099616,1.6057930839841814,1.5537971921347118
c,Distributed,1627,0.6761234037828132,1.6057930839841814,1.6135586226014311
c,Distributed,1628,0.760638829255665,1.6057930839841814,1.6733200530681513
c,Distributed,1629,0.8451542547285166,1.6057930839841814,1.7330814835348707
c,Distributed,1630,0.9296696802013682,1.6057930839841814,1.7928429140015905
c,Distributed,1631,1.01418510567422,1.6057930839841814,1.8526043444683102
c,Distributed,1632,1.0987005311470714,1.6057930839841814,1.9123657749350296
c,Distributed,1633,1.1832159566199232,1.6057930839841814,1.9721272054017496
c,Distributed,1634,1.267731382092775,1.6057930839841814,2.031888635868469
c,Distributed,1635,1.3522468075656264,1.6057930839841814,2.091650066335189
c,Distributed,1636,1.4367622330384782,1.6057930839841814,2.1514114968019085
c,Distributed,1637,1.52127765851133,1.6057930839841814,2.211172927268628
c,Distributed,1638,1.6057930839841814,1.6057930839841814,2.270934357735348
c,Distributed,1639,1.6903085094570331,1.6057930839841814,2.3306957882020676
c,Distributed,1640,-1.6903085094570331,1.6903085094570331,1.570092458683775e-16
c,Distributed,1641,-1.6057930839841814,1.6903085094570331,0.05976143046671989
c,Distributed,1642,-1.52127765851133,1.6903085094570331,0.11952286093343946
c,Distributed,1643,-1.4367622330384782,1.6903085094570331,0.1792842914001592
c,Distributed,1644,-1.3522468075656264,1.6903085094570331,0.23904572186687892
c,Distributed,1645,-1.267731382092775,1.6903085094570331,0.2988071523335985
c,Distributed,1646,-1.1832159566199232,1.6903085094570331,0.3585685828003182
c,Distributed,1647,-1.0987005311470714,1.6903085094570331,0.41833001326703795
c,Distributed,1648,-1.01418510567422,1.6903085094570331,0.47809144373375756
c,Distributed,1649,-0.9296696802013682,1.6903085094570331,0.5378528742004772
c,Distributed,1650,-0.8451542547285166,1.6903085094570331,0.5976143046671969
c,Distributed,1651,-0.760638829255665,1.6903085094570331,0.6573757351339166
c,Distributed,1652,-0.6761234037828132,1.6903085094570331,0.7171371656006363
c,Distributed,1653,-0.5916079783099616,1.6903085094570331,0.7768985960673559
c,Distributed,1654,-0.50709255283711,1.6903085094570331,0.8366600265340757
c,Distributed,1655,-0.4225771273642583,1.6903085094570331,0.8964214570007953
c,Distributed,1656,-0.3380617018914066,1.6903085094570331,0.9561828874675151
c,Distributed,1657,-0.253546276418555,1.6903085094570331,1.0159443179342347
c,Distributed,1658,-0.1690308509457033,1.6903085094570331,1.0757057484009545
c,Distributed,1659,-0.08451542547285165,1.6903085094570331,1.135467178867674
c,Distributed,1660,0.0,1.6903085094570331,1.1952286093343938
c,Distributed,1661,0.08451542547285165,1.6903085094570331,1.2549900398011133
c,Distributed,1662,0.1690308509457033,1.6903085094570331,1.3147514702678331
c,Distributed,1663,0.253546276418555,1.6903085094570331,1.3745129007345527
c,Distributed,1664,0.3380617018914066,1.6903085094570331,1.4342743312012722
c,Distributed,1665,0.4225771273642583,1.6903085094570331,1.494035761667992
c,Distributed,1666,0.50709255283711,1.6903085094570331,1.5537971921347118
c,Distributed,1667,0.5916079783099616,1.6903085094570331,1.6135586226014316
c,Distributed,1668,0.6761234037828132,1.6903085094570331,1.6733200530681513
c,Distributed,1669,0.760638829255665,1.6903085094570331,1.7330814835348707
c,Distributed,1670,0.8451542547285166,1.6903085094570331,1.7928429140015905
c,Distributed,1671,0.9296696802013682,1.6903085094570331,1.8526043444683102
c,Distributed,1672,1.01418510567422,1.6903085094570331,1.9123657749350298
c,Distributed,1673,1.0987005311470714,1.6903085094570331,1.9721272054017496
c,Distributed,1674,1.1832159566199232,1.6903085094570331,2.031888635868469
c,Distributed,1675,1.267731382092775,1.6903085094570331,2.091650066335189
c,Distributed,1676,1.3522468075656264,1.6903085094570331,2.1514114968019085
c,Distributed,1677,1.4367622330384782,1.6903085094570331,2.211172927268628
c,Distributed,1678,1.52127765851133,1.6903085094570331,2.270934357735348
c,Distributed,1679,1.6057930839841814,1.6903085094570331,2.3306957882020676
c,Distributed,1680,1.6903085094570331,1.6903085094570331,2.3904572186687876
d,Product,0,-1.6903085094570331,-1.6903085094570331,2.8571428571428577
d,Product,1,-1.6057930839841814,-1.6903085094570331,2.7142857142857144
d,Product,2,-1.52127765851133,-1.6903085094570331,2.571428571428572
d,Product,3,-1.4367622330384782,-1.6903085094570331,2.428571428571429
d,Product,4,-1.3522468075656264,-1.6903085094570331,2.285714285714286
d,Product,5,-1.267731382092775,-1.6903085094570331,2.1428571428571432
d,Product,6,-1.1832159566199232,-1.6903085094570331,2.0
d,Product,7,-1.0987005311470714,-1.6903085094570331,1.8571428571428572
d,Product,8,-1.01418510567422,-1.6903085094570331,1.7142857142857146
d,Product,9,-0.9296696802013682,-1.6903085094570331,1.5714285714285716
d,Product,10,-0.8451542547285166,-1.6903085094570331,1.4285714285714288
d,Product,11,-0.760638829255665,-1.6903085094570331,1.285714285714286
d,Product,12,-0.6761234037828132,-1.6903085094570331,1.142857142857143
d,Product,13,-0.5916079783099616,-1.6903085094570331,1.0
d,Product,14,-0.50709255283711,-1.6903085094570331,0.8571428571428573
d,Product,15,-0.4225771273642583,-1.6903085094570331,0.7142857142857144
d,Product,16,-0.3380617018914066,-1.6903085094570331,0.5714285714285715
d,Product,17,-0.253546276418555,-1.6903085094570331,0.42857142857142866
d,Product,18,-0.1690308509457033,-1.6903085094570331,0.28571428571428575
d,Product,19,-0.08451542547285165,-1.6903085094570331,0.14285714285714288
d,Product,20,0.0,-1.6903085094570331,-3.0440236426179433e-18
d,Product,21,0.08451542547285165,-1.6903085094570331,-0.14285714285714288
d,Product,22,0.1690308509457033,-1.6903085094570331,-0.28571428571428575
d,Product,23,0.253546276418555,-1.6903085094570331,-0.42857142857142866
d,Product,24,0.3380617018914066,-1.6903085094570331,-0.5714285714285715
d,Product,25,0.4225771273642583,-1.6903085094570331,-0.7142857142857144
d,Product,26,0.50709255283711,-1.6903085094570331,-0.8571428571428573
d,Product,27,0.5916079783099616,-1.6903085094570331,-1.0
d,Product,28,0.6761234037828132,-1.6903085094570331,-1.142857142857143
d,Product,29,0.760638829255665,-1.6903085094570331,-1.285714285714286
d,Product,30,0.8451542547285166,-1.6903085094570331,-1.4285714285714288
d,Product,31,0.9296696802013682,-1.6903085094570331,-1.5714285714285716
d,Product,32,1.01418510567422,-1.6903085094570331,-1.7142857142857146
d,Product,33,1.0987005311470714,-1.6903085094570331,-1.8571428571428572
d,Product,34,1.1832159566199232,-1.6903085094570331,-2.0
d,Product,35,1.267731382092775,-1.6903085094570331,-2.1428571428571432
d,Product,36,1.3522468075656264,-1.6903085094570331,-2.285714285714286
d,Product,37,1.4367622330384782,-1.6903085094570331,-2.428571428571429
d,Product,38,1.52127765851133,-1.6903085094570331,-2.571428571428572
d,Product,39,1.6057930839841814,-1.6903085094570331,-2.7142857142857144
d,Product,40,1.6903085094570331,-1.6903085094570331,-2.8571428571428577
d,Product,41,-1.6903085094570331,-1.6057930839841814,2.7142857142857144
d,Product,42,-1.6057930839841814,-1.6057930839841814,2.5785714285714287
d,Product,43,-1.52127765851133,-1.6057930839841814,2.442857142857143
d,Product,44,-1.4367622330384782,-1.6057930839841814,2.3071428571428574
d,Product,45,-1.3522468075656264,-1.6057930839841814,2.1714285714285713
d,Product,46,-1.267731382092775,-1.6057930839841814,2.035714285714286
d,Product,47,-1.1832159566199232,-1.6057930839841814,1.9000000000000001
d,Product,48,-1.0987005311470714,-1.6057930839841814,1.7642857142857142
d,Product,49,-1.01418510567422,-1.6057930839841814,1.6285714285714288
d,Product,50,-0.9296696802013682,-1.6057930839841814,1.4928571428571429
d,Product,51,-0.8451542547285166,-1.6057930839841814,1.3571428571428572
d,Product,52,-0.760638829255665,-1.6057930839841814,1.2214285714285715
d,Product,53,-0.6761234037828132,-1.6057930839841814,1.0857142857142856
d,Product,54,-0.5916079783099616,-1.6057930839841814,0.9500000000000001
d,Product,55,-0.50709255283711,-1.6057930839841814,0.8142857142857144
d,Product,56,-0.4225771273642583,-1.6057930839841814,0.6785714285714286
d,Product,57,-0.3380617018914066,-1.6057930839841814,0.5428571428571428
d,Product,58,-0.253546276418555,-1.6057930839841814,0.4071428571428572
d,Product,59,-0.1690308509457033,-1.6057930839841814,0.2714285714285714
d,Product,60,-0.08451542547285165,-1.6057930839841814,0.1357142857142857
d,Product,61,0.0,-1.6057930839841814,-2.8654043040414745e-18
d,Product,62,0.08451542547285165,-1.6057930839841814,-0.1357142857142857
d,Product,63,0.1690308509457033,-1.6057930839841814,-0.2714285714285714
d,Product,64,0.253546276418555,-1.6057930839841814,-0.4071428571428572
d,Product,65,0.3380617018914066,-1.6057930839841814,-0.5428571428571428
d,Product,66,0.4225771273642583,-1.6057930839841814,-0.6785714285714286
d,Product,67,0.50709255283711,-1.6057930839841814,-0.8142857142857144
d,Product,68,0.5916079783099616,-1.6057930839841814,-0.9500000000000001
d,Product,69,0.6761234037828132,-1.6057930839841814,-1.0857142857142856
d,Product,70,0.760638829255665,-1.6057930839841814,-1.2214285714285715
d,Product,71,0.8451542547285166,-1.6057930839841814,-1.3571428571428572
d,Product,72,0.9296696802013682,-1.6057930839841814,-1.4928571428571429
d,Product,73,1.01418510567422,-1.6057930839841814,-1.6285714285714288
d,Product,74,1.0987005311470714,-1.6057930839841814,-1.7642857142857142
d,Product,75,1.1832159566199232,-1.6057930839841814,-1.9000000000000001
d,Product,76,1.267731382092775,-1.6057930839841814,-2.035714285714286
d,Product,77,1.3522468075656264,-1.6057930839841814,-2.1714285714285713
d,Product,78,1.4367622330384782,-1.6057930839841814,-2.3071428571428574
d,Product,79,1.52127765851133,-1.6057930839841814,-2.442857142857143
d,Product,80,1.6057930839841814,-1.6057930839841814,-2.5785714285714287
d,Product,81,1.6903085094570331,-1.6057930839841814,-2.7142857142857144
d,Product,82,-1.6903085094570331,-1.52127765851133,2.571428571428572
d,Product,83,-1.6057930839841814,-1.52127765851133,2.442857142857143
d,Product,84,-1.52127765851133,-1.52127765851133,2.314285714285715
d,Product,85,-1.4367622330384782,-1.52127765851133,2.185714285714286
d,Product,86,-1.3522468075656264,-1.52127765851133,2.0571428571428574
d,Product,87,-1.267731382092775,-1.52127765851133,1.928571428571429
d,Product,88,-1.1832159566199232,-1.52127765851133,1.8000000000000003
d,Product,89,-1.0987005311470714,-1.52127765851133,1.6714285714285715
d,Product,90,-1.01418510567422,-1.52127765851133,1.5428571428571431
d,Product,91,-0.9296696802013682,-1.52127765851133,1.4142857142857146
d,Product,92,-0.8451542547285166,-1.52127765851133,1.285714285714286
d,Product,93,-0.760638829255665,-1.52127765851133,1.1571428571428575
d,Product,94,-0.6761234037828132,-1.52127765851133,1.0285714285714287
d,Product,95,-0.5916079783099616,-1.52127765851133,0.9000000000000001
d,Product,96,-0.50709255283711,-1.52127765851133,0.7714285714285716
d,Product,97,-0.4225771273642583,-1.52127765851133,0.642857142857143
d,Product,98,-0.3380617018914066,-1.52127765851133,0.5142857142857143
d,Product,99,-0.253546276418555,-1.52127765851133,0.3857142857142858
d,Product,100,-0.1690308509457033,-1.52127765851133,0.2571428571428572
d,Product,101,-0.08451542547285165,-1.52127765851133,0.1285714285714286
d,Product,102,0.0,-1.52127765851133,-2.6867849654650056e-18
d,Product,103,0.08451542547285165,-1.52127765851133,-0.1285714285714286
d,Product,104,0.1690308509457033,-1.52127765851133,-0.2571428571428572
d,Product,105,0.253546276418555,-1.52127765851133,-0.3857142857142858
d,Product,106,0.3380617018914066,-1.52127765851133,-0.5142857142857143
d,Product,107,0.4225771273642583,-1.52127765851133,-0.642857142857143
d,Product,108,0.50709255283711,-1.52127765851133,-0.7714285714285716
d,Product,109,0.5916079783099616,-1.52127765851133,-0.9000000000000001
d,Product,110,0.6761234037828132,-1.52127765851133,-1.0285714285714287
d,Product,111,0.760638829255665,-1.52127765851133,-1.1571428571428575
d,Product,112,0.8451542547285166,-1.52127765851133,-1.285714285714286
d,Product,113,0.9296696802013682,-1.52127765851133,-1.4142857142857146
d,Product,114,1.01418510567422,-1.52127765851133,-1.5428571428571431
d,Product,115,1.0987005311470714,-1.52127765851133,-1.6714285714285715
d,Product,116,1.1832159566199232,-1.52127765851133,-1.8000000000000003
d,Product,117,1.267731382092775,-1.52127765851133,-1.928571428571429
d,Product,118,1.3522468075656264,-1.52127765851133,-2.0571428571428574
d,Product,119,1.4367622330384782,-1.52127765851133,-2.185714285714286
d,Product,120,1.52127765851133,-1.52127765851133,-2.314285714285715
d,Product,121,1.6057930839841814,-1.52127765851133,-2.442857142857143
d,Product,122,1.6903085094570331,-1.52127765851133,-2.571428571428572
d,Product,123,-1.6903085094570331,-1.4367622330384782,2.428571428571429
d,Product,124,-1.6057930839841814,-1.4367622330384782,2.3071428571428574
d,Product,125,-1.52127765851133,-1.4367622330384782,2.185714285714286
d,Product,126,-1.4367622330384782,-1.4367622330384782,2.0642857142857145
d,Product,127,-1.3522468075656264,-1.4367622330384782,1.942857142857143
d,Product,128,-1.267731382092775,-1.4367622330384782,1.8214285714285718
d,Product,129,-1.1832159566199232,-1.4367622330384782,1.7000000000000002
d,Product,130,-1.0987005311470714,-1.4367622330384782,1.5785714285714287
d,Product,131,-1.01418510567422,-1.4367622330384782,1.4571428571428575
d,Product,132,-0.9296696802013682,-1.4367622330384782,1.3357142857142859
d,Product,133,-0.8451542547285166,-1.4367622330384782,1.2142857142857144
d,Product,134,-0.760638829255665,-1.4367622330384782,1.092857142857143
d,Product,135,-0.6761234037828132,-1.4367622330384782,0.9714285714285715
d,Product,136,-0.5916079783099616,-1.4367622330384782,0.8500000000000001
d,Product,137,-0.50709255283711,-1.4367622330384782,0.7285714285714288
d,Product,138,-0.4225771273642583,-1.4367622330384782,0.6071428571428572
d,Product,139,-0.3380617018914066,-1.4367622330384782,0.48571428571428577
d,Product,140,-0.253546276418555,-1.4367622330384782,0.3642857142857144
d,Product,141,-0.1690308509457033,-1.4367622330384782,0.24285714285714288
d,Product,142,-0.08451542547285165,-1.4367622330384782,0.12142857142857144
d,Product,143,0.0,-1.4367622330384782,-2.5081656268885368e-18
d,Product,144,0.08451542547285165,-1.4367622330384782,-0.12142857142857144
d,Product,145,0.1690308509457033,-1.4367622330384782,-0.24285714285714288
d,Product,146,0.253546276418555,-1.4367622330384782,-0.3642857142857144
d,Product,147,0.3380617018914066,-1.4367622330384782,-0.48571428571428577
d,Product,148,0.4225771273642583,-1.4367622330384782,-0.6071428571428572
d,Product,149,0.50709255283711,-1.4367622330384782,-0.7285714285714288
d,Product,150,0.5916079783099616,-1.4367622330384782,-0.8500000000000001
d,Product,151,0.6761234037828132,-1.4367622330384782,-0.9714285714285715
d,Product,152,0.760638829255665,-1.4367622330384782,-1.092857142857143
d,Product,153,0.8451542547285166,-1.4367622330384782,-1.2142857142857144
d,Product,154,0.9296696802013682,-1.4367622330384782,-1.3357142857142859
d,Product,155,1.01418510567422,-1.4367622330384782,-1.4571428571428575
d,Product,156,1.0987005311470714,-1.4367622330384782,-1.5785714285714287
d,Product,157,1.1832159566199232,-1.4367622330384782,-1.7000000000000002
d,Product,158,1.267731382092775,-1.4367622330384782,-1.8214285714285718
d,Product,159,1.3522468075656264,-1.4367622330384782,-1.942857142857143
d,Product,160,1.4367622330384782,-1.4367622330384782,-2.0642857142857145
d,Product,161,1.52127765851133,-1.4367622330384782,-2.185714285714286
d,Product,162,1.6057930839841814,-1.4367622330384782,-2.3071428571428574
d,Product,163,1.6903085094570331,-1.4367622330384782,-2.428571428571429
d,Product,164,-1.6903085094570331,-1.3522468075656264,2.285714285714286
d,Product,165,-1.6057930839841814,-1.3522468075656264,2.1714285714285717
d,Product,166,-1.52127765851133,-1.3522468075656264,2.0571428571428574
d,Product,167,-1.4367622330384782,-1.3522468075656264,1.942857142857143
d,Product,168,-1.3522468075656264,-1.3522468075656264,1.8285714285714285
d,Product,169,-1.267731382092775,-1.3522468075656264,1.7142857142857144
d,Product,170,-1.1832159566199232,-1.3522468075656264,1.6
d,Product,171,-1.0987005311470714,-1.3522468075656264,1.4857142857142858
d,Product,172,-1.01418510567422,-1.3522468075656264,1.3714285714285717
d,Product,173,-0.9296696802013682,-1.3522468075656264,1.2571428571428571
d,Product,174,-0.8451542547285166,-1.3522468075656264,1.142857142857143
d,Product,175,-0.760638829255665,-1.3522468075656264,1.0285714285714287
d,Product,176,-0.6761234037828132,-1.3522468075656264,0.9142857142857143
d,Product,177,-0.5916079783099616,-1.3522468075656264,0.8
d,Product,178,-0.50709255283711,-1.3522468075656264,0.6857142857142858
d,Product,179,-0.4225771273642583,-1.3522468075656264,0.5714285714285715
d,Product,180,-0.3380617018914066,-1.3522468075656264,0.45714285714285713
d,Product,181,-0.253546276418555,-1.3522468075656264,0.3428571428571429
d,Product,182,-0.1690308509457033,-1.3522468075656264,0.22857142857142856
d,Product,183,-0.08451542547285165,-1.3522468075656264,0.11428571428571428
d,Product,184,0.0,-1.3522468075656264,-2.3295462883120675e-18
d,Product,185,0.08451542547285165,-1.3522468075656264,-0.11428571428571428
d,Product,186,0.1690308509457033,-1.3522468075656264,-0.22857142857142856
d,Product,187,0.253546276418555,-1.3522468075656264,-0.3428571428571429
d,Product,188,0.3380617018914066,-1.3522468075656264,-0.45714285714285713
d,Product,189,0.4225771273642583,-1.3522468075656264,-0.5714285714285715
d,Product,190,0.50709255283711,-1.3522468075656264,-0.6857142857142858
d,Product,191,0.5916079783099616,-1.3522468075656264,-0.8
d,Product,192,0.6761234037828132,-1.3522468075656264,-0.9142857142857143
d,Product,193,0.760638829255665,-1.3522468075656264,-1.0285714285714287
d,Product,194,0.8451542547285166,-1.3522468075656264,-1.142857142857143
d,Product,195,0.9296696802013682,-1.3522468075656264,-1.2571428571428571
d,Product,196,1.01418510567422,-1.3522468075656264,-1.3714285714285717
d,Product,197,1.0987005311470714,-1.3522468075656264,-1.4857142857142858
d,Product,198,1.1832159566199232,-1.3522468075656264,-1.6
d,Product,199,1.267731382092775,-1.3522468075656264,-1.7142857142857144
d,Product,200,1.3522468075656264,-1.3522468075656264,-1.8285714285714285
d,Product,201,1.4367622330384782,-1.3522468075656264,-1.942857142857143
d,Product,202,1.52127765851133,-1.3522468075656264,-2.0571428571428574
d,Product,203,1.6057930839841814,-1.3522468075656264,-2.1714285714285717
d,Product,204,1.6903085094570331,-1.3522468075656264,-2.285714285714286
d,Product,205,-1.6903085094570331,-1.267731382092775,2.1428571428571432
d,Product,206,-1.6057930839841814,-1.267731382092775,2.035714285714286
d,Product,207,-1.52127765851133,-1.267731382092775,1.928571428571429
d,Product,208,-1.4367622330384782,-1.267731382092775,1.8214285714285718
d,Product,209,-1.3522468075656264,-1.267731382092775,1.7142857142857146
d,Product,210,-1.267731382092775,-1.267731382092775,1.6071428571428577
d,Product,211,-1.1832159566199232,-1.267731382092775,1.5000000000000002
d,Product,212,-1.0987005311470714,-1.267731382092775,1.392857142857143
d,Product,213,-1.01418510567422,-1.267731382092775,1.285714285714286
d,Product,214,-0.9296696802013682,-1.267731382092775,1.1785714285714288
d,Product,215,-0.8451542547285166,-1.267731382092775,1.0714285714285716
d,Product,216,-0.760638829255665,-1.267731382092775,0.9642857142857145
d,Product,217,-0.6761234037828132,-1.267731382092775,0.8571428571428573
d,Product,218,-0.5916079783099616,-1.267731382092775,0.7500000000000001
d,Product,219,-0.50709255283711,-1.267731382092775,0.642857142857143
d,Product,220,-0.4225771273642583,-1.267731382092775,0.5357142857142858
d,Product,221,-0.3380617018914066,-1.267731382092775,0.42857142857142866
d,Product,222,-0.253546276418555,-1.267731382092775,0.3214285714285715
d,Product,223,-0.1690308509457033,-1.267731382092775,0.21428571428571433
d,Product,224,-0.08451542547285165,-1.267731382092775,0.10714285714285716
d,Product,225,0.0,-1.267731382092775,-2.1509269497355987e-18
d,Product,226,0.08451542547285165,-1.267731382092775,-0.10714285714285716
d,Product,227,0.1690308509457033,-1.267731382092775,-0.21428571428571433
d,Product,228,0.253546276418555,-1.267731382092775,-0.3214285714285715
d,Product,229,0.3380617018914066,-1.267731382092775,-0.42857142857142866
d,Product,230,0.4225771273642583,-1.267731382092775,-0.5357142857142858
d,Product,231,0.50709255283711,-1.267731382092775,-0.642857142857143
d,Product,232,0.5916079783099616,-1.267731382092775,-0.7500000000000001
d,Product,233,0.6761234037828132,-1.267731382092775,-0.8571428571428573
d,Product,234,0.760638829255665,-1.267731382092775,-0.9642857142857145
d,Product,235,0.8451542547285166,-1.267731382092775,-1.0714285714285716
d,Product,236,0.9296696802013682,-1.267731382092775,-1.1785714285714288
d,Product,237,1.01418510567422,-1.267731382092775,-1.285714285714286
d,Product,238,1.0987005311470714,-1.267731382092775,-1.392857142857143
d,Product,239,1.1832159566199232,-1.267731382092775,-1.5000000000000002
d,Product,240,1.267731382092775,-1.267731382092775,-1.6071428571428577
d,Product,241,1.3522468075656264,-1.267731382092775,-1.7142857142857146
d,Product,242,1.4367622330384782,-1.267731382092775,-1.8214285714285718
d,Product,243,1.52127765851133,-1.267731382092775,-1.928571428571429
d,Product,244,1.6057930839841814,-1.267731382092775,-2.035714285714286
d,Product,245,1.6903085094570331,-1.267731382092775,-2.1428571428571432
d,Product,246,-1.6903085094570331,-1.1832159566199232,2.0000000000000004
d,Product,247,-1.6057930839841814,-1.1832159566199232,1.9000000000000001
d,Product,248,-1.52127765851133,-1.1832159566199232,1.8000000000000003
d,Product,249,-1.4367622330384782,-1.1832159566199232,1.7000000000000002
d,Product,250,-1.3522468075656264,-1.1832159566199232,1.6
d,Product,251,-1.267731382092775,-1.1832159566199232,1.5000000000000002
d,Product,252,-1.1832159566199232,-1.1832159566199232,1.4000000000000001
d,Product,253,-1.0987005311470714,-1.1832159566199232,1.3
d,Product,254,-1.01418510567422,-1.1832159566199232,1.2000000000000002
d,Product,255,-0.9296696802013682,-1.1832159566199232,1.1
d,Product,256,-0.8451542547285166,-1.1832159566199232,1.0000000000000002
d,Product,257,-0.760638829255665,-1.1832159566199232,0.9000000000000001
d,Product,258,-0.6761234037828132,-1.1832159566199232,0.8
d,Product,259,-0.5916079783099616,-1.1832159566199232,0.7000000000000001
d,Product,260,-0.50709255283711,-1.1832159566199232,0.6000000000000001
d,Product,261,-0.4225771273642583,-1.1832159566199232,0.5000000000000001
d,Product,262,-0.3380617018914066,-1.1832159566199232,0.4
d,Product,263,-0.253546276418555,-1.1832159566199232,0.30000000000000004
d,Product,264,-0.1690308509457033,-1.1832159566199232,0.2
d,Product,265,-0.08451542547285165,-1.1832159566199232,0.1
d,Product,266,0.0,-1.1832159566199232,-1.9723076111591294e-18
d,Product,267,0.08451542547285165,-1.1832159566199232,-0.1
d,Product,268,0.1690308509457033,-1.1832159566199232,-0.2
d,Product,269,0.253546276418555,-1.1832159566199232,-0.30000000000000004
d,Product,270,0.3380617018914066,-1.1832159566199232,-0.4
d,Product,271,0.4225771273642583,-1.1832159566199232,-0.5000000000000001
d,Product,272,0.50709255283711,-1.1832159566199232,-0.6000000000000001
d,Product,273,0.5916079783099616,-1.1832159566199232,-0.7000000000000001
d,Product,274,0.6761234037828132,-1.1832159566199232,-0.8
d,Product,275,0.760638829255665,-1.1832159566199232,-0.9000000000000001
d,Product,276,0.8451542547285166,-1.1832159566199232,-1.0000000000000002
d,Product,277,0.9296696802013682,-1.1832159566199232,-1.1
d,Product,278,1.01418510567422,-1.1832159566199232,-1.2000000000000002
d,Product,279,1.0987005311470714,-1.1832159566199232,-1.3
d,Product,280,1.1832159566199232,-1.1832159566199232,-1.4000000000000001
d,Product,281,1.267731382092775,-1.1832159566199232,-1.5000000000000002
d,Product,282,1.3522468075656264,-1.1832159566199232,-1.6
d,Product,283,1.4367622330384782,-1.1832159566199232,-1.7000000000000002
d,Product,284,1.52127765851133,-1.1832159566199232,-1.8000000000000003
d,Product,285,1.6057930839841814,-1.1832159566199232,-1.9000000000000001
d,Product,286,1.6903085094570331,-1.1832159566199232,-2.0000000000000004
d,Product,287,-1.6903085094570331,-1.0987005311470714,1.8571428571428574
d,Product,288,-1.6057930839841814,-1.0987005311470714,1.7642857142857145
d,Product,289,-1.52127765851133,-1.0987005311470714,1.6714285714285717
d,Product,290,-1.4367622330384782,-1.0987005311470714,1.5785714285714287
d,Product,291,-1.3522468075656264,-1.0987005311470714,1.4857142857142858
d,Product,292,-1.267731382092775,-1.0987005311470714,1.392857142857143
d,Product,293,-1.1832159566199232,-1.0987005311470714,1.3
d,Product,294,-1.0987005311470714,-1.0987005311470714,1.207142857142857
d,Product,295,-1.01418510567422,-1.0987005311470714,1.1142857142857145
d,Product,296,-0.9296696802013682,-1.0987005311470714,1.0214285714285716
d,Product,297,-0.8451542547285166,-1.0987005311470714,0.9285714285714287
d,Product,298,-0.760638829255665,-1.0987005311470714,0.8357142857142859
d,Product,299,-0.6761234037828132,-1.0987005311470714,0.7428571428571429
d,Product,300,-0.5916079783099616,-1.0987005311470714,0.65
d,Product,301,-0.50709255283711,-1.0987005311470714,0.5571428571428573
d,Product,302,-0.4225771273642583,-1.0987005311470714,0.46428571428571436
d,Product,303,-0.3380617018914066,-1.0987005311470714,0.37142857142857144
d,Product,304,-0.253546276418555,-1.0987005311470714,0.27857142857142864
d,Product,305,-0.1690308509457033,-1.0987005311470714,0.18571428571428572
d,Product,306,-0.08451542547285165,-1.0987005311470714,0.09285714285714286
d,Product,307,0.0,-1.0987005311470714,-1.7936882725826606e-18
d,Product,308,0.08451542547285165,-1.0987005311470714,-0.09285714285714286
d,Product,309,0.1690308509457033,-1.0987005311470714,-0.18571428571428572
d,Product,310,0.253546276418555,-1.0987005311470714,-0.27857142857142864
d,Product,311,0.3380617018914066,-1.0987005311470714,-0.37142857142857144
d,Product,312,0.4225771273642583,-1.0987005311470714,-0.46428571428571436
d,Product,313,0.50709255283711,-1.0987005311470714,-0.5571428571428573
d,Product,314,0.5916079783099616,-1.0987005311470714,-0.65
d,Product,315,0.6761234037828132,-1.0987005311470714,-0.7428571428571429
d,Product,316,0.760638829255665,-1.0987005311470714,-0.8357142857142859
d,Product,317,0.8451542547285166,-1.0987005311470714,-0.9285714285714287
d,Product,318,0.9296696802013682,-1.0987005311470714,-1.0214285714285716
d,Product,319,1.01418510567422,-1.0987005311470714,-1.1142857142857145
d,Product,320,1.0987005311470714,-1.0987005311470714,-1.207142857142857
d,Product,321,1.1832159566199232,-1.0987005311470714,-1.3
d,Product,322,1.267731382092775,-1.0987005311470714,-1.392857142857143
d,Product,323,1.3522468075656264,-1.0987005311470714,-1.4857142857142858
d,Product,324,1.4367622330384782,-1.0987005311470714,-1.5785714285714287
d,Product,325,1.52127765851133,-1.0987005311470714,-1.6714285714285717
d,Product,326,1.6057930839841814,-1.0987005311470714,-1.7642857142857145
d,Product,327,1.6903085094570331,-1.0987005311470714,-1.8571428571428574
d,Product,328,-1.6903085094570331,-1.01418510567422,1.7142857142857146
d,Product,329,-1.6057930839841814,-1.01418510567422,1.628571428571429
d,Product,330,-1.52127765851133,-1.01418510567422,1.5428571428571434
d,Product,331,-1.4367622330384782,-1.01418510567422,1.4571428571428575
d,Product,332,-1.3522468075656264,-1.01418510567422,1.3714285714285717
d,Product,333,-1.267731382092775,-1.01418510567422,1.285714285714286
d,Product,334,-1.1832159566199232,-1.01418510567422,1.2000000000000002
d,Product,335,-1.0987005311470714,-1.01418510567422,1.1142857142857145
d,Product,336,-1.01418510567422,-1.01418510567422,1.028571428571429
d,Product,337,-0.9296696802013682,-1.01418510567422,0.9428571428571431
d,Product,338,-0.8451542547285166,-1.01418510567422,0.8571428571428573
d,Product,339,-0.760638829255665,-1.01418510567422,0.7714285714285717
d,Product,340,-0.6761234037828132,-1.01418510567422,0.6857142857142858
d,Product,341,-0.5916079783099616,-1.01418510567422,0.6000000000000001
d,Product,342,-0.50709255283711,-1.01418510567422,0.5142857142857145
d,Product,343,-0.4225771273642583,-1.01418510567422,0.42857142857142866
d,Product,344,-0.3380617018914066,-1.01418510567422,0.3428571428571429
d,Product,345,-0.253546276418555,-1.01418510567422,0.25714285714285723
d,Product,346,-0.1690308509457033,-1.01418510567422,0.17142857142857146
d,Product,347,-0.08451542547285165,-1.01418510567422,0.08571428571428573
d,Product,348,0.0,-1.01418510567422,-1.6150689340061917e-18
d,Product,349,0.08451542547285165,-1.01418510567422,-0.08571428571428573
d,Product,350,0.1690308509457033,-1.01418510567422,-0.17142857142857146
d,Product,351,0.253546276418555,-1.01418510567422,-0.25714285714285723
d,Product,352,0.3380617018914066,-1.01418510567422,-0.3428571428571429
d,Product,353,0.4225771273642583,-1.01418510567422,-0.42857142857142866
d,Product,354,0.50709255283711,-1.01418510567422,-0.5142857142857145
d,Product,355,0.5916079783099616,-1.01418510567422,-0.6000000000000001
d,Product,356,0.6761234037828132,-1.01418510567422,-0.6857142857142858
d,Product,357,0.760638829255665,-1.01418510567422,-0.7714285714285717
d,Product,358,0.8451542547285166,-1.01418510567422,-0.8571428571428573
d,Product,359,0.9296696802013682,-1.01418510567422,-0.9428571428571431
d,Product,360,1.01418510567422,-1.01418510567422,-1.028571428571429
d,Product,361,1.0987005311470714,-1.01418510567422,-1.1142857142857145
d,Product,362,1.1832159566199232,-1.01418510567422,-1.2000000000000002
d,Product,363,1.267731382092775,-1.01418510567422,-1.285714285714286
d,Product,364,1.3522468075656264,-1.01418510567422,-1.3714285714285717
d,Product,365,1.4367622330384782,-1.01418510567422,-1.4571428571428575
d,Product,366,1.52127765851133,-1.01418510567422,-1.5428571428571434
d,Product,367,1.6057930839841814,-1.01418510567422,-1.628571428571429
d,Product,368,1.6903085094570331,-1.01418510567422,-1.7142857142857146
d,Product,369,-1.6903085094570331,-0.9296696802013682,1.5714285714285718
d,Product,370,-1.6057930839841814,-0.9296696802013682,1.492857142857143
d,Product,371,-1.52127765851133,-0.9296696802013682,1.4142857142857146
d,Product,372,-1.4367622330384782,-0.9296696802013682,1.3357142857142859
d,Product,373,-1.3522468075656264,-0.9296696802013682,1.2571428571428573
d,Product,374,-1.267731382092775,-0.9296696802013682,1.1785714285714288
d,Product,375,-1.1832159566199232,-0.9296696802013682,1.1
d,Product,376,-1.0987005311470714,-0.9296696802013682,1.0214285714285716
d,Product,377,-1.01418510567422,-0.9296696802013682,0.9428571428571431
d,Product,378,-0.9296696802013682,-0.9296696802013682,0.8642857142857144
d,Product,379,-0.8451542547285166,-0.9296696802013682,0.7857142857142859
d,Product,380,-0.760638829255665,-0.9296696802013682,0.7071428571428573
d,Product,381,-0.6761234037828132,-0.9296696802013682,0.6285714285714287
d,Product,382,-0.5916079783099616,-0.9296696802013682,0.55
d,Product,383,-0.50709255283711,-0.9296696802013682,0.47142857142857153
d,Product,384,-0.4225771273642583,-0.9296696802013682,0.39285714285714296
d,Product,385,-0.3380617018914066,-0.9296696802013682,0.31428571428571433
d,Product,386,-0.253546276418555,-0.9296696802013682,0.23571428571428577
d,Product,387,-0.1690308509457033,-0.9296696802013682,0.15714285714285717
d,Product,388,-0.08451542547285165,-0.9296696802013682,0.07857142857142858
d,Product,389,0.0,-0.9296696802013682,-1.4364495954297225e-18
d,Product,390,0.08451542547285165,-0.9296696802013682,-0.07857142857142858
d,Product,391,0.1690308509457033,-0.9296696802013682,-0.15714285714285717
d,Product,392,0.253546276418555,-0.9296696802013682,-0.23571428571428577
d,Product,393,0.3380617018914066,-0.9296696802013682,-0.31428571428571433
d,Product,394,0.4225771273642583,-0.9296696802013682,-0.39285714285714296
d,Product,395,0.50709255283711,-0.9296696802013682,-0.47142857142857153
d,Product,396,0.5916079783099616,-0.9296696802013682,-0.55
d,Product,397,0.6761234037828132,-0.9296696802013682,-0.6285714285714287
d,Product,398,0.760638829255665,-0.9296696802013682,-0.7071428571428573
d,Product,399,0.8451542547285166,-0.9296696802013682,-0.7857142857142859
d,Product,400,0.9296696802013682,-0.9296696802013682,-0.8642857142857144
d,Product,401,1.01418510567422,-0.9296696802013682,-0.9428571428571431
d,Product,402,1.0987005311470714,-0.9296696802013682,-1.0214285714285716
d,Product,403,1.1832159566199232,-0.9296696802013682,-1.1
d,Product,404,1.267731382092775,-0.9296696802013682,-1.1785714285714288
d,Product,405,1.3522468075656264,-0.9296696802013682,-1.2571428571428573
d,Product,406,1.4367622330384782,-0.9296696802013682,-1.3357142857142859
d,Product,407,1.52127765851133,-0.9296696802013682,-1.4142857142857146
d,Product,408,1.6057930839841814,-0.9296696802013682,-1.492857142857143
d,Product,409,1.6903085094570331,-0.9296696802013682,-1.5714285714285718
d,Product,410,-1.6903085094570331,-0.8451542547285166,1.4285714285714288
d,Product,411,-1.6057930839841814,-0.8451542547285166,1.3571428571428574
d,Product,412,-1.52127765851133,-0.8451542547285166,1.285714285714286
d,Product,413,-1.4367622330384782,-0.8451542547285166,1.2142857142857146
d,Product,414,-1.3522468075656264,-0.8451542547285166,1.142857142857143
d,Product,415,-1.267731382092775,-0.8451542547285166,1.0714285714285718
d,Product,416,-1.1832159566199232,-0.8451542547285166,1.0000000000000002
d,Product,417,-1.0987005311470714,-0.8451542547285166,0.9285714285714287
d,Product,418,-1.01418510567422,-0.8451542547285166,0.8571428571428574
d,Product,419,-0.9296696802013682,-0.8451542547285166,0.7857142857142859
d,Product,420,-0.8451542547285166,-0.8451542547285166,0.7142857142857144
d,Product,421,-0.760638829255665,-0.8451542547285166,0.642857142857143
d,Product,422,-0.6761234037828132,-0.8451542547285166,0.5714285714285715
d,Product,423,-0.5916079783099616,-0.8451542547285166,0.5000000000000001
d,Product,424,-0.50709255283711,-0.8451542547285166,0.4285714285714287
d,Product,425,-0.4225771273642583,-0.8451542547285166,0.3571428571428572
d,Product,426,-0.3380617018914066,-0.8451542547285166,0.28571428571428575
d,Product,427,-0.253546276418555,-0.8451542547285166,0.21428571428571436
d,Product,428,-0.1690308509457033,-0.8451542547285166,0.14285714285714288
d,Product,429,-0.08451542547285165,-0.8451542547285166,0.07142857142857144
d,Product,430,0.0,-0.8451542547285166,-1.2578302568532536e-18
d,Product,431,0.08451542547285165,-0.8451542547285166,-0.07142857142857144
d,Product,432,0.1690308509457033,-0.8451542547285166,-0.14285714285714288
d,Product,433,0.253546276418555,-0.8451542547285166,-0.21428571428571436
d,Product,434,0.3380617018914066,-0.8451542547285166,-0.28571428571428575
d,Product,435,0.4225771273642583,-0.8451542547285166,-0.3571428571428572
d,Product,436,0.50709255283711,-0.8451542547285166,-0.4285714285714287
d,Product,437,0.5916079783099616,-0.8451542547285166,-0.5000000000000001
d,Product,438,0.6761234037828132,-0.8451542547285166,-0.5714285714285715
d,Product,439,0.760638829255665,-0.8451542547285166,-0.642857142857143
d,Product,440,0.8451542547285166,-0.8451542547285166,-0.7142857142857144
d,Product,441,0.9296696802013682,-0.8451542547285166,-0.7857142857142859
d,Product,442,1.01418510567422,-0.8451542547285166,-0.8571428571428574
d,Product,443,1.0987005311470714,-0.8451542547285166,-0.9285714285714287
d,Product,444,1.1832159566199232,-0.8451542547285166,-1.0000000000000002
d,Product,445,1.267731382092775,-0.8451542547285166,-1.0714285714285718
d,Product,446,1.3522468075656264,-0.8451542547285166,-1.142857142857143
d,Product,447,1.4367622330384782,-0.8451542547285166,-1.2142857142857146
d,Product,448,1.52127765851133,-0.8451542547285166,-1.285714285714286
d,Product,449,1.6057930839841814,-0.8451542547285166,-1.3571428571428574
d,Product,450,1.6903085094570331,-0.8451542547285166,-1.4285714285714288
d,Product,451,-1.6903085094570331,-0.760638829255665,1.285714285714286
d,Product,452,-1.6057930839841814,-0.760638829255665,1.2214285714285718
d,Product,453,-1.52127765851133,-0.760638829255665,1.1571428571428575
d,Product,454,-1.4367622330384782,-0.760638829255665,1.0928571428571432
d,Product,455,-1.3522468075656264,-0.760638829255665,1.028571428571429
d,Product,456,-1.267731382092775,-0.760638829255665,0.9642857142857146
d,Product,457,-1.1832159566199232,-0.760638829255665,0.9000000000000002
d,Product,458,-1.0987005311470714,-0.760638829255665,0.835714285714286
d,Product,459,-1.01418510567422,-0.760638829255665,0.7714285714285717
d,Product,460,-0.9296696802013682,-0.760638829255665,0.7071428571428573
d,Product,461,-0.8451542547285166,-0.760638829255665,0.642857142857143
d,Product,462,-0.760638829255665,-0.760638829255665,0.5785714285714287
d,Product,463,-0.6761234037828132,-0.760638829255665,0.5142857142857145
d,Product,464,-0.5916079783099616,-0.760638829255665,0.4500000000000001
d,Product,465,-0.50709255283711,-0.760638829255665,0.38571428571428584
d,Product,466,-0.4225771273642583,-0.760638829255665,0.3214285714285715
d,Product,467,-0.3380617018914066,-0.760638829255665,0.25714285714285723
d,Product,468,-0.253546276418555,-0.760638829255665,0.19285714285714292
d,Product,469,-0.1690308509457033,-0.760638829255665,0.12857142857142861
d,Product,470,-0.08451542547285165,-0.760638829255665,0.06428571428571431
d,Product,471,0.0,-0.760638829255665,-1.0792109182767847e-18
d,Product,472,0.08451542547285165,-0.760638829255665,-0.06428571428571431
d,Product,473,0.1690308509457033,-0.760638829255665,-0.12857142857142861
d,Product,474,0.253546276418555,-0.760638829255665,-0.19285714285714292
d,Product,475,0.3380617018914066,-0.760638829255665,-0.25714285714285723
d,Product,476,0.4225771273642583,-0.760638829255665,-0.3214285714285715
d,Product,477,0.50709255283711,-0.760638829255665,-0.38571428571428584
d,Product,478,0.5916079783099616,-0.760638829255665,-0.4500000000000001
d,Product,479,0.6761234037828132,-0.760638829255665,-0.5142857142857145
d,Product,480,0.760638829255665,-0.760638829255665,-0.5785714285714287
d,Product,481,0.8451542547285166,-0.760638829255665,-0.642857142857143
d,Product,482,0.9296696802013682,-0.760638829255665,-0.7071428571428573
d,Product,483,1.01418510567422,-0.760638829255665,-0.7714285714285717
d,Product,484,1.0987005311470714,-0.760638829255665,-0.835714285714286
d,Product,485,1.1832159566199232,-0.760638829255665,-0.9000000000000002
d,Product,486,1.267731382092775,-0.760638829255665,-0.9642857142857146
d,Product,487,1.3522468075656264,-0.760638829255665,-1.028571428571429
d,Product,488,1.4367622330384782,-0.760638829255665,-1.0928571428571432
d,Product,489,1.52127765851133,-0.760638829255665,-1.1571428571428575
d,Product,490,1.6057930839841814,-0.760638829255665,-1.2214285714285718
d,Product,491,1.6903085094570331,-0.760638829255665,-1.285714285714286
d,Product,492,-1.6903085094570331,-0.6761234037828132,1.1428571428571432
d,Product,493,-1.6057930839841814,-0.6761234037828132,1.0857142857142859
d,Product,494,-1.52127765851133,-0.6761234037828132,1.028571428571429
d,Product,495,-1.4367622330384782,-0.6761234037828132,0.9714285714285716
d,Product,496,-1.3522468075656264,-0.6761234037828132,0.9142857142857145
d,Product,497,-1.267731382092775,-0.6761234037828132,0.8571428571428574
d,Product,498,-1.1832159566199232,-0.6761234037828132,0.8000000000000002
d,Product,499,-1.0987005311470714,-0.6761234037828132,0.742857142857143
d,Product,500,-1.01418510567422,-0.6761234037828132,0.6857142857142859
d,Product,501,-0.9296696802013682,-0.6761234037828132,0.6285714285714287
d,Product,502,-0.8451542547285166,-0.6761234037828132,0.5714285714285716
d,Product,503,-0.760638829255665,-0.6761234037828132,0.5142857142857145
d,Product,504,-0.6761234037828132,-0.6761234037828132,0.45714285714285724
d,Product,505,-0.5916079783099616,-0.6761234037828132,0.4000000000000001
d,Product,506,-0.50709255283711,-0.6761234037828132,0.34285714285714297
d,Product,507,-0.4225771273642583,-0.6761234037828132,0.2857142857142858
d,Product,508,-0.3380617018914066,-0.6761234037828132,0.22857142857142862
d,Product,509,-0.253546276418555,-0.6761234037828132,0.17142857142857149
d,Product,510,-0.1690308509457033,-0.6761234037828132,0.11428571428571431
d,Product,511,-0.08451542547285165,-0.6761234037828132,0.057142857142857155
d,Product,512,0.0,-0.6761234037828132,-9.005915797003155e-19
d,Product,513,0.08451542547285165,-0.6761234037828132,-0.057142857142857155
d,Product,514,0.1690308509457033,-0.6761234037828132,-0.11428571428571431
d,Product,515,0.253546276418555,-0.6761234037828132,-0.17142857142857149
d,Product,516,0.3380617018914066,-0.6761234037828132,-0.22857142857142862
d,Product,517,0.4225771273642583,-0.6761234037828132,-0.2857142857142858
d,Product,518,0.50709255283711,-0.6761234037828132,-0.34285714285714297
d,Product,519,0.5916079783099616,-0.6761234037828132,-0.4000000000000001
d,Product,520,0.6761234037828132,-0.6761234037828132,-0.45714285714285724
d,Product,521,0.760638829255665,-0.6761234037828132,-0.5142857142857145
d,Product,522,0.8451542547285166,-0.6761234037828132,-0.5714285714285716
d,Product,523,0.9296696802013682,-0.6761234037828132,-0.6285714285714287
d,Product,524,1.01418510567422,-0.6761234037828132,-0.6857142857142859
d,Product,525,1.0987005311470714,-0.6761234037828132,-0.742857142857143
d,Product,526,1.1832159566199232,-0.6761234037828132,-0.8000000000000002
d,Product,527,1.267731382092775,-0.6761234037828132,-0.8571428571428574
d,Product,528,1.3522468075656264,-0.6761234037828132,-0.9142857142857145
d,Product,529,1.4367622330384782,-0.6761234037828132,-0.9714285714285716
d,Product,530,1.52127765851133,-0.6761234037828132,-1.028571428571429
d,Product,531,1.6057930839841814,-0.6761234037828132,-1.0857142857142859
d,Product,532,1.6903085094570331,-0.6761234037828132,-1.1428571428571432
d,Product,533,-1.6903085094570331,-0.5916079783099616,1.0000000000000004
d,Product,534,-1.6057930839841814,-0.5916079783099616,0.9500000000000003
d,Product,535,-1.52127765851133,-0.5916079783099616,0.9000000000000004
d,Product,536,-1.4367622330384782,-0.5916079783099616,0.8500000000000003
d,Product,537,-1.3522468075656264,-0.5916079783099616,0.8000000000000003
d,Product,538,-1.267731382092775,-0.5916079783099616,0.7500000000000003
d,Product,539,-1.1832159566199232,-0.5916079783099616,0.7000000000000002
d,Product,540,-1.0987005311470714,-0.5916079783099616,0.6500000000000001
d,Product,541,-1.01418510567422,-0.5916079783099616,0.6000000000000002
d,Product,542,-0.9296696802013682,-0.5916079783099616,0.5500000000000002
d,Product,543,-0.8451542547285166,-0.5916079783099616,0.5000000000000002
d,Product,544,-0.760638829255665,-0.5916079783099616,0.4500000000000002
d,Product,545,-0.6761234037828132,-0.5916079783099616,0.40000000000000013
d,Product,546,-0.5916079783099616,-0.5916079783099616,0.3500000000000001
d,Product,547,-0.50709255283711,-0.5916079783099616,0.3000000000000001
d,Product,548,-0.4225771273642583,-0.5916079783099616,0.2500000000000001
d,Product,549,-0.3380617018914066,-0.5916079783099616,0.20000000000000007
d,Product,550,-0.253546276418555,-0.5916079783099616,0.15000000000000005
d,Product,551,-0.1690308509457033,-0.5916079783099616,0.10000000000000003
d,Product,552,-0.08451542547285165,-0.5916079783099616,0.05000000000000002
d,Product,553,0.0,-0.5916079783099616,-7.219722411238467e-19
d,Product,554,0.08451542547285165,-0.5916079783099616,-0.05000000000000002
d,Product,555,0.1690308509457033,-0.5916079783099616,-0.10000000000000003
d,Product,556,0.253546276418555,-0.5916079783099616,-0.15000000000000005
d,Product,557,0.3380617018914066,-0.5916079783099616,-0.20000000000000007
d,Product,558,0.4225771273642583,-0.5916079783099616,-0.2500000000000001
d,Product,559,0.50709255283711,-0.5916079783099616,-0.3000000000000001
d,Product,560,0.5916079783099616,-0.5916079783099616,-0.3500000000000001
d,Product,561,0.6761234037828132,-0.5916079783099616,-0.40000000000000013
d,Product,562,0.760638829255665,-0.5916079783099616,-0.4500000000000002
d,Product,563,0.8451542547285166,-0.5916079783099616,-0.5000000000000002
d,Product,564,0.9296696802013682,-0.5916079783099616,-0.5500000000000002
d,Product,565,1.01418510567422,-0.5916079783099616,-0.6000000000000002
d,Product,566,1.0987005311470714,-0.5916079783099616,-0.6500000000000001
d,Product,567,1.1832159566199232,-0.5916079783099616,-0.7000000000000002
d,Product,568,1.267731382092775,-0.5916079783099616,-0.7500000000000003
d,Product,569,1.3522468075656264,-0.5916079783099616,-0.8000000000000003
d,Product,570,1.4367622330384782,-0.5916079783099616,-0.8500000000000003
d,Product,571,1.52127765851133,-0.5916079783099616,-0.9000000000000004
d,Product,572,1.6057930839841814,-0.5916079783099616,-0.9500000000000003
d,Product,573,1.6903085094570331,-0.5916079783099616,-1.0000000000000004
d,Product,574,-1.6903085094570331,-0.50709255283711,0.8571428571428575
d,Product,575,-1.6057930839841814,-0.50709255283711,0.8142857142857146
d,Product,576,-1.52127765851133,-0.50709255283711,0.7714285714285718
d,Product,577,-1.4367622330384782,-0.50709255283711,0.7285714285714289
d,Product,578,-1.3522468075656264,-0.50709255283711,0.6857142857142859
d,Product,579,-1.267731382092775,-0.50709255283711,0.6428571428571432
d,Product,580,-1.1832159566199232,-0.50709255283711,0.6000000000000003
d,Product,581,-1.0987005311470714,-0.50709255283711,0.5571428571428574
d,Product,582,-1.01418510567422,-0.50709255283711,0.5142857142857146
d,Product,583,-0.9296696802013682,-0.50709255283711,0.47142857142857164
d,Product,584,-0.8451542547285166,-0.50709255283711,0.42857142857142877
d,Product,585,-0.760638829255665,-0.50709255283711,0.3857142857142859
d,Product,586,-0.6761234037828132,-0.50709255283711,0.34285714285714297
d,Product,587,-0.5916079783099616,-0.50709255283711,0.30000000000000016
d,Product,588,-0.50709255283711,-0.50709255283711,0.2571428571428573
d,Product,589,-0.4225771273642583,-0.50709255283711,0.21428571428571438
d,Product,590,-0.3380617018914066,-0.50709255283711,0.17142857142857149
d,Product,591,-0.253546276418555,-0.50709255283711,0.12857142857142864
d,Product,592,-0.1690308509457033,-0.50709255283711,0.08571428571428574
d,Product,593,-0.08451542547285165,-0.50709255283711,0.04285714285714287
d,Product,594,0.0,-0.50709255283711,-5.433529025473777e-19
d,Product,595,0.08451542547285165,-0.50709255283711,-0.04285714285714287
d,Product,596,0.1690308509457033,-0.50709255283711,-0.08571428571428574
d,Product,597,0.253546276418555,-0.50709255283711,-0.12857142857142864
d,Product,598,0.3380617018914066,-0.50709255283711,-0.17142857142857149
d,Product,599,0.4225771273642583,-0.50709255283711,-0.21428571428571438
d,Product,600,0.50709255283711,-0.50709255283711,-0.2571428571428573
d,Product,601,0.5916079783099616,-0.50709255283711,-0.30000000000000016
d,Product,602,0.6761234037828132,-0.50709255283711,-0.34285714285714297
d,Product,603,0.760638829255665,-0.50709255283711,-0.3857142857142859
d,Product,604,0.8451542547285166,-0.50709255283711,-0.42857142857142877
d,Product,605,0.9296696802013682,-0.50709255283711,-0.47142857142857164
d,Product,606,1.01418510567422,-0.50709255283711,-0.5142857142857146
d,Product,607,1.0987005311470714,-0.50709255283711,-0.5571428571428574
d,Product,608,1.1832159566199232,-0.50709255283711,-0.6000000000000003
d,Product,609,1.267731382092775,-0.50709255283711,-0.6428571428571432
d,Product,610,1.3522468075656264,-0.50709255283711,-0.6857142857142859
d,Product,611,1.4367622330384782,-0.50709255283711,-0.7285714285714289
d,Product,612,1.52127765851133,-0.50709255283711,-0.7714285714285718
d,Product,613,1.6057930839841814,-0.50709255283711,-0.8142857142857146
d,Product,614,1.6903085094570331,-0.50709255283711,-0.8571428571428575
d,Product,615,-1.6903085094570331,-0.4225771273642583,0.7142857142857144
d,Product,616,-1.6057930839841814,-0.4225771273642583,0.6785714285714287
d,Product,617,-1.52127765851133,-0.4225771273642583,0.642857142857143
d,Product,618,-1.4367622330384782,-0.4225771273642583,0.6071428571428573
d,Product,619,-1.3522468075656264,-0.4225771273642583,0.5714285714285715
d,Product,620,-1.267731382092775,-0.4225771273642583,0.5357142857142859
d,Product,621,-1.1832159566199232,-0.4225771273642583,0.5000000000000001
d,Product,622,-1.0987005311470714,-0.4225771273642583,0.46428571428571436
d,Product,623,-1.01418510567422,-0.4225771273642583,0.4285714285714287
d,Product,624,-0.9296696802013682,-0.4225771273642583,0.39285714285714296
d,Product,625,-0.8451542547285166,-0.4225771273642583,0.3571428571428572
d,Product,626,-0.760638829255665,-0.4225771273642583,0.3214285714285715
d,Product,627,-0.6761234037828132,-0.4225771273642583,0.28571428571428575
d,Product,628,-0.5916079783099616,-0.4225771273642583,0.25000000000000006
d,Product,629,-0.50709255283711,-0.4225771273642583,0.21428571428571436
d,Product,630,-0.4225771273642583,-0.4225771273642583,0.1785714285714286
d,Product,631,-0.3380617018914066,-0.4225771273642583,0.14285714285714288
d,Product,632,-0.253546276418555,-0.4225771273642583,0.10714285714285718
d,Product,633,-0.1690308509457033,-0.4225771273642583,0.07142857142857144
d,Product,634,-0.08451542547285165,-0.4225771273642583,0.03571428571428572
d,Product,635,0.0,-0.4225771273642583,-3.6473356397090844e-19
d,Product,636,0.08451542547285165,-0.4225771273642583,-0.03571428571428572
d,Product,637,0.1690308509457033,-0.4225771273642583,-0.07142857142857144
d,Product,638,0.253546276418555,-0.4225771273642583,-0.10714285714285718
d,Product,639,0.3380617018914066,-0.4225771273642583,-0.14285714285714288
d,Product,640,0.4225771273642583,-0.4225771273642583,-0.1785714285714286
d,Product,641,0.50709255283711,-0.4225771273642583,-0.21428571428571436
d,Product,642,0.5916079783099616,-0.4225771273642583,-0.25000000000000006
d,Product,643,0.6761234037828132,-0.4225771273642583,-0.28571428571428575
d,Product,644,0.760638829255665,-0.4225771273642583,-0.3214285714285715
d,Product,645,0.8451542547285166,-0.4225771273642583,-0.3571428571428572
d,Product,646,0.9296696802013682,-0.4225771273642583,-0.39285714285714296
d,Product,647,1.01418510567422,-0.4225771273642583,-0.4285714285714287
d,Product,648,1.0987005311470714,-0.4225771273642583,-0.46428571428571436
d,Product,649,1.1832159566199232,-0.4225771273642583,-0.5000000000000001
d,Product,650,1.267731382092775,-0.4225771273642583,-0.5357142857142859
d,Product,651,1.3522468075656264,-0.4225771273642583,-0.5714285714285715
d,Product,652,1.4367622330384782,-0.4225771273642583,-0.6071428571428573
d,Product,653,1.52127765851133,-0.4225771273642583,-0.642857142857143
d,Product,654,1.6057930839841814,-0.4225771273642583,-0.6785714285714287
d,Product,655,1.6903085094570331,-0.4225771273642583,-0.7142857142857144
d,Product,656,-1.6903085094570331,-0.3380617018914066,0.5714285714285716
d,Product,657,-1.6057930839841814,-0.3380617018914066,0.5428571428571429
d,Product,658,-1.52127765851133,-0.3380617018914066,0.5142857142857145
d,Product,659,-1.4367622330384782,-0.3380617018914066,0.4857142857142858
d,Product,660,-1.3522468075656264,-0.3380617018914066,0.45714285714285724
d,Product,661,-1.267731382092775,-0.3380617018914066,0.4285714285714287
d,Product,662,-1.1832159566199232,-0.3380617018914066,0.4000000000000001
d,Product,663,-1.0987005311470714,-0.3380617018914066,0.3714285714285715
d,Product,664,-1.01418510567422,-0.3380617018914066,0.34285714285714297
d,Product,665,-0.9296696802013682,-0.3380617018914066,0.31428571428571433
d,Product,666,-0.8451542547285166,-0.3380617018914066,0.2857142857142858
d,Product,667,-0.760638829255665,-0.3380617018914066,0.25714285714285723
d,Product,668,-0.6761234037828132,-0.3380617018914066,0.22857142857142862
d,Product,669,-0.5916079783099616,-0.3380617018914066,0.20000000000000004
d,Product,670,-0.50709255283711,-0.3380617018914066,0.17142857142857149
d,Product,671,-0.4225771273642583,-0.3380617018914066,0.1428571428571429
d,Product,672,-0.3380617018914066,-0.3380617018914066,0.11428571428571431
d,Product,673,-0.253546276418555,-0.3380617018914066,0.08571428571428574
d,Product,674,-0.1690308509457033,-0.3380617018914066,0.057142857142857155
d,Product,675,-0.08451542547285165,-0.3380617018914066,0.028571428571428577
d,Product,676,0.0,-0.3380617018914066,-1.861142253944394e-19
d,Product,677,0.08451542547285165,-0.3380617018914066,-0.028571428571428577
d,Product,678,0.1690308509457033,-0.3380617018914066,-0.057142857142857155
d,Product,679,0.253546276418555,-0.3380617018914066,-0.08571428571428574
d,Product,680,0.3380617018914066,-0.3380617018914066,-0.11428571428571431
d,Product,681,0.4225771273642583,-0.3380617018914066,-0.1428571428571429
d,Product,682,0.50709255283711,-0.3380617018914066,-0.17142857142857149
d,Product,683,0.5916079783099616,-0.3380617018914066,-0.20000000000000004
d,Product,684,0.6761234037828132,-0.3380617018914066,-0.22857142857142862
d,Product,685,0.760638829255665,-0.3380617018914066,-0.25714285714285723
d,Product,686,0.8451542547285166,-0.3380617018914066,-0.2857142857142858
d,Product,687,0.9296696802013682,-0.3380617018914066,-0.31428571428571433
d,Product,688,1.01418510567422,-0.3380617018914066,-0.34285714285714297
d,Product,689,1.0987005311470714,-0.3380617018914066,-0.3714285714285715
d,Product,690,1.1832159566199232,-0.3380617018914066,-0.4000000000000001
d,Product,691,1.267731382092775,-0.3380617018914066,-0.4285714285714287
d,Product,692,1.3522468075656264,-0.3380617018914066,-0.45714285714285724
d,Product,693,1.4367622330384782,-0.3380617018914066,-0.4857142857142858
d,Product,694,1.52127765851133,-0.3380617018914066,-0.5142857142857145
d,Product,695,1.6057930839841814,-0.3380617018914066,-0.5428571428571429
d,Product,696,1.6903085094570331,-0.3380617018914066,-0.5714285714285716
d,Product,697,-1.6903085094570331,-0.253546276418555,0.42857142857142877
d,Product,698,-1.6057930839841814,-0.253546276418555,0.4071428571428573
d,Product,699,-1.52127765851133,-0.253546276418555,0.3857142857142859
d,Product,700,-1.4367622330384782,-0.253546276418555,0.36428571428571443
d,Product,701,-1.3522468075656264,-0.253546276418555,0.34285714285714297
d,Product,702,-1.267731382092775,-0.253546276418555,0.3214285714285716
d,Product,703,-1.1832159566199232,-0.253546276418555,0.30000000000000016
d,Product,704,-1.0987005311470714,-0.253546276418555,0.2785714285714287
d,Product,705,-1.01418510567422,-0.253546276418555,0.2571428571428573
d,Product,706,-0.9296696802013682,-0.253546276418555,0.23571428571428582
d,Product,707,-0.8451542547285166,-0.253546276418555,0.21428571428571438
d,Product,708,-0.760638829255665,-0.253546276418555,0.19285714285714295
d,Product,709,-0.6761234037828132,-0.253546276418555,0.17142857142857149
d,Product,710,-0.5916079783099616,-0.253546276418555,0.15000000000000008
d,Product,711,-0.50709255283711,-0.253546276418555,0.12857142857142864
d,Product,712,-0.4225771273642583,-0.253546276418555,0.10714285714285719
d,Product,713,-0.3380617018914066,-0.253546276418555,0.08571428571428574
d,Product,714,-0.253546276418555,-0.253546276418555,0.06428571428571432
d,Product,715,-0.1690308509457033,-0.253546276418555,0.04285714285714287
d,Product,716,-0.08451542547285165,-0.253546276418555,0.021428571428571436
d,Product,717,0.0,-0.253546276418555,-7.494886817970439e-21
d,Product,718,0.08451542547285165,-0.253546276418555,-0.021428571428571436
d,Product,719,0.1690308509457033,-0.253546276418555,-0.04285714285714287
d,Product,720,0.253546276418555,-0.253546276418555,-0.06428571428571432
d,Product,721,0.3380617018914066,-0.253546276418555,-0.08571428571428574
d,Product,722,0.4225771273642583,-0.253546276418555,-0.10714285714285719
d,Product,723,0.50709255283711,-0.253546276418555,-0.12857142857142864
d,Product,724,0.5916079783099616,-0.253546276418555,-0.15000000000000008
d,Product,725,0.6761234037828132,-0.253546276418555,-0.17142857142857149
d,Product,726,0.760638829255665,-0.253546276418555,-0.19285714285714295
d,Product,727,0.8451542547285166,-0.253546276418555,-0.21428571428571438
d,Product,728,0.9296696802013682,-0.253546276418555,-0.23571428571428582
d,Product,729,1.01418510567422,-0.253546276418555,-0.2571428571428573
d,Product,730,1.0987005311470714,-0.253546276418555,-0.2785714285714287
d,Product,731,1.1832159566199232,-0.253546276418555,-0.30000000000000016
d,Product,732,1.267731382092775,-0.253546276418555,-0.3214285714285716
d,Product,733,1.3522468075656264,-0.253546276418555,-0.34285714285714297
d,Product,734,1.4367622330384782,-0.253546276418555,-0.36428571428571443
d,Product,735,1.52127765851133,-0.253546276418555,-0.3857142857142859
d,Product,736,1.6057930839841814,-0.253546276418555,-0.4071428571428573
d,Product,737,1.6903085094570331,-0.253546276418555,-0.42857142857142877
d,Product,738,-1.6903085094570331,-0.1690308509457033,0.2857142857142858
d,Product,739,-1.6057930839841814,-0.1690308509457033,0.2714285714285715
d,Product,740,-1.52127765851133,-0.1690308509457033,0.2571428571428573
d,Product,741,-1.4367622330384782,-0.1690308509457033,0.24285714285714297
d,Product,742,-1.3522468075656264,-0.1690308509457033,0.22857142857142865
d,Product,743,-1.267731382092775,-0.1690308509457033,0.21428571428571438
d,Product,744,-1.1832159566199232,-0.1690308509457033,0.20000000000000007
d,Product,745,-1.0987005311470714,-0.1690308509457033,0.18571428571428578
d,Product,746,-1.01418510567422,-0.1690308509457033,0.1714285714285715
d,Product,747,-0.9296696802013682,-0.1690308509457033,0.1571428571428572
d,Product,748,-0.8451542547285166,-0.1690308509457033,0.1428571428571429
d,Product,749,-0.760638829255665,-0.1690308509457033,0.12857142857142864
d,Product,750,-0.6761234037828132,-0.1690308509457033,0.11428571428571432
d,Product,751,-0.5916079783099616,-0.1690308509457033,0.10000000000000003
d,Product,752,-0.50709255283711,-0.1690308509457033,0.08571428571428576
d,Product,753,-0.4225771273642583,-0.1690308509457033,0.07142857142857145
d,Product,754,-0.3380617018914066,-0.1690308509457033,0.05714285714285716
d,Product,755,-0.253546276418555,-0.1690308509457033,0.04285714285714288
d,Product,756,-0.1690308509457033,-0.1690308509457033,0.02857142857142858
d,Product,757,-0.08451542547285165,-0.1690308509457033,0.01428571428571429
d,Product,758,0.0,-0.1690308509457033,1.7112445175849866e-19
d,Product,759,0.08451542547285165,-0.1690308509457033,-0.01428571428571429
d,Product,760,0.1690308509457033,-0.1690308509457033,-0.02857142857142858
d,Product,761,0.253546276418555,-0.1690308509457033,-0.04285714285714288
d,Product,762,0.3380617018914066,-0.1690308509457033,-0.05714285714285716
d,Product,763,0.4225771273642583,-0.1690308509457033,-0.07142857142857145
d,Product,764,0.50709255283711,-0.1690308509457033,-0.08571428571428576
d,Product,765,0.5916079783099616,-0.1690308509457033,-0.10000000000000003
d,Product,766,0.6761234037828132,-0.1690308509457033,-0.11428571428571432
d,Product,767,0.760638829255665,-0.1690308509457033,-0.12857142857142864
d,Product,768,0.8451542547285166,-0.1690308509457033,-0.1428571428571429
d,Product,769,0.9296696802013682,-0.1690308509457033,-0.1571428571428572
d,Product,770,1.01418510567422,-0.1690308509457033,-0.1714285714285715
d,Product,771,1.0987005311470714,-0.1690308509457033,-0.18571428571428578
d,Product,772,1.1832159566199232,-0.1690308509457033,-0.20000000000000007
d,Product,773,1.267731382092775,-0.1690308509457033,-0.21428571428571438
d,Product,774,1.3522468075656264,-0.1690308509457033,-0.22857142857142865
d,Product,775,1.4367622330384782,-0.1690308509457033,-0.24285714285714297
d,Product,776,1.52127765851133,-0.1690308509457033,-0.2571428571428573
d,Product,777,1.6057930839841814,-0.1690308509457033,-0.2714285714285715
d,Product,778,1.6903085094570331,-0.1690308509457033,-0.2857142857142858
d,Product,779,-1.6903085094570331,-0.08451542547285165,0.142857142857143
d,Product,780,-1.6057930839841814,-0.08451542547285165,0.13571428571428584
d,Product,781,-1.52127765851133,-0.08451542547285165,0.1285714285714287
d,Product,782,-1.4367622330384782,-0.08451542547285165,0.12142857142857154
d,Product,783,-1.3522468075656264,-0.08451542547285165,0.11428571428571438
d,Product,784,-1.267731382092775,-0.08451542547285165,0.10714285714285725
d,Product,785,-1.1832159566199232,-0.08451542547285165,0.10000000000000009
d,Product,786,-1.0987005311470714,-0.08451542547285165,0.09285714285714293
d,Product,787,-1.01418510567422,-0.08451542547285165,0.0857142857142858
d,Product,788,-0.9296696802013682,-0.08451542547285165,0.07857142857142864
d,Product,789,-0.8451542547285166,-0.08451542547285165,0.0714285714285715
d,Product,790,-0.760638829255665,-0.08451542547285165,0.06428571428571435
d,Product,791,-0.6761234037828132,-0.08451542547285165,0.05714285714285719
d,Product,792,-0.5916079783099616,-0.08451542547285165,0.050000000000000044
d,Product,793,-0.50709255283711,-0.08451542547285165,0.0428571428571429
d,Product,794,-0.4225771273642583,-0.08451542547285165,0.03571428571428575
d,Product,795,-0.3380617018914066,-0.08451542547285165,0.028571428571428595
d,Product,796,-0.253546276418555,-0.08451542547285165,0.02142857142857145
d,Product,797,-0.1690308509457033,-0.08451542547285165,0.014285714285714297
d,Product,798,-0.08451542547285165,-0.08451542547285165,0.00714285714285715
d,Product,799,0.0,-0.08451542547285165,3.4974379033496766e-19
d,Product,800,0.08451542547285165,-0.08451542547285165,-0.007142857142857148
d,Product,801,0.1690308509457033,-0.08451542547285165,-0.014285714285714297
d,Product,802,0.253546276418555,-0.08451542547285165,-0.02142857142857145
d,Product,803,0.3380617018914066,-0.08451542547285165,-0.028571428571428595
d,Product,804,0.4225771273642583,-0.08451542547285165,-0.03571428571428575
d,Product,805,0.50709255283711,-0.08451542547285165,-0.0428571428571429
d,Product,806,0.5916079783099616,-0.08451542547285165,-0.050000000000000044
d,Product,807,0.6761234037828132,-0.08451542547285165,-0.05714285714285719
d,Product,808,0.760638829255665,-0.08451542547285165,-0.06428571428571435
d,Product,809,0.8451542547285166,-0.08451542547285165,-0.0714285714285715
d,Product,810,0.9296696802013682,-0.08451542547285165,-0.07857142857142864
d,Product,811,1.01418510567422,-0.08451542547285165,-0.0857142857142858
d,Product,812,1.0987005311470714,-0.08451542547285165,-0.09285714285714293
d,Product,813,1.1832159566199232,-0.08451542547285165,-0.10000000000000009
d,Product,814,1.267731382092775,-0.08451542547285165,-0.10714285714285725
d,Product,815,1.3522468075656264,-0.08451542547285165,-0.11428571428571438
d,Product,816,1.4367622330384782,-0.08451542547285165,-0.12142857142857154
d,Product,817,1.52127765851133,-0.08451542547285165,-0.1285714285714287
d,Product,818,1.6057930839841814,-0.08451542547285165,-0.13571428571428584
d,Product,819,1.6903085094570331,-0.08451542547285165,-0.142857142857143
d,Product,820,-1.6903085094570331,0.0,1.1484473981785164e-16
d,Product,821,-1.6057930839841814,0.0,1.091289209834046e-16
d,Product,822,-1.52127765851133,0.0,1.0341310214895761e-16
d,Product,823,-1.4367622330384782,0.0,9.769728331451059e-17
d,Product,824,-1.3522468075656264,0.0,9.198146448006358e-17
d,Product,825,-1.267731382092775,0.0,8.626564564561657e-17
d,Product,826,-1.1832159566199232,0.0,8.054982681116956e-17
d,Product,827,-1.0987005311470714,0.0,7.483400797672254e-17
d,Product,828,-1.01418510567422,0.0,6.911818914227555e-17
d,Product,829,-0.9296696802013682,0.0,6.340237030782854e-17
d,Product,830,-0.8451542547285166,0.0,5.768655147338153e-17
d,Product,831,-0.760638829255665,0.0,5.197073263893452e-17
d,Product,832,-0.6761234037828132,0.0,4.6254913804487506e-17
d,Product,833,-0.5916079783099616,0.0,4.0539094970040497e-17
d,Product,834,-0.50709255283711,0.0,3.4823276135593493e-17
d,Product,835,-0.4225771273642583,0.0,2.9107457301146484e-17
d,Product,836,-0.3380617018914066,0.0,2.339163846669947e-17
d,Product,837,-0.253546276418555,0.0,1.7675819632252465e-17
d,Product,838,-0.1690308509457033,0.0,1.1960000797805455e-17
d,Product,839,-0.08451542547285165,0.0,6.244181963358445e-18
d,Product,840,0.0,0.0,5.283631289114367e-19
d,Product,841,0.08451542547285165,0.0,-5.187455705535572e-18
d,Product,842,0.1690308509457033,0.0,-1.090327453998258e-17
d,Product,843,0.253546276418555,0.0,-1.6619093374429593e-17
d,Product,844,0.3380617018914066,0.0,-2.23349122088766e-17
d,Product,845,0.4225771273642583,0.0,-2.805073104332361e-17
d,Product,846,0.50709255283711,0.0,-3.376654987777062e-17
d,Product,847,0.5916079783099616,0.0,-3.9482368712217625e-17
d,Product,848,0.6761234037828132,0.0,-4.5198187546664635e-17
d,Product,849,0.760638829255665,0.0,-5.091400638111165e-17
d,Product,850,0.8451542547285166,0.0,-5.662982521555866e-17
d,Product,851,0.9296696802013682,0.0,-6.234564405000566e-17
d,Product,852,1.01418510567422,0.0,-6.806146288445268e-17
d,Product,853,1.0987005311470714,0.0,-7.377728171889967e-17
d,Product,854,1.1832159566199232,0.0,-7.949310055334669e-17
d,Product,855,1.267731382092775,0.0,-8.52089193877937e-17
d,Product,856,1.3522468075656264,0.0,-9.09247382222407e-17
d,Product,857,1.4367622330384782,0.0,-9.664055705668772e-17
d,Product,858,1.52127765851133,0.0,-1.0235637589113474e-16
d,Product,859,1.6057930839841814,0.0,-1.0807219472558173e-16
d,Product,860,1.6903085094570331,0.0,-1.1378801356002874e-16
d,Product,861,-1.6903085094570331,0.08451542547285165,-0.14285714285714277
d,Product,862,-1.6057930839841814,0.08451542547285165,-0.13571428571428562
d,Product,863,-1.52127765851133,0.08451542547285165,-0.12857142857142848
d,Product,864,-1.4367622330384782,0.08451542547285165,-0.12142857142857134
d,Product,865,-1.3522468075656264,0.08451542547285165,-0.1142857142857142
d,Product,866,-1.267731382092775,0.08451542547285165,-0.10714285714285707
d,Product,867,-1.1832159566199232,0.08451542547285165,-0.09999999999999992
d,Product,868,-1.0987005311470714,0.08451542547285165,-0.09285714285714278
d,Product,869,-1.01418510567422,0.08451542547285165,-0.08571428571428566
d,Product,870,-0.9296696802013682,0.08451542547285165,-0.07857142857142851
d,Product,871,-0.8451542547285166,0.08451542547285165,-0.07142857142857138
d,Product,872,-0.760638829255665,0.08451542547285165,-0.06428571428571424
d,Product,873,-0.6761234037828132,0.08451542547285165,-0.0571428571428571
d,Product,874,-0.5916079783099616,0.08451542547285165,-0.04999999999999996
d,Product,875,-0.50709255283711,0.08451542547285165,-0.04285714285714283
d,Product,876,-0.4225771273642583,0.08451542547285165,-0.03571428571428569
d,Product,877,-0.3380617018914066,0.08451542547285165,-0.02857142857142855
d,Product,878,-0.253546276418555,0.08451542547285165,-0.021428571428571415
d,Product,879,-0.1690308509457033,0.08451542547285165,-0.014285714285714275
d,Product,880,-0.08451542547285165,0.08451542547285165,-0.0071428571428571366
d,Product,881,0.0,0.08451542547285165,7.069824674879057e-19
d,Product,882,0.08451542547285165,0.08451542547285165,0.007142857142857138
d,Product,883,0.1690308509457033,0.08451542547285165,0.014285714285714275
d,Product,884,0.253546276418555,0.08451542547285165,0.021428571428571415
d,Product,885,0.3380617018914066,0.08451542547285165,0.02857142857142855
d,Product,886,0.4225771273642583,0.08451542547285165,0.03571428571428569
d,Product,887,0.50709255283711,0.08451542547285165,0.04285714285714283
d,Product,888,0.5916079783099616,0.08451542547285165,0.04999999999999996
d,Product,889,0.6761234037828132,0.08451542547285165,0.0571428571428571
d,Product,890,0.760638829255665,0.08451542547285165,0.06428571428571424
d,Product,891,0.8451542547285166,0.08451542547285165,0.07142857142857138
d,Product,892,0.9296696802013682,0.08451542547285165,0.07857142857142851
d,Product,893,1.01418510567422,0.08451542547285165,0.08571428571428566
d,Product,894,1.0987005311470714,0.08451542547285165,0.09285714285714278
d,Product,895,1.1832159566199232,0.08451542547285165,0.09999999999999992
d,Product,896,1.267731382092775,0.08451542547285165,0.10714285714285707
d,Product,897,1.3522468075656264,0.08451542547285165,0.1142857142857142
d,Product,898,1.4367622330384782,0.08451542547285165,0.12142857142857134
d,Product,899,1.52127765851133,0.08451542547285165,0.12857142857142848
d,Product,900,1.6057930839841814,0.08451542547285165,0.13571428571428562
d,Product,901,1.6903085094570331,0.08451542547285165,0.14285714285714277
d,Product,902,-1.6903085094570331,0.1690308509457033,-0.28571428571428564
d,Product,903,-1.6057930839841814,0.1690308509457033,-0.27142857142857135
d,Product,904,-1.52127765851133,0.1690308509457033,-0.2571428571428571
d,Product,905,-1.4367622330384782,0.1690308509457033,-0.2428571428571428
d,Product,906,-1.3522468075656264,0.1690308509457033,-0.2285714285714285
d,Product,907,-1.267731382092775,0.1690308509457033,-0.21428571428571425
d,Product,908,-1.1832159566199232,0.1690308509457033,-0.19999999999999996
d,Product,909,-1.0987005311470714,0.1690308509457033,-0.18571428571428567
d,Product,910,-1.01418510567422,0.1690308509457033,-0.1714285714285714
d,Product,911,-0.9296696802013682,0.1690308509457033,-0.1571428571428571
d,Product,912,-0.8451542547285166,0.1690308509457033,-0.14285714285714282
d,Product,913,-0.760638829255665,0.1690308509457033,-0.12857142857142856
d,Product,914,-0.6761234037828132,0.1690308509457033,-0.11428571428571425
d,Product,915,-0.5916079783099616,0.1690308509457033,-0.09999999999999998
d,Product,916,-0.50709255283711,0.1690308509457033,-0.0857142857142857
d,Product,917,-0.4225771273642583,0.1690308509457033,-0.07142857142857141
d,Product,918,-0.3380617018914066,0.1690308509457033,-0.05714285714285713
d,Product,919,-0.253546276418555,0.1690308509457033,-0.04285714285714285
d,Product,920,-0.1690308509457033,0.1690308509457033,-0.028571428571428564
d,Product,921,-0.08451542547285165,0.1690308509457033,-0.014285714285714282
d,Product,922,0.0,0.1690308509457033,8.856018060643746e-19
d,Product,923,0.08451542547285165,0.1690308509457033,0.014285714285714282
d,Product,924,0.1690308509457033,0.1690308509457033,0.028571428571428564
d,Product,925,0.253546276418555,0.1690308509457033,0.04285714285714285
d,Product,926,0.3380617018914066,0.1690308509457033,0.05714285714285713
d,Product,927,0.4225771273642583,0.1690308509457033,0.07142857142857141
d,Product,928,0.50709255283711,0.1690308509457033,0.0857142857142857
d,Product,929,0.5916079783099616,0.1690308509457033,0.09999999999999998
d,Product,930,0.6761234037828132,0.1690308509457033,0.11428571428571425
d,Product,931,0.760638829255665,0.1690308509457033,0.12857142857142856
d,Product,932,0.8451542547285166,0.1690308509457033,0.14285714285714282
d,Product,933,0.9296696802013682,0.1690308509457033,0.1571428571428571
d,Product,934,1.01418510567422,0.1690308509457033,0.1714285714285714
d,Product,935,1.0987005311470714,0.1690308509457033,0.18571428571428567
d,Product,936,1.1832159566199232,0.1690308509457033,0.19999999999999996
d,Product,937,1.267731382092775,0.1690308509457033,0.21428571428571425
d,Product,938,1.3522468075656264,0.1690308509457033,0.2285714285714285
d,Product,939,1.4367622330384782,0.1690308509457033,0.2428571428571428
d,Product,940,1.52127765851133,0.1690308509457033,0.2571428571428571
d,Product,941,1.6057930839841814,0.1690308509457033,0.27142857142857135
d,Product,942,1.6903085094570331,0.1690308509457033,0.28571428571428564
d,Product,943,-1.6903085094570331,0.253546276418555,-0.4285714285714286
d,Product,944,-1.6057930839841814,0.253546276418555,-0.40714285714285714
d,Product,945,-1.52127765851133,0.253546276418555,-0.38571428571428573
d,Product,946,-1.4367622330384782,0.253546276418555,-0.36428571428571427
d,Product,947,-1.3522468075656264,0.253546276418555,-0.34285714285714286
d,Product,948,-1.267731382092775,0.253546276418555,-0.32142857142857145
d,Product,949,-1.1832159566199232,0.253546276418555,-0.3
d,Product,950,-1.0987005311470714,0.253546276418555,-0.2785714285714286
d,Product,951,-1.01418510567422,0.253546276418555,-0.2571428571428572
d,Product,952,-0.9296696802013682,0.253546276418555,-0.2357142857142857
d,Product,953,-0.8451542547285166,0.253546276418555,-0.2142857142857143
d,Product,954,-0.760638829255665,0.253546276418555,-0.19285714285714287
d,Product,955,-0.6761234037828132,0.253546276418555,-0.17142857142857143
d,Product,956,-0.5916079783099616,0.253546276418555,-0.15
d,Product,957,-0.50709255283711,0.253546276418555,-0.1285714285714286
d,Product,958,-0.4225771273642583,0.253546276418555,-0.10714285714285715
d,Product,959,-0.3380617018914066,0.253546276418555,-0.08571428571428572
d,Product,960,-0.253546276418555,0.253546276418555,-0.0642857142857143
d,Product,961,-0.1690308509457033,0.253546276418555,-0.04285714285714286
d,Product,962,-0.08451542547285165,0.253546276418555,-0.02142857142857143
d,Product,963,0.0,0.253546276418555,1.0642211446408439e-18
d,Product,964,0.08451542547285165,0.253546276418555,0.02142857142857143
d,Product,965,0.1690308509457033,0.253546276418555,0.04285714285714286
d,Product,966,0.253546276418555,0.253546276418555,0.0642857142857143
d,Product,967,0.3380617018914066,0.253546276418555,0.08571428571428572
d,Product,968,0.4225771273642583,0.253546276418555,0.10714285714285715
d,Product,969,0.50709255283711,0.253546276418555,0.1285714285714286
d,Product,970,0.5916079783099616,0.253546276418555,0.15
d,Product,971,0.6761234037828132,0.253546276418555,0.17142857142857143
d,Product,972,0.760638829255665,0.253546276418555,0.19285714285714287
d,Product,973,0.8451542547285166,0.253546276418555,0.2142857142857143
d,Product,974,0.9296696802013682,0.253546276418555,0.2357142857142857
d,Product,975,1.01418510567422,0.253546276418555,0.2571428571428572
d,Product,976,1.0987005311470714,0.253546276418555,0.2785714285714286
d,Product,977,1.1832159566199232,0.253546276418555,0.3
d,Product,978,1.267731382092775,0.253546276418555,0.32142857142857145
d,Product,979,1.3522468075656264,0.253546276418555,0.34285714285714286
d,Product,980,1.4367622330384782,0.253546276418555,0.36428571428571427
d,Product,981,1.52127765851133,0.253546276418555,0.38571428571428573
d,Product,982,1.6057930839841814,0.253546276418555,0.40714285714285714
d,Product,983,1.6903085094570331,0.253546276418555,0.4285714285714286
d,Product,984,-1.6903085094570331,0.3380617018914066,-0.5714285714285714
d,Product,985,-1.6057930839841814,0.3380617018914066,-0.5428571428571428
d,Product,986,-1.52127765851133,0.3380617018914066,-0.5142857142857142
d,Product,987,-1.4367622330384782,0.3380617018914066,-0.48571428571428565
d,Product,988,-1.3522468075656264,0.3380617018914066,-0.4571428571428571
d,Product,989,-1.267731382092775,0.3380617018914066,-0.42857142857142855
d,Product,990,-1.1832159566199232,0.3380617018914066,-0.39999999999999997
d,Product,991,-1.0987005311470714,0.3380617018914066,-0.3714285714285714
d,Product,992,-1.01418510567422,0.3380617018914066,-0.34285714285714286
d,Product,993,-0.9296696802013682,0.3380617018914066,-0.3142857142857142
d,Product,994,-0.8451542547285166,0.3380617018914066,-0.2857142857142857
d,Product,995,-0.760638829255665,0.3380617018914066,-0.2571428571428571
d,Product,996,-0.6761234037828132,0.3380617018914066,-0.22857142857142854
d,Product,997,-0.5916079783099616,0.3380617018914066,-0.19999999999999998
d,Product,998,-0.50709255283711,0.3380617018914066,-0.17142857142857143
d,Product,999,-0.4225771273642583,0.3380617018914066,-0.14285714285714285
d,Product,1000,-0.3380617018914066,0.3380617018914066,-0.11428571428571427
d,Product,1001,-0.253546276418555,0.3380617018914066,-0.08571428571428572
d,Product,1002,-0.1690308509457033,0.3380617018914066,-0.057142857142857134
d,Product,1003,-0.08451542547285165,0.3380617018914066,-0.028571428571428567
d,Product,1004,0.0,0.3380617018914066,1.2428404832173127e-18
d,Product,1005,0.08451542547285165,0.3380617018914066,0.028571428571428567
d,Product,1006,0.1690308509457033,0.3380617018914066,0.057142857142857134
d,Product,1007,0.253546276418555,0.3380617018914066,0.08571428571428572
d,Product,1008,0.3380617018914066,0.3380617018914066,0.11428571428571427
d,Product,1009,0.4225771273642583,0.3380617018914066,0.14285714285714285
d,Product,1010,0.50709255283711,0.3380617018914066,0.17142857142857143
d,Product,1011,0.5916079783099616,0.3380617018914066,0.19999999999999998
d,Product,1012,0.6761234037828132,0.3380617018914066,0.22857142857142854
d,Product,1013,0.760638829255665,0.3380617018914066,0.2571428571428571
d,Product,1014,0.8451542547285166,0.3380617018914066,0.2857142857142857
d,Product,1015,0.9296696802013682,0.3380617018914066,0.3142857142857142
d,Product,1016,1.01418510567422,0.3380617018914066,0.34285714285714286
d,Product,1017,1.0987005311470714,0.3380617018914066,0.3714285714285714
d,Product,1018,1.1832159566199232,0.3380617018914066,0.39999999999999997
d,Product,1019,1.267731382092775,0.3380617018914066,0.42857142857142855
d,Product,1020,1.3522468075656264,0.3380617018914066,0.4571428571428571
d,Product,1021,1.4367622330384782,0.3380617018914066,0.48571428571428565
d,Product,1022,1.52127765851133,0.3380617018914066,0.5142857142857142
d,Product,1023,1.6057930839841814,0.3380617018914066,0.5428571428571428
d,Product,1024,1.6903085094570331,0.3380617018914066,0.5714285714285714
d,Product,1025,-1.6903085094570331,0.4225771273642583,-0.7142857142857143
d,Product,1026,-1.6057930839841814,0.4225771273642583,-0.6785714285714285
d,Product,1027,-1.52127765851133,0.4225771273642583,-0.6428571428571429
d,Product,1028,-1.4367622330384782,0.4225771273642583,-0.6071428571428571
d,Product,1029,-1.3522468075656264,0.4225771273642583,-0.5714285714285714
d,Product,1030,-1.267731382092775,0.4225771273642583,-0.5357142857142857
d,Product,1031,-1.1832159566199232,0.4225771273642583,-0.5
d,Product,1032,-1.0987005311470714,0.4225771273642583,-0.46428571428571425
d,Product,1033,-1.01418510567422,0.4225771273642583,-0.4285714285714286
d,Product,1034,-0.9296696802013682,0.4225771273642583,-0.39285714285714285
d,Product,1035,-0.8451542547285166,0.4225771273642583,-0.35714285714285715
d,Product,1036,-0.760638829255665,0.4225771273642583,-0.32142857142857145
d,Product,1037,-0.6761234037828132,0.4225771273642583,-0.2857142857142857
d,Product,1038,-0.5916079783099616,0.4225771273642583,-0.25
d,Product,1039,-0.50709255283711,0.4225771273642583,-0.2142857142857143
d,Product,1040,-0.4225771273642583,0.4225771273642583,-0.17857142857142858
d,Product,1041,-0.3380617018914066,0.4225771273642583,-0.14285714285714285
d,Product,1042,-0.253546276418555,0.4225771273642583,-0.10714285714285715
d,Product,1043,-0.1690308509457033,0.4225771273642583,-0.07142857142857142
d,Product,1044,-0.08451542547285165,0.4225771273642583,-0.03571428571428571
d,Product,1045,0.0,0.4225771273642583,1.421459821793782e-18
d,Product,1046,0.08451542547285165,0.4225771273642583,0.03571428571428571
d,Product,1047,0.1690308509457033,0.4225771273642583,0.07142857142857142
d,Product,1048,0.253546276418555,0.4225771273642583,0.10714285714285715
d,Product,1049,0.3380617018914066,0.4225771273642583,0.14285714285714285
d,Product,1050,0.4225771273642583,0.4225771273642583,0.17857142857142858
d,Product,1051,0.50709255283711,0.4225771273642583,0.2142857142857143
d,Product,1052,0.5916079783099616,0.4225771273642583,0.25
d,Product,1053,0.6761234037828132,0.4225771273642583,0.2857142857142857
d,Product,1054,0.760638829255665,0.4225771273642583,0.32142857142857145
d,Product,1055,0.8451542547285166,0.4225771273642583,0.35714285714285715
d,Product,1056,0.9296696802013682,0.4225771273642583,0.39285714285714285
d,Product,1057,1.01418510567422,0.4225771273642583,0.4285714285714286
d,Product,1058,1.0987005311470714,0.4225771273642583,0.46428571428571425
d,Product,1059,1.1832159566199232,0.4225771273642583,0.5
d,Product,1060,1.267731382092775,0.4225771273642583,0.5357142857142857
d,Product,1061,1.3522468075656264,0.4225771273642583,0.5714285714285714
d,Product,1062,1.4367622330384782,0.4225771273642583,0.6071428571428571
d,Product,1063,1.52127765851133,0.4225771273642583,0.6428571428571429
d,Product,1064,1.6057930839841814,0.4225771273642583,0.6785714285714285
d,Product,1065,1.6903085094570331,0.4225771273642583,0.7142857142857143
d,Product,1066,-1.6903085094570331,0.50709255283711,-0.8571428571428572
d,Product,1067,-1.6057930839841814,0.50709255283711,-0.8142857142857143
d,Product,1068,-1.52127765851133,0.50709255283711,-0.7714285714285715
d,Product,1069,-1.4367622330384782,0.50709255283711,-0.7285714285714285
d,Product,1070,-1.3522468075656264,0.50709255283711,-0.6857142857142857
d,Product,1071,-1.267731382092775,0.50709255283711,-0.6428571428571429
d,Product,1072,-1.1832159566199232,0.50709255283711,-0.6
d,Product,1073,-1.0987005311470714,0.50709255283711,-0.5571428571428572
d,Product,1074,-1.01418510567422,0.50709255283711,-0.5142857142857143
d,Product,1075,-0.9296696802013682,0.50709255283711,-0.4714285714285714
d,Product,1076,-0.8451542547285166,0.50709255283711,-0.4285714285714286
d,Product,1077,-0.760638829255665,0.50709255283711,-0.38571428571428573
d,Product,1078,-0.6761234037828132,0.50709255283711,-0.34285714285714286
d,Product,1079,-0.5916079783099616,0.50709255283711,-0.3
d,Product,1080,-0.50709255283711,0.50709255283711,-0.2571428571428572
d,Product,1081,-0.4225771273642583,0.50709255283711,-0.2142857142857143
d,Product,1082,-0.3380617018914066,0.50709255283711,-0.17142857142857143
d,Product,1083,-0.253546276418555,0.50709255283711,-0.1285714285714286
d,Product,1084,-0.1690308509457033,0.50709255283711,-0.08571428571428572
d,Product,1085,-0.08451542547285165,0.50709255283711,-0.04285714285714286
d,Product,1086,0.0,0.50709255283711,1.6000791603702508e-18
d,Product,1087,0.08451542547285165,0.50709255283711,0.04285714285714286
d,Product,1088,0.1690308509457033,0.50709255283711,0.08571428571428572
d,Product,1089,0.253546276418555,0.50709255283711,0.1285714285714286
d,Product,1090,0.3380617018914066,0.50709255283711,0.17142857142857143
d,Product,1091,0.4225771273642583,0.50709255283711,0.2142857142857143
d,Product,1092,0.50709255283711,0.50709255283711,0.2571428571428572
d,Product,1093,0.5916079783099616,0.50709255283711,0.3
d,Product,1094,0.6761234037828132,0.50709255283711,0.34285714285714286
d,Product,1095,0.760638829255665,0.50709255283711,0.38571428571428573
d,Product,1096,0.8451542547285166,0.50709255283711,0.4285714285714286
d,Product,1097,0.9296696802013682,0.50709255283711,0.4714285714285714
d,Product,1098,1.01418510567422,0.50709255283711,0.5142857142857143
d,Product,1099,1.0987005311470714,0.50709255283711,0.5571428571428572
d,Product,1100,1.1832159566199232,0.50709255283711,0.6
d,Product,1101,1.267731382092775,0.50709255283711,0.6428571428571429
d,Product,1102,1.3522468075656264,0.50709255283711,0.6857142857142857
d,Product,1103,1.4367622330384782,0.50709255283711,0.7285714285714285
d,Product,1104,1.52127765851133,0.50709255283711,0.7714285714285715
d,Product,1105,1.6057930839841814,0.50709255283711,0.8142857142857143
d,Product,1106,1.6903085094570331,0.50709255283711,0.8571428571428572
d,Product,1107,-1.6903085094570331,0.5916079783099616,-1.0
d,Product,1108,-1.6057930839841814,0.5916079783099616,-0.95
d,Product,1109,-1.52127765851133,0.5916079783099616,-0.9
d,Product,1110,-1.4367622330384782,0.5916079783099616,-0.85
d,Product,1111,-1.3522468075656264,0.5916079783099616,-0.7999999999999999
d,Product,1112,-1.267731382092775,0.5916079783099616,-0.75
d,Product,1113,-1.1832159566199232,0.5916079783099616,-0.7
d,Product,1114,-1.0987005311470714,0.5916079783099616,-0.6499999999999999
d,Product,1115,-1.01418510567422,0.5916079783099616,-0.6
d,Product,1116,-0.9296696802013682,0.5916079783099616,-0.5499999999999999
d,Product,1117,-0.8451542547285166,0.5916079783099616,-0.5
d,Product,1118,-0.760638829255665,0.5916079783099616,-0.45
d,Product,1119,-0.6761234037828132,0.5916079783099616,-0.39999999999999997
d,Product,1120,-0.5916079783099616,0.5916079783099616,-0.35
d,Product,1121,-0.50709255283711,0.5916079783099616,-0.3
d,Product,1122,-0.4225771273642583,0.5916079783099616,-0.25
d,Product,1123,-0.3380617018914066,0.5916079783099616,-0.19999999999999998
d,Product,1124,-0.253546276418555,0.5916079783099616,-0.15
d,Product,1125,-0.1690308509457033,0.5916079783099616,-0.09999999999999999
d,Product,1126,-0.08451542547285165,0.5916079783099616,-0.049999999999999996
d,Product,1127,0.0,0.5916079783099616,1.7786984989467197e-18
d,Product,1128,0.08451542547285165,0.5916079783099616,0.049999999999999996
d,Product,1129,0.1690308509457033,0.5916079783099616,0.09999999999999999
d,Product,1130,0.253546276418555,0.5916079783099616,0.15
d,Product,1131,0.3380617018914066,0.5916079783099616,0.19999999999999998
d,Product,1132,0.4225771273642583,0.5916079783099616,0.25
d,Product,1133,0.50709255283711,0.5916079783099616,0.3
d,Product,1134,0.5916079783099616,0.5916079783099616,0.35
d,Product,1135,0.6761234037828132,0.5916079783099616,0.39999999999999997
d,Product,1136,0.760638829255665,0.5916079783099616,0.45
d,Product,1137,0.8451542547285166,0.5916079783099616,0.5
d,Product,1138,0.9296696802013682,0.5916079783099616,0.5499999999999999
d,Product,1139,1.01418510567422,0.5916079783099616,0.6
d,Product,1140,1.0987005311470714,0.5916079783099616,0.6499999999999999
d,Product,1141,1.1832159566199232,0.5916079783099616,0.7
d,Product,1142,1.267731382092775,0.5916079783099616,0.75
d,Product,1143,1.3522468075656264,0.5916079783099616,0.7999999999999999
d,Product,1144,1.4367622330384782,0.5916079783099616,0.85
d,Product,1145,1.52127765851133,0.5916079783099616,0.9
d,Product,1146,1.6057930839841814,0.5916079783099616,0.95
d,Product,1147,1.6903085094570331,0.5916079783099616,1.0
d,Product,1148,-1.6903085094570331,0.6761234037828132,-1.1428571428571428
d,Product,1149,-1.6057930839841814,0.6761234037828132,-1.0857142857142856
d,Product,1150,-1.52127765851133,0.6761234037828132,-1.0285714285714285
d,Product,1151,-1.4367622330384782,0.6761234037828132,-0.9714285714285713
d,Product,1152,-1.3522468075656264,0.6761234037828132,-0.9142857142857141
d,Product,1153,-1.267731382092775,0.6761234037828132,-0.8571428571428571
d,Product,1154,-1.1832159566199232,0.6761234037828132,-0.7999999999999999
d,Product,1155,-1.0987005311470714,0.6761234037828132,-0.7428571428571428
d,Product,1156,-1.01418510567422,0.6761234037828132,-0.6857142857142857
d,Product,1157,-0.9296696802013682,0.6761234037828132,-0.6285714285714284
d,Product,1158,-0.8451542547285166,0.6761234037828132,-0.5714285714285714
d,Product,1159,-0.760638829255665,0.6761234037828132,-0.5142857142857142
d,Product,1160,-0.6761234037828132,0.6761234037828132,-0.4571428571428571
d,Product,1161,-0.5916079783099616,0.6761234037828132,-0.39999999999999997
d,Product,1162,-0.50709255283711,0.6761234037828132,-0.34285714285714286
d,Product,1163,-0.4225771273642583,0.6761234037828132,-0.2857142857142857
d,Product,1164,-0.3380617018914066,0.6761234037828132,-0.22857142857142854
d,Product,1165,-0.253546276418555,0.6761234037828132,-0.17142857142857143
d,Product,1166,-0.1690308509457033,0.6761234037828132,-0.11428571428571427
d,Product,1167,-0.08451542547285165,0.6761234037828132,-0.057142857142857134
d,Product,1168,0.0,0.6761234037828132,1.9573178375231885e-18
d,Product,1169,0.08451542547285165,0.6761234037828132,0.057142857142857134
d,Product,1170,0.1690308509457033,0.6761234037828132,0.11428571428571427
d,Product,1171,0.253546276418555,0.6761234037828132,0.17142857142857143
d,Product,1172,0.3380617018914066,0.6761234037828132,0.22857142857142854
d,Product,1173,0.4225771273642583,0.6761234037828132,0.2857142857142857
d,Product,1174,0.50709255283711,0.6761234037828132,0.34285714285714286
d,Product,1175,0.5916079783099616,0.6761234037828132,0.39999999999999997
d,Product,1176,0.6761234037828132,0.6761234037828132,0.4571428571428571
d,Product,1177,0.760638829255665,0.6761234037828132,0.5142857142857142
d,Product,1178,0.8451542547285166,0.6761234037828132,0.5714285714285714
d,Product,1179,0.9296696802013682,0.6761234037828132,0.6285714285714284
d,Product,1180,1.01418510567422,0.6761234037828132,0.6857142857142857
d,Product,1181,1.0987005311470714,0.6761234037828132,0.7428571428571428
d,Product,1182,1.1832159566199232,0.6761234037828132,0.7999999999999999
d,Product,1183,1.267731382092775,0.6761234037828132,0.8571428571428571
d,Product,1184,1.3522468075656264,0.6761234037828132,0.9142857142857141
d,Product,1185,1.4367622330384782,0.6761234037828132,0.9714285714285713
d,Product,1186,1.52127765851133,0.6761234037828132,1.0285714285714285
d,Product,1187,1.6057930839841814,0.6761234037828132,1.0857142857142856
d,Product,1188,1.6903085094570331,0.6761234037828132,1.1428571428571428
d,Product,1189,-1.6903085094570331,0.760638829255665,-1.2857142857142858
d,Product,1190,-1.6057930839841814,0.760638829255665,-1.2214285714285713
d,Product,1191,-1.52127765851133,0.760638829255665,-1.1571428571428573
d,Product,1192,-1.4367622330384782,0.760638829255665,-1.092857142857143
d,Product,1193,-1.3522468075656264,0.760638829255665,-1.0285714285714285
d,Product,1194,-1.267731382092775,0.760638829255665,-0.9642857142857144
d,Product,1195,-1.1832159566199232,0.760638829255665,-0.9
d,Product,1196,-1.0987005311470714,0.760638829255665,-0.8357142857142856
d,Product,1197,-1.01418510567422,0.760638829255665,-0.7714285714285715
d,Product,1198,-0.9296696802013682,0.760638829255665,-0.7071428571428572
d,Product,1199,-0.8451542547285166,0.760638829255665,-0.6428571428571429
d,Product,1200,-0.760638829255665,0.760638829255665,-0.5785714285714286
d,Product,1201,-0.6761234037828132,0.760638829255665,-0.5142857142857142
d,Product,1202,-0.5916079783099616,0.760638829255665,-0.45
d,Product,1203,-0.50709255283711,0.760638829255665,-0.38571428571428573
d,Product,1204,-0.4225771273642583,0.760638829255665,-0.32142857142857145
d,Product,1205,-0.3380617018914066,0.760638829255665,-0.2571428571428571
d,Product,1206,-0.253546276418555,0.760638829255665,-0.19285714285714287
d,Product,1207,-0.1690308509457033,0.760638829255665,-0.12857142857142856
d,Product,1208,-0.08451542547285165,0.760638829255665,-0.06428571428571428
d,Product,1209,0.0,0.760638829255665,2.1359371760996578e-18
d,Product,1210,0.08451542547285165,0.760638829255665,0.06428571428571428
d,Product,1211,0.1690308509457033,0.760638829255665,0.12857142857142856
d,Product,1212,0.253546276418555,0.760638829255665,0.19285714285714287
d,Product,1213,0.3380617018914066,0.760638829255665,0.2571428571428571
d,Product,1214,0.4225771273642583,0.760638829255665,0.32142857142857145
d,Product,1215,0.50709255283711,0.760638829255665,0.38571428571428573
d,Product,1216,0.5916079783099616,0.760638829255665,0.45
d,Product,1217,0.6761234037828132,0.760638829255665,0.5142857142857142
d,Product,1218,0.760638829255665,0.760638829255665,0.5785714285714286
d,Product,1219,0.8451542547285166,0.760638829255665,0.6428571428571429
d,Product,1220,0.9296696802013682,0.760638829255665,0.7071428571428572
d,Product,1221,1.01418510567422,0.760638829255665,0.7714285714285715
d,Product,1222,1.0987005311470714,0.760638829255665,0.8357142857142856
d,Product,1223,1.1832159566199232,0.760638829255665,0.9
d,Product,1224,1.267731382092775,0.760638829255665,0.9642857142857144
d,Product,1225,1.3522468075656264,0.760638829255665,1.0285714285714285
d,Product,1226,1.4367622330384782,0.760638829255665,1.092857142857143
d,Product,1227,1.52127765851133,0.760638829255665,1.1571428571428573
d,Product,1228,1.6057930839841814,0.760638829255665,1.2214285714285713
d,Product,1229,1.6903085094570331,0.760638829255665,1.2857142857142858
d,Product,1230,-1.6903085094570331,0.8451542547285166,-1.4285714285714286
d,Product,1231,-1.6057930839841814,0.8451542547285166,-1.357142857142857
d,Product,1232,-1.52127765851133,0.8451542547285166,-1.2857142857142858
d,Product,1233,-1.4367622330384782,0.8451542547285166,-1.2142857142857142
d,Product,1234,-1.3522468075656264,0.8451542547285166,-1.1428571428571428
d,Product,1235,-1.267731382092775,0.8451542547285166,-1.0714285714285714
d,Product,1236,-1.1832159566199232,0.8451542547285166,-1.0
d,Product,1237,-1.0987005311470714,0.8451542547285166,-0.9285714285714285
d,Product,1238,-1.01418510567422,0.8451542547285166,-0.8571428571428572
d,Product,1239,-0.9296696802013682,0.8451542547285166,-0.7857142857142857
d,Product,1240,-0.8451542547285166,0.8451542547285166,-0.7142857142857143
d,Product,1241,-0.760638829255665,0.8451542547285166,-0.6428571428571429
d,Product,1242,-0.6761234037828132,0.8451542547285166,-0.5714285714285714
d,Product,1243,-0.5916079783099616,0.8451542547285166,-0.5
d,Product,1244,-0.50709255283711,0.8451542547285166,-0.4285714285714286
d,Product,1245,-0.4225771273642583,0.8451542547285166,-0.35714285714285715
d,Product,1246,-0.3380617018914066,0.8451542547285166,-0.2857142857142857
d,Product,1247,-0.253546276418555,0.8451542547285166,-0.2142857142857143
d,Product,1248,-0.1690308509457033,0.8451542547285166,-0.14285714285714285
d,Product,1249,-0.08451542547285165,0.8451542547285166,-0.07142857142857142
d,Product,1250,0.0,0.8451542547285166,2.314556514676127e-18
d,Product,1251,0.08451542547285165,0.8451542547285166,0.07142857142857142
d,Product,1252,0.1690308509457033,0.8451542547285166,0.14285714285714285
d,Product,1253,0.253546276418555,0.8451542547285166,0.2142857142857143
d,Product,1254,0.3380617018914066,0.8451542547285166,0.2857142857142857
d,Product,1255,0.4225771273642583,0.8451542547285166,0.35714285714285715
d,Product,1256,0.50709255283711,0.8451542547285166,0.4285714285714286
d,Product,1257,0.5916079783099616,0.8451542547285166,0.5
d,Product,1258,0.6761234037828132,0.8451542547285166,0.5714285714285714
d,Product,1259,0.760638829255665,0.8451542547285166,0.6428571428571429
d,Product,1260,0.8451542547285166,0.8451542547285166,0.7142857142857143
d,Product,1261,0.9296696802013682,0.8451542547285166,0.7857142857142857
d,Product,1262,1.01418510567422,0.8451542547285166,0.8571428571428572
d,Product,1263,1.0987005311470714,0.8451542547285166,0.9285714285714285
d,Product,1264,1.1832159566199232,0.8451542547285166,1.0
d,Product,1265,1.267731382092775,0.8451542547285166,1.0714285714285714
d,Product,1266,1.3522468075656264,0.8451542547285166,1.1428571428571428
d,Product,1267,1.4367622330384782,0.8451542547285166,1.2142857142857142
d,Product,1268,1.52127765851133,0.8451542547285166,1.2857142857142858
d,Product,1269,1.6057930839841814,0.8451542547285166,1.357142857142857
d,Product,1270,1.6903085094570331,0.8451542547285166,1.4285714285714286
d,Product,1271,-1.6903085094570331,0.9296696802013682,-1.5714285714285714
d,Product,1272,-1.6057930839841814,0.9296696802013682,-1.4928571428571427
d,Product,1273,-1.52127765851133,0.9296696802013682,-1.4142857142857144
d,Product,1274,-1.4367622330384782,0.9296696802013682,-1.3357142857142856
d,Product,1275,-1.3522468075656264,0.9296696802013682,-1.257142857142857
d,Product,1276,-1.267731382092775,0.9296696802013682,-1.1785714285714286
d,Product,1277,-1.1832159566199232,0.9296696802013682,-1.0999999999999999
d,Product,1278,-1.0987005311470714,0.9296696802013682,-1.0214285714285714
d,Product,1279,-1.01418510567422,0.9296696802013682,-0.9428571428571428
d,Product,1280,-0.9296696802013682,0.9296696802013682,-0.8642857142857142
d,Product,1281,-0.8451542547285166,0.9296696802013682,-0.7857142857142857
d,Product,1282,-0.760638829255665,0.9296696802013682,-0.7071428571428572
d,Product,1283,-0.6761234037828132,0.9296696802013682,-0.6285714285714284
d,Product,1284,-0.5916079783099616,0.9296696802013682,-0.5499999999999999
d,Product,1285,-0.50709255283711,0.9296696802013682,-0.4714285714285714
d,Product,1286,-0.4225771273642583,0.9296696802013682,-0.39285714285714285
d,Product,1287,-0.3380617018914066,0.9296696802013682,-0.3142857142857142
d,Product,1288,-0.253546276418555,0.9296696802013682,-0.2357142857142857
d,Product,1289,-0.1690308509457033,0.9296696802013682,-0.1571428571428571
d,Product,1290,-0.08451542547285165,0.9296696802013682,-0.07857142857142856
d,Product,1291,0.0,0.9296696802013682,2.493175853252596e-18
d,Product,1292,0.08451542547285165,0.9296696802013682,0.07857142857142856
d,Product,1293,0.1690308509457033,0.9296696802013682,0.1571428571428571
d,Product,1294,0.253546276418555,0.9296696802013682,0.2357142857142857
d,Product,1295,0.3380617018914066,0.9296696802013682,0.3142857142857142
d,Product,1296,0.4225771273642583,0.9296696802013682,0.39285714285714285
d,Product,1297,0.50709255283711,0.9296696802013682,0.4714285714285714
d,Product,1298,0.5916079783099616,0.9296696802013682,0.5499999999999999
d,Product,1299,0.6761234037828132,0.9296696802013682,0.6285714285714284
d,Product,1300,0.760638829255665,0.9296696802013682,0.7071428571428572
d,Product,1301,0.8451542547285166,0.9296696802013682,0.7857142857142857
d,Product,1302,0.9296696802013682,0.9296696802013682,0.8642857142857142
d,Product,1303,1.01418510567422,0.9296696802013682,0.9428571428571428
d,Product,1304,1.0987005311470714,0.9296696802013682,1.0214285714285714
d,Product,1305,1.1832159566199232,0.9296696802013682,1.0999999999999999
d,Product,1306,1.267731382092775,0.9296696802013682,1.1785714285714286
d,Product,1307,1.3522468075656264,0.9296696802013682,1.257142857142857
d,Product,1308,1.4367622330384782,0.9296696802013682,1.3357142857142856
d,Product,1309,1.52127765851133,0.9296696802013682,1.4142857142857144
d,Product,1310,1.6057930839841814,0.9296696802013682,1.4928571428571427
d,Product,1311,1.6903085094570331,0.9296696802013682,1.5714285714285714
d,Product,1312,-1.6903085094570331,1.01418510567422,-1.7142857142857146
d,Product,1313,-1.6057930839841814,1.01418510567422,-1.628571428571429
d,Product,1314,-1.52127765851133,1.01418510567422,-1.5428571428571434
d,Product,1315,-1.4367622330384782,1.01418510567422,-1.4571428571428575
d,Product,1316,-1.3522468075656264,1.01418510567422,-1.3714285714285717
d,Product,1317,-1.267731382092775,1.01418510567422,-1.285714285714286
d,Product,1318,-1.1832159566199232,1.01418510567422,-1.2000000000000002
d,Product,1319,-1.0987005311470714,1.01418510567422,-1.1142857142857145
d,Product,1320,-1.01418510567422,1.01418510567422,-1.028571428571429
d,Product,1321,-0.9296696802013682,1.01418510567422,-0.9428571428571431
d,Product,1322,-0.8451542547285166,1.01418510567422,-0.8571428571428573
d,Product,1323,-0.760638829255665,1.01418510567422,-0.7714285714285717
d,Product,1324,-0.6761234037828132,1.01418510567422,-0.6857142857142858
d,Product,1325,-0.5916079783099616,1.01418510567422,-0.6000000000000001
d,Product,1326,-0.50709255283711,1.01418510567422,-0.5142857142857145
d,Product,1327,-0.4225771273642583,1.01418510567422,-0.42857142857142866
d,Product,1328,-0.3380617018914066,1.01418510567422,-0.3428571428571429
d,Product,1329,-0.253546276418555,1.01418510567422,-0.25714285714285723
d,Product,1330,-0.1690308509457033,1.01418510567422,-0.17142857142857146
d,Product,1331,-0.08451542547285165,1.01418510567422,-0.08571428571428573
d,Product,1332,0.0,1.01418510567422,2.6717951918290655e-18
d,Product,1333,0.08451542547285165,1.01418510567422,0.08571428571428573
d,Product,1334,0.1690308509457033,1.01418510567422,0.17142857142857146
d,Product,1335,0.253546276418555,1.01418510567422,0.25714285714285723
d,Product,1336,0.3380617018914066,1.01418510567422,0.3428571428571429
d,Product,1337,0.4225771273642583,1.01418510567422,0.42857142857142866
d,Product,1338,0.50709255283711,1.01418510567422,0.5142857142857145
d,Product,1339,0.5916079783099616,1.01418510567422,0.6000000000000001
d,Product,1340,0.6761234037828132,1.01418510567422,0.6857142857142858
d,Product,1341,0.760638829255665,1.01418510567422,0.7714285714285717
d,Product,1342,0.8451542547285166,1.01418510567422,0.8571428571428573
d,Product,1343,0.9296696802013682,1.01418510567422,0.9428571428571431
d,Product,1344,1.01418510567422,1.01418510567422,1.028571428571429
d,Product,1345,1.0987005311470714,1.01418510567422,1.1142857142857145
d,Product,1346,1.1832159566199232,1.01418510567422,1.2000000000000002
d,Product,1347,1.267731382092775,1.01418510567422,1.285714285714286
d,Product,1348,1.3522468075656264,1.01418510567422,1.3714285714285717
d,Product,1349,1.4367622330384782,1.01418510567422,1.4571428571428575
d,Product,1350,1.52127765851133,1.01418510567422,1.5428571428571434
d,Product,1351,1.6057930839841814,1.01418510567422,1.628571428571429
d,Product,1352,1.6903085094570331,1.01418510567422,1.7142857142857146
d,Product,1353,-1.6903085094570331,1.0987005311470714,-1.8571428571428574
d,Product,1354,-1.6057930839841814,1.0987005311470714,-1.7642857142857145
d,Product,1355,-1.52127765851133,1.0987005311470714,-1.6714285714285717
d,Product,1356,-1.4367622330384782,1.0987005311470714,-1.5785714285714287
d,Product,1357,-1.3522468075656264,1.0987005311470714,-1.4857142857142858
d,Product,1358,-1.267731382092775,1.0987005311470714,-1.392857142857143
d,Product,1359,-1.1832159566199232,1.0987005311470714,-1.3
d,Product,1360,-1.0987005311470714,1.0987005311470714,-1.207142857142857
d,Product,1361,-1.01418510567422,1.0987005311470714,-1.1142857142857145
d,Product,1362,-0.9296696802013682,1.0987005311470714,-1.0214285714285716
d,Product,1363,-0.8451542547285166,1.0987005311470714,-0.9285714285714287
d,Product,1364,-0.760638829255665,1.0987005311470714,-0.8357142857142859
d,Product,1365,-0.6761234037828132,1.0987005311470714,-0.7428571428571429
d,Product,1366,-0.5916079783099616,1.0987005311470714,-0.65
d,Product,1367,-0.50709255283711,1.0987005311470714,-0.5571428571428573
d,Product,1368,-0.4225771273642583,1.0987005311470714,-0.46428571428571436
d,Product,1369,-0.3380617018914066,1.0987005311470714,-0.37142857142857144
d,Product,1370,-0.253546276418555,1.0987005311470714,-0.27857142857142864
d,Product,1371,-0.1690308509457033,1.0987005311470714,-0.18571428571428572
d,Product,1372,-0.08451542547285165,1.0987005311470714,-0.09285714285714286
d,Product,1373,0.0,1.0987005311470714,2.8504145304055344e-18
d,Product,1374,0.08451542547285165,1.0987005311470714,0.09285714285714286
d,Product,1375,0.1690308509457033,1.0987005311470714,0.18571428571428572
d,Product,1376,0.253546276418555,1.0987005311470714,0.27857142857142864
d,Product,1377,0.3380617018914066,1.0987005311470714,0.37142857142857144
d,Product,1378,0.4225771273642583,1.0987005311470714,0.46428571428571436
d,Product,1379,0.50709255283711,1.0987005311470714,0.5571428571428573
d,Product,1380,0.5916079783099616,1.0987005311470714,0.65
d,Product,1381,0.6761234037828132,1.0987005311470714,0.7428571428571429
d,Product,1382,0.760638829255665,1.0987005311470714,0.8357142857142859
d,Product,1383,0.8451542547285166,1.0987005311470714,0.9285714285714287
d,Product,1384,0.9296696802013682,1.0987005311470714,1.0214285714285716
d,Product,1385,1.01418510567422,1.0987005311470714,1.1142857142857145
d,Product,1386,1.0987005311470714,1.0987005311470714,1.207142857142857
d,Product,1387,1.1832159566199232,1.0987005311470714,1.3
d,Product,1388,1.267731382092775,1.0987005311470714,1.392857142857143
d,Product,1389,1.3522468075656264,1.0987005311470714,1.4857142857142858
d,Product,1390,1.4367622330384782,1.0987005311470714,1.5785714285714287
d,Product,1391,1.52127765851133,1.0987005311470714,1.6714285714285717
d,Product,1392,1.6057930839841814,1.0987005311470714,1.7642857142857145
d,Product,1393,1.6903085094570331,1.0987005311470714,1.8571428571428574
d,Product,1394,-1.6903085094570331,1.1832159566199232,-2.0000000000000004
d,Product,1395,-1.6057930839841814,1.1832159566199232,-1.9000000000000001
d,Product,1396,-1.52127765851133,1.1832159566199232,-1.8000000000000003
d,Product,1397,-1.4367622330384782,1.1832159566199232,-1.7000000000000002
d,Product,1398,-1.3522468075656264,1.1832159566199232,-1.6
d,Product,1399,-1.267731382092775,1.1832159566199232,-1.5000000000000002
d,Product,1400,-1.1832159566199232,1.1832159566199232,-1.4000000000000001
d,Product,1401,-1.0987005311470714,1.1832159566199232,-1.3
d,Product,1402,-1.01418510567422,1.1832159566199232,-1.2000000000000002
d,Product,1403,-0.9296696802013682,1.1832159566199232,-1.1
d,Product,1404,-0.8451542547285166,1.1832159566199232,-1.0000000000000002
d,Product,1405,-0.760638829255665,1.1832159566199232,-0.9000000000000001
d,Product,1406,-0.6761234037828132,1.1832159566199232,-0.8
d,Product,1407,-0.5916079783099616,1.1832159566199232,-0.7000000000000001
d,Product,1408,-0.50709255283711,1.1832159566199232,-0.6000000000000001
d,Product,1409,-0.4225771273642583,1.1832159566199232,-0.5000000000000001
d,Product,1410,-0.3380617018914066,1.1832159566199232,-0.4
d,Product,1411,-0.253546276418555,1.1832159566199232,-0.30000000000000004
d,Product,1412,-0.1690308509457033,1.1832159566199232,-0.2
d,Product,1413,-0.08451542547285165,1.1832159566199232,-0.1
d,Product,1414,0.0,1.1832159566199232,3.0290338689820032e-18
d,Product,1415,0.08451542547285165,1.1832159566199232,0.1
d,Product,1416,0.1690308509457033,1.1832159566199232,0.2
d,Product,1417,0.253546276418555,1.1832159566199232,0.30000000000000004
d,Product,1418,0.3380617018914066,1.1832159566199232,0.4
d,Product,1419,0.4225771273642583,1.1832159566199232,0.5000000000000001
d,Product,1420,0.50709255283711,1.1832159566199232,0.6000000000000001
d,Product,1421,0.5916079783099616,1.1832159566199232,0.7000000000000001
d,Product,1422,0.6761234037828132,1.1832159566199232,0.8
d,Product,1423,0.760638829255665,1.1832159566199232,0.9000000000000001
d,Product,1424,0.8451542547285166,1.1832159566199232,1.0000000000000002
d,Product,1425,0.9296696802013682,1.1832159566199232,1.1
d,Product,1426,1.01418510567422,1.1832159566199232,1.2000000000000002
d,Product,1427,1.0987005311470714,1.1832159566199232,1.3
d,Product,1428,1.1832159566199232,1.1832159566199232,1.4000000000000001
d,Product,1429,1.267731382092775,1.1832159566199232,1.5000000000000002
d,Product,1430,1.3522468075656264,1.1832159566199232,1.6
d,Product,1431,1.4367622330384782,1.1832159566199232,1.7000000000000002
d,Product,1432,1.52127765851133,1.1832159566199232,1.8000000000000003
d,Product,1433,1.6057930839841814,1.1832159566199232,1.9000000000000001
d,Product,1434,1.6903085094570331,1.1832159566199232,2.0000000000000004
d,Product,1435,-1.6903085094570331,1.267731382092775,-2.1428571428571432
d,Product,1436,-1.6057930839841814,1.267731382092775,-2.035714285714286
d,Product,1437,-1.52127765851133,1.267731382092775,-1.928571428571429
d,Product,1438,-1.4367622330384782,1.267731382092775,-1.8214285714285718
d,Product,1439,-1.3522468075656264,1.267731382092775,-1.7142857142857146
d,Product,1440,-1.267731382092775,1.267731382092775,-1.6071428571428577
d,Product,1441,-1.1832159566199232,1.267731382092775,-1.5000000000000002
d,Product,1442,-1.0987005311470714,1.267731382092775,-1.392857142857143
d,Product,1443,-1.01418510567422,1.267731382092775,-1.285714285714286
d,Product,1444,-0.9296696802013682,1.267731382092775,-1.1785714285714288
d,Product,1445,-0.8451542547285166,1.267731382092775,-1.0714285714285716
d,Product,1446,-0.760638829255665,1.267731382092775,-0.9642857142857145
d,Product,1447,-0.6761234037828132,1.267731382092775,-0.8571428571428573
d,Product,1448,-0.5916079783099616,1.267731382092775,-0.7500000000000001
d,Product,1449,-0.50709255283711,1.267731382092775,-0.642857142857143
d,Product,1450,-0.4225771273642583,1.267731382092775,-0.5357142857142858
d,Product,1451,-0.3380617018914066,1.267731382092775,-0.42857142857142866
d,Product,1452,-0.253546276418555,1.267731382092775,-0.3214285714285715
d,Product,1453,-0.1690308509457033,1.267731382092775,-0.21428571428571433
d,Product,1454,-0.08451542547285165,1.267731382092775,-0.10714285714285716
d,Product,1455,0.0,1.267731382092775,3.2076532075584725e-18
d,Product,1456,0.08451542547285165,1.267731382092775,0.10714285714285716
d,Product,1457,0.1690308509457033,1.267731382092775,0.21428571428571433
d,Product,1458,0.253546276418555,1.267731382092775,0.3214285714285715
d,Product,1459,0.3380617018914066,1.267731382092775,0.42857142857142866
d,Product,1460,0.4225771273642583,1.267731382092775,0.5357142857142858
d,Product,1461,0.50709255283711,1.267731382092775,0.642857142857143
d,Product,1462,0.5916079783099616,1.267731382092775,0.7500000000000001
d,Product,1463,0.6761234037828132,1.267731382092775,0.8571428571428573
d,Product,1464,0.760638829255665,1.267731382092775,0.9642857142857145
d,Product,1465,0.8451542547285166,1.267731382092775,1.0714285714285716
d,Product,1466,0.9296696802013682,1.267731382092775,1.1785714285714288
d,Product,1467,1.01418510567422,1.267731382092775,1.285714285714286
d,Product,1468,1.0987005311470714,1.267731382092775,1.392857142857143
d,Product,1469,1.1832159566199232,1.267731382092775,1.5000000000000002
d,Product,1470,1.267731382092775,1.267731382092775,1.6071428571428577
d,Product,1471,1.3522468075656264,1.267731382092775,1.7142857142857146
d,Product,1472,1.4367622330384782,1.267731382092775,1.8214285714285718
d,Product,1473,1.52127765851133,1.267731382092775,1.928571428571429
d,Product,1474,1.6057930839841814,1.267731382092775,2.035714285714286
d,Product,1475,1.6903085094570331,1.267731382092775,2.1428571428571432
d,Product,1476,-1.6903085094570331,1.3522468075656264,-2.285714285714286
d,Product,1477,-1.6057930839841814,1.3522468075656264,-2.1714285714285717
d,Product,1478,-1.52127765851133,1.3522468075656264,-2.0571428571428574
d,Product,1479,-1.4367622330384782,1.3522468075656264,-1.942857142857143
d,Product,1480,-1.3522468075656264,1.3522468075656264,-1.8285714285714285
d,Product,1481,-1.267731382092775,1.3522468075656264,-1.7142857142857144
d,Product,1482,-1.1832159566199232,1.3522468075656264,-1.6
d,Product,1483,-1.0987005311470714,1.3522468075656264,-1.4857142857142858
d,Product,1484,-1.01418510567422,1.3522468075656264,-1.3714285714285717
d,Product,1485,-0.9296696802013682,1.3522468075656264,-1.2571428571428571
d,Product,1486,-0.8451542547285166,1.3522468075656264,-1.142857142857143
d,Product,1487,-0.760638829255665,1.3522468075656264,-1.0285714285714287
d,Product,1488,-0.6761234037828132,1.3522468075656264,-0.9142857142857143
d,Product,1489,-0.5916079783099616,1.3522468075656264,-0.8
d,Product,1490,-0.50709255283711,1.3522468075656264,-0.6857142857142858
d,Product,1491,-0.4225771273642583,1.3522468075656264,-0.5714285714285715
d,Product,1492,-0.3380617018914066,1.3522468075656264,-0.45714285714285713
d,Product,1493,-0.253546276418555,1.3522468075656264,-0.3428571428571429
d,Product,1494,-0.1690308509457033,1.3522468075656264,-0.22857142857142856
d,Product,1495,-0.08451542547285165,1.3522468075656264,-0.11428571428571428
d,Product,1496,0.0,1.3522468075656264,3.3862725461349413e-18
d,Product,1497,0.08451542547285165,1.3522468075656264,0.11428571428571428
d,Product,1498,0.1690308509457033,1.3522468075656264,0.22857142857142856
d,Product,1499,0.253546276418555,1.3522468075656264,0.3428571428571429
d,Product,1500,0.3380617018914066,1.3522468075656264,0.45714285714285713
d,Product,1501,0.4225771273642583,1.3522468075656264,0.5714285714285715
d,Product,1502,0.50709255283711,1.3522468075656264,0.6857142857142858
d,Product,1503,0.5916079783099616,1.3522468075656264,0.8
d,Product,1504,0.6761234037828132,1.3522468075656264,0.9142857142857143
d,Product,1505,0.760638829255665,1.3522468075656264,1.0285714285714287
d,Product,1506,0.8451542547285166,1.3522468075656264,1.142857142857143
d,Product,1507,0.9296696802013682,1.3522468075656264,1.2571428571428571
d,Product,1508,1.01418510567422,1.3522468075656264,1.3714285714285717
d,Product,1509,1.0987005311470714,1.3522468075656264,1.4857142857142858
d,Product,1510,1.1832159566199232,1.3522468075656264,1.6
d,Product,1511,1.267731382092775,1.3522468075656264,1.7142857142857144
d,Product,1512,1.3522468075656264,1.3522468075656264,1.8285714285714285
d,Product,1513,1.4367622330384782,1.3522468075656264,1.942857142857143
d,Product,1514,1.52127765851133,1.3522468075656264,2.0571428571428574
d,Product,1515,1.6057930839841814,1.3522468075656264,2.1714285714285717
d,Product,1516,1.6903085094570331,1.3522468075656264,2.285714285714286
d,Product,1517,-1.6903085094570331,1.4367622330384782,-2.428571428571429
d,Product,1518,-1.6057930839841814,1.4367622330384782,-2.3071428571428574
d,Product,1519,-1.52127765851133,1.4367622330384782,-2.185714285714286
d,Product,1520,-1.4367622330384782,1.4367622330384782,-2.0642857142857145
d,Product,1521,-1.3522468075656264,1.4367622330384782,-1.942857142857143
d,Product,1522,-1.267731382092775,1.4367622330384782,-1.8214285714285718
d,Product,1523,-1.1832159566199232,1.4367622330384782,-1.7000000000000002
d,Product,1524,-1.0987005311470714,1.4367622330384782,-1.5785714285714287
d,Product,1525,-1.01418510567422,1.4367622330384782,-1.4571428571428575
d,Product,1526,-0.9296696802013682,1.4367622330384782,-1.3357142857142859
d,Product,1527,-0.8451542547285166,1.4367622330384782,-1.2142857142857144
d,Product,1528,-0.760638829255665,1.4367622330384782,-1.092857142857143
d,Product,1529,-0.6761234037828132,1.4367622330384782,-0.9714285714285715
d,Product,1530,-0.5916079783099616,1.4367622330384782,-0.8500000000000001
d,Product,1531,-0.50709255283711,1.4367622330384782,-0.7285714285714288
d,Product,1532,-0.4225771273642583,1.4367622330384782,-0.6071428571428572
d,Product,1533,-0.3380617018914066,1.4367622330384782,-0.48571428571428577
d,Product,1534,-0.253546276418555,1.4367622330384782,-0.3642857142857144
d,Product,1535,-0.1690308509457033,1.4367622330384782,-0.24285714285714288
d,Product,1536,-0.08451542547285165,1.4367622330384782,-0.12142857142857144
d,Product,1537,0.0,1.4367622330384782,3.56489188471141e-18
d,Product,1538,0.08451542547285165,1.4367622330384782,0.12142857142857144
d,Product,1539,0.1690308509457033,1.4367622330384782,0.24285714285714288
d,Product,1540,0.253546276418555,1.4367622330384782,0.3642857142857144
d,Product,1541,0.3380617018914066,1.4367622330384782,0.48571428571428577
d,Product,1542,0.4225771273642583,1.4367622330384782,0.6071428571428572
d,Product,1543,0.50709255283711,1.4367622330384782,0.7285714285714288
d,Product,1544,0.5916079783099616,1.4367622330384782,0.8500000000000001
d,Product,1545,0.6761234037828132,1.4367622330384782,0.9714285714285715
d,Product,1546,0.760638829255665,1.4367622330384782,1.092857142857143
d,Product,1547,0.8451542547285166,1.4367622330384782,1.2142857142857144
d,Product,1548,0.9296696802013682,1.4367622330384782,1.3357142857142859
d,Product,1549,1.01418510567422,1.4367622330384782,1.4571428571428575
d,Product,1550,1.0987005311470714,1.4367622330384782,1.5785714285714287
d,Product,1551,1.1832159566199232,1.4367622330384782,1.7000000000000002
d,Product,1552,1.267731382092775,1.4367622330384782,1.8214285714285718
d,Product,1553,1.3522468075656264,1.4367622330384782,1.942857142857143
d,Product,1554,1.4367622330384782,1.4367622330384782,2.0642857142857145
d,Product,1555,1.52127765851133,1.4367622330384782,2.185714285714286
d,Product,1556,1.6057930839841814,1.4367622330384782,2.3071428571428574
d,Product,1557,1.6903085094570331,1.4367622330384782,2.428571428571429
d,Product,1558,-1.6903085094570331,1.52127765851133,-2.571428571428572
d,Product,1559,-1.6057930839841814,1.52127765851133,-2.442857142857143
d,Product,1560,-1.52127765851133,1.52127765851133,-2.314285714285715
d,Product,1561,-1.4367622330384782,1.52127765851133,-2.185714285714286
d,Product,1562,-1.3522468075656264,1.52127765851133,-2.0571428571428574
d,Product,1563,-1.267731382092775,1.52127765851133,-1.928571428571429
d,Product,1564,-1.1832159566199232,1.52127765851133,-1.8000000000000003
d,Product,1565,-1.0987005311470714,1.52127765851133,-1.6714285714285715
d,Product,1566,-1.01418510567422,1.52127765851133,-1.5428571428571431
d,Product,1567,-0.9296696802013682,1.52127765851133,-1.4142857142857146
d,Product,1568,-0.8451542547285166,1.52127765851133,-1.285714285714286
d,Product,1569,-0.760638829255665,1.52127765851133,-1.1571428571428575
d,Product,1570,-0.6761234037828132,1.52127765851133,-1.0285714285714287
d,Product,1571,-0.5916079783099616,1.52127765851133,-0.9000000000000001
d,Product,1572,-0.50709255283711,1.52127765851133,-0.7714285714285716
d,Product,1573,-0.4225771273642583,1.52127765851133,-0.642857142857143
d,Product,1574,-0.3380617018914066,1.52127765851133,-0.5142857142857143
d,Product,1575,-0.253546276418555,1.52127765851133,-0.3857142857142858
d,Product,1576,-0.1690308509457033,1.52127765851133,-0.2571428571428572
d,Product,1577,-0.08451542547285165,1.52127765851133,-0.1285714285714286
d,Product,1578,0.0,1.52127765851133,3.743511223287879e-18
d,Product,1579,0.08451542547285165,1.52127765851133,0.1285714285714286
d,Product,1580,0.1690308509457033,1.52127765851133,0.2571428571428572
d,Product,1581,0.253546276418555,1.52127765851133,0.3857142857142858
d,Product,1582,0.3380617018914066,1.52127765851133,0.5142857142857143
d,Product,1583,0.4225771273642583,1.52127765851133,0.642857142857143
d,Product,1584,0.50709255283711,1.52127765851133,0.7714285714285716
d,Product,1585,0.5916079783099616,1.52127765851133,0.9000000000000001
d,Product,1586,0.6761234037828132,1.52127765851133,1.0285714285714287
d,Product,1587,0.760638829255665,1.52127765851133,1.1571428571428575
d,Product,1588,0.8451542547285166,1.52127765851133,1.285714285714286
d,Product,1589,0.9296696802013682,1.52127765851133,1.4142857142857146
d,Product,1590,1.01418510567422,1.52127765851133,1.5428571428571431
d,Product,1591,1.0987005311470714,1.52127765851133,1.6714285714285715
d,Product,1592,1.1832159566199232,1.52127765851133,1.8000000000000003
d,Product,1593,1.267731382092775,1.52127765851133,1.928571428571429
d,Product,1594,1.3522468075656264,1.52127765851133,2.0571428571428574
d,Product,1595,1.4367622330384782,1.52127765851133,2.185714285714286
d,Product,1596,1.52127765851133,1.52127765851133,2.314285714285715
d,Product,1597,1.6057930839841814,1.52127765851133,2.442857142857143
d,Product,1598,1.6903085094570331,1.52127765851133,2.571428571428572
d,Product,1599,-1.6903085094570331,1.6057930839841814,-2.7142857142857144
d,Product,1600,-1.6057930839841814,1.6057930839841814,-2.5785714285714287
d,Product,1601,-1.52127765851133,1.6057930839841814,-2.442857142857143
d,Product,1602,-1.4367622330384782,1.6057930839841814,-2.3071428571428574
d,Product,1603,-1.3522468075656264,1.6057930839841814,-2.1714285714285713
d,Product,1604,-1.267731382092775,1.6057930839841814,-2.035714285714286
d,Product,1605,-1.1832159566199232,1.6057930839841814,-1.9000000000000001
d,Product,1606,-1.0987005311470714,1.6057930839841814,-1.7642857142857142
d,Product,1607,-1.01418510567422,1.6057930839841814,-1.6285714285714288
d,Product,1608,-0.9296696802013682,1.6057930839841814,-1.4928571428571429
d,Product,1609,-0.8451542547285166,1.6057930839841814,-1.3571428571428572
d,Product,1610,-0.760638829255665,1.6057930839841814,-1.2214285714285715
d,Product,1611,-0.6761234037828132,1.6057930839841814,-1.0857142857142856
d,Product,1612,-0.5916079783099616,1.6057930839841814,-0.9500000000000001
d,Product,1613,-0.50709255283711,1.6057930839841814,-0.8142857142857144
d,Product,1614,-0.4225771273642583,1.6057930839841814,-0.6785714285714286
d,Product,1615,-0.3380617018914066,1.6057930839841814,-0.5428571428571428
d,Product,1616,-0.253546276418555,1.6057930839841814,-0.4071428571428572
d,Product,1617,-0.1690308509457033,1.6057930839841814,-0.2714285714285714
d,Product,1618,-0.08451542547285165,1.6057930839841814,-0.1357142857142857
d,Product,1619,0.0,1.6057930839841814,3.922130561864348e-18
d,Product,1620,0.08451542547285165,1.6057930839841814,0.1357142857142857
d,Product,1621,0.1690308509457033,1.6057930839841814,0.2714285714285714
d,Product,1622,0.253546276418555,1.6057930839841814,0.4071428571428572
d,Product,1623,0.3380617018914066,1.6057930839841814,0.5428571428571428
d,Product,1624,0.4225771273642583,1.6057930839841814,0.6785714285714286
d,Product,1625,0.50709255283711,1.6057930839841814,0.8142857142857144
d,Product,1626,0.5916079783099616,1.6057930839841814,0.9500000000000001
d,Product,1627,0.6761234037828132,1.6057930839841814,1.0857142857142856
d,Product,1628,0.760638829255665,1.6057930839841814,1.2214285714285715
d,Product,1629,0.8451542547285166,1.6057930839841814,1.3571428571428572
d,Product,1630,0.9296696802013682,1.6057930839841814,1.4928571428571429
d,Product,1631,1.01418510567422,1.6057930839841814,1.6285714285714288
d,Product,1632,1.0987005311470714,1.6057930839841814,1.7642857142857142
d,Product,1633,1.1832159566199232,1.6057930839841814,1.9000000000000001
d,Product,1634,1.267731382092775,1.6057930839841814,2.035714285714286
d,Product,1635,1.3522468075656264,1.6057930839841814,2.1714285714285713
d,Product,1636,1.4367622330384782,1.6057930839841814,2.3071428571428574
d,Product,1637,1.52127765851133,1.6057930839841814,2.442857142857143
d,Product,1638,1.6057930839841814,1.6057930839841814,2.5785714285714287
d,Product,1639,1.6903085094570331,1.6057930839841814,2.7142857142857144
d,Product,1640,-1.6903085094570331,1.6903085094570331,-2.8571428571428577
d,Product,1641,-1.6057930839841814,1.6903085094570331,-2.7142857142857144
d,Product,1642,-1.52127765851133,1.6903085094570331,-2.571428571428572
d,Product,1643,-1.4367622330384782,1.6903085094570331,-2.428571428571429
d,Product,1644,-1.3522468075656264,1.6903085094570331,-2.285714285714286
d,Product,1645,-1.267731382092775,1.6903085094570331,-2.1428571428571432
d,Product,1646,-1.1832159566199232,1.6903085094570331,-2.0
d,Product,1647,-1.0987005311470714,1.6903085094570331,-1.8571428571428572
d,Product,1648,-1.01418510567422,1.6903085094570331,-1.7142857142857146
d,Product,1649,-0.9296696802013682,1.6903085094570331,-1.5714285714285716
d,Product,1650,-0.8451542547285166,1.6903085094570331,-1.4285714285714288
d,Product,1651,-0.760638829255665,1.6903085094570331,-1.285714285714286
d,Product,1652,-0.6761234037828132,1.6903085094570331,-1.142857142857143
d,Product,1653,-0.5916079783099616,1.6903085094570331,-1.0
d,Product,1654,-0.50709255283711,1.6903085094570331,-0.8571428571428573
d,Product,1655,-0.4225771273642583,1.6903085094570331,-0.7142857142857144
d,Product,1656,-0.3380617018914066,1.6903085094570331,-0.5714285714285715
d,Product,1657,-0.253546276418555,1.6903085094570331,-0.42857142857142866
d,Product,1658,-0.1690308509457033,1.6903085094570331,-0.28571428571428575
d,Product,1659,-0.08451542547285165,1.6903085094570331,-0.14285714285714288
d,Product,1660,0.0,1.6903085094570331,4.100749900440817e-18
d,Product,1661,0.08451542547285165,1.6903085094570331,0.14285714285714288
d,Product,1662,0.1690308509457033,1.6903085094570331,0.28571428571428575
d,Product,1663,0.253546276418555,1.6903085094570331,0.42857142857142866
d,Product,1664,0.3380617018914066,1.6903085094570331,0.5714285714285715
d,Product,1665,0.4225771273642583,1.6903085094570331,0.7142857142857144
d,Product,1666,0.50709255283711,1.6903085094570331,0.8571428571428573
d,Product,1667,0.5916079783099616,1.6903085094570331,1.0
d,Product,1668,0.6761234037828132,1.6903085094570331,1.142857142857143
d,Product,1669,0.760638829255665,1.6903085094570331,1.285714285714286
d,Product,1670,0.8451542547285166,1.6903085094570331,1.4285714285714288
d,Product,1671,0.9296696802013682,1.6903085094570331,1.5714285714285716
d,Product,1672,1.01418510567422,1.6903085094570331,1.7142857142857146
d,Product,1673,1.0987005311470714,1.6903085094570331,1.8571428571428572
d,Product,1674,1.1832159566199232,1.6903085094570331,2.0
d,Product,1675,1.267731382092775,1.6903085094570331,2.1428571428571432
d,Product,1676,1.3522468075656264,1.6903085094570331,2.285714285714286
d,Product,1677,1.4367622330384782,1.6903085094570331,2.428571428571429
d,Product,1678,1.52127765851133,1.6903085094570331,2.571428571428572
d,Product,1679,1.6057930839841814,1.6903085094570331,2.7142857142857144
d,Product,1680,1.6903085094570331,1.6903085094570331,2.8571428571428577
e,Threshold,0,-1.6903085094570331,-1.6903085094570331,-0.5771212982231788
e,Threshold,1,-1.6057930839841814,-1.6903085094570331,-0.5771212982231788
e,Threshold,2,-1.52127765851133,-1.6903085094570331,-0.5771212982231788
e,Threshold,3,-1.4367622330384782,-1.6903085094570331,-0.5771212982231788
e,Threshold,4,-1.3522468075656264,-1.6903085094570331,-0.5771212982231788
e,Threshold,5,-1.267731382092775,-1.6903085094570331,-0.5771212982231788
e,Threshold,6,-1.1832159566199232,-1.6903085094570331,-0.5771212982231788
e,Threshold,7,-1.0987005311470714,-1.6903085094570331,-0.5771212982231788
e,Threshold,8,-1.01418510567422,-1.6903085094570331,-0.5771212982231788
e,Threshold,9,-0.9296696802013682,-1.6903085094570331,-0.5771212982231788
e,Threshold,10,-0.8451542547285166,-1.6903085094570331,-0.5771212982231788
e,Threshold,11,-0.760638829255665,-1.6903085094570331,-0.5771212982231788
e,Threshold,12,-0.6761234037828132,-1.6903085094570331,-0.5771212982231788
e,Threshold,13,-0.5916079783099616,-1.6903085094570331,-0.5771212982231788
e,Threshold,14,-0.50709255283711,-1.6903085094570331,-0.5771212982231788
e,Threshold,15,-0.4225771273642583,-1.6903085094570331,-0.5771212982231788
e,Threshold,16,-0.3380617018914066,-1.6903085094570331,-0.5771212982231788
e,Threshold,17,-0.253546276418555,-1.6903085094570331,-0.5771212982231788
e,Threshold,18,-0.1690308509457033,-1.6903085094570331,-0.5771212982231788
e,Threshold,19,-0.08451542547285165,-1.6903085094570331,-0.5771212982231788
e,Threshold,20,0.0,-1.6903085094570331,-0.5771212982231788
e,Threshold,21,0.08451542547285165,-1.6903085094570331,-0.5771212982231788
e,Threshold,22,0.1690308509457033,-1.6903085094570331,-0.5771212982231788
e,Threshold,23,0.253546276418555,-1.6903085094570331,-0.5771212982231788
e,Threshold,24,0.3380617018914066,-1.6903085094570331,-0.5771212982231788
e,Threshold,25,0.4225771273642583,-1.6903085094570331,-0.5771212982231788
e,Threshold,26,0.50709255283711,-1.6903085094570331,-0.5771212982231788
e,Threshold,27,0.5916079783099616,-1.6903085094570331,-0.5771212982231788
e,Threshold,28,0.6761234037828132,-1.6903085094570331,-0.5771212982231788
e,Threshold,29,0.760638829255665,-1.6903085094570331,-0.5771212982231788
e,Threshold,30,0.8451542547285166,-1.6903085094570331,-0.5771212982231788
e,Threshold,31,0.9296696802013682,-1.6903085094570331,-0.5771212982231788
e,Threshold,32,1.01418510567422,-1.6903085094570331,-0.5771212982231788
e,Threshold,33,1.0987005311470714,-1.6903085094570331,-0.5771212982231788
e,Threshold,34,1.1832159566199232,-1.6903085094570331,-0.5771212982231788
e,Threshold,35,1.267731382092775,-1.6903085094570331,-0.5771212982231788
e,Threshold,36,1.3522468075656264,-1.6903085094570331,-0.5771212982231788
e,Threshold,37,1.4367622330384782,-1.6903085094570331,-0.5771212982231788
e,Threshold,38,1.52127765851133,-1.6903085094570331,-0.5771212982231788
e,Threshold,39,1.6057930839841814,-1.6903085094570331,-0.5771212982231788
e,Threshold,40,1.6903085094570331,-1.6903085094570331,-0.5771212982231788
e,Threshold,41,-1.6903085094570331,-1.6057930839841814,-0.5771212982231788
e,Threshold,42,-1.6057930839841814,-1.6057930839841814,-0.5771212982231788
e,Threshold,43,-1.52127765851133,-1.6057930839841814,-0.5771212982231788
e,Threshold,44,-1.4367622330384782,-1.6057930839841814,-0.5771212982231788
e,Threshold,45,-1.3522468075656264,-1.6057930839841814,-0.5771212982231788
e,Threshold,46,-1.267731382092775,-1.6057930839841814,-0.5771212982231788
e,Threshold,47,-1.1832159566199232,-1.6057930839841814,-0.5771212982231788
e,Threshold,48,-1.0987005311470714,-1.6057930839841814,-0.5771212982231788
e,Threshold,49,-1.01418510567422,-1.6057930839841814,-0.5771212982231788
e,Threshold,50,-0.9296696802013682,-1.6057930839841814,-0.5771212982231788
e,Threshold,51,-0.8451542547285166,-1.6057930839841814,-0.5771212982231788
e,Threshold,52,-0.760638829255665,-1.6057930839841814,-0.5771212982231788
e,Threshold,53,-0.6761234037828132,-1.6057930839841814,-0.5771212982231788
e,Threshold,54,-0.5916079783099616,-1.6057930839841814,-0.5771212982231788
e,Threshold,55,-0.50709255283711,-1.6057930839841814,-0.5771212982231788
e,Threshold,56,-0.4225771273642583,-1.6057930839841814,-0.5771212982231788
e,Threshold,57,-0.3380617018914066,-1.6057930839841814,-0.5771212982231788
e,Threshold,58,-0.253546276418555,-1.6057930839841814,-0.5771212982231788
e,Threshold,59,-0.1690308509457033,-1.6057930839841814,-0.5771212982231788
e,Threshold,60,-0.08451542547285165,-1.6057930839841814,-0.5771212982231788
e,Threshold,61,0.0,-1.6057930839841814,-0.5771212982231788
e,Threshold,62,0.08451542547285165,-1.6057930839841814,-0.5771212982231788
e,Threshold,63,0.1690308509457033,-1.6057930839841814,-0.5771212982231788
e,Threshold,64,0.253546276418555,-1.6057930839841814,-0.5771212982231788
e,Threshold,65,0.3380617018914066,-1.6057930839841814,-0.5771212982231788
e,Threshold,66,0.4225771273642583,-1.6057930839841814,-0.5771212982231788
e,Threshold,67,0.50709255283711,-1.6057930839841814,-0.5771212982231788
e,Threshold,68,0.5916079783099616,-1.6057930839841814,-0.5771212982231788
e,Threshold,69,0.6761234037828132,-1.6057930839841814,-0.5771212982231788
e,Threshold,70,0.760638829255665,-1.6057930839841814,-0.5771212982231788
e,Threshold,71,0.8451542547285166,-1.6057930839841814,-0.5771212982231788
e,Threshold,72,0.9296696802013682,-1.6057930839841814,-0.5771212982231788
e,Threshold,73,1.01418510567422,-1.6057930839841814,-0.5771212982231788
e,Threshold,74,1.0987005311470714,-1.6057930839841814,-0.5771212982231788
e,Threshold,75,1.1832159566199232,-1.6057930839841814,-0.5771212982231788
e,Threshold,76,1.267731382092775,-1.6057930839841814,-0.5771212982231788
e,Threshold,77,1.3522468075656264,-1.6057930839841814,-0.5771212982231788
e,Threshold,78,1.4367622330384782,-1.6057930839841814,-0.5771212982231788
e,Threshold,79,1.52127765851133,-1.6057930839841814,-0.5771212982231788
e,Threshold,80,1.6057930839841814,-1.6057930839841814,-0.5771212982231788
e,Threshold,81,1.6903085094570331,-1.6057930839841814,-0.5771212982231788
e,Threshold,82,-1.6903085094570331,-1.52127765851133,-0.5771212982231788
e,Threshold,83,-1.6057930839841814,-1.52127765851133,-0.5771212982231788
e,Threshold,84,-1.52127765851133,-1.52127765851133,-0.5771212982231788
e,Threshold,85,-1.4367622330384782,-1.52127765851133,-0.5771212982231788
e,Threshold,86,-1.3522468075656264,-1.52127765851133,-0.5771212982231788
e,Threshold,87,-1.267731382092775,-1.52127765851133,-0.5771212982231788
e,Threshold,88,-1.1832159566199232,-1.52127765851133,-0.5771212982231788
e,Threshold,89,-1.0987005311470714,-1.52127765851133,-0.5771212982231788
e,Threshold,90,-1.01418510567422,-1.52127765851133,-0.5771212982231788
e,Threshold,91,-0.9296696802013682,-1.52127765851133,-0.5771212982231788
e,Threshold,92,-0.8451542547285166,-1.52127765851133,-0.5771212982231788
e,Threshold,93,-0.760638829255665,-1.52127765851133,-0.5771212982231788
e,Threshold,94,-0.6761234037828132,-1.52127765851133,-0.5771212982231788
e,Threshold,95,-0.5916079783099616,-1.52127765851133,-0.5771212982231788
e,Threshold,96,-0.50709255283711,-1.52127765851133,-0.5771212982231788
e,Threshold,97,-0.4225771273642583,-1.52127765851133,-0.5771212982231788
e,Threshold,98,-0.3380617018914066,-1.52127765851133,-0.5771212982231788
e,Threshold,99,-0.253546276418555,-1.52127765851133,-0.5771212982231788
e,Threshold,100,-0.1690308509457033,-1.52127765851133,-0.5771212982231788
e,Threshold,101,-0.08451542547285165,-1.52127765851133,-0.5771212982231788
e,Threshold,102,0.0,-1.52127765851133,-0.5771212982231788
e,Threshold,103,0.08451542547285165,-1.52127765851133,-0.5771212982231788
e,Threshold,104,0.1690308509457033,-1.52127765851133,-0.5771212982231788
e,Threshold,105,0.253546276418555,-1.52127765851133,-0.5771212982231788
e,Threshold,106,0.3380617018914066,-1.52127765851133,-0.5771212982231788
e,Threshold,107,0.4225771273642583,-1.52127765851133,-0.5771212982231788
e,Threshold,108,0.50709255283711,-1.52127765851133,-0.5771212982231788
e,Threshold,109,0.5916079783099616,-1.52127765851133,-0.5771212982231788
e,Threshold,110,0.6761234037828132,-1.52127765851133,-0.5771212982231788
e,Threshold,111,0.760638829255665,-1.52127765851133,-0.5771212982231788
e,Threshold,112,0.8451542547285166,-1.52127765851133,-0.5771212982231788
e,Threshold,113,0.9296696802013682,-1.52127765851133,-0.5771212982231788
e,Threshold,114,1.01418510567422,-1.52127765851133,-0.5771212982231788
e,Threshold,115,1.0987005311470714,-1.52127765851133,-0.5771212982231788
e,Threshold,116,1.1832159566199232,-1.52127765851133,-0.5771212982231788
e,Threshold,117,1.267731382092775,-1.52127765851133,-0.5771212982231788
e,Threshold,118,1.3522468075656264,-1.52127765851133,-0.5771212982231788
e,Threshold,119,1.4367622330384782,-1.52127765851133,-0.5771212982231788
e,Threshold,120,1.52127765851133,-1.52127765851133,-0.5771212982231788
e,Threshold,121,1.6057930839841814,-1.52127765851133,-0.5771212982231788
e,Threshold,122,1.6903085094570331,-1.52127765851133,-0.5771212982231788
e,Threshold,123,-1.6903085094570331,-1.4367622330384782,-0.5771212982231788
e,Threshold,124,-1.6057930839841814,-1.4367622330384782,-0.5771212982231788
e,Threshold,125,-1.52127765851133,-1.4367622330384782,-0.5771212982231788
e,Threshold,126,-1.4367622330384782,-1.4367622330384782,-0.5771212982231788
e,Threshold,127,-1.3522468075656264,-1.4367622330384782,-0.5771212982231788
e,Threshold,128,-1.267731382092775,-1.4367622330384782,-0.5771212982231788
e,Threshold,129,-1.1832159566199232,-1.4367622330384782,-0.5771212982231788
e,Threshold,130,-1.0987005311470714,-1.4367622330384782,-0.5771212982231788
e,Threshold,131,-1.01418510567422,-1.4367622330384782,-0.5771212982231788
e,Threshold,132,-0.9296696802013682,-1.4367622330384782,-0.5771212982231788
e,Threshold,133,-0.8451542547285166,-1.4367622330384782,-0.5771212982231788
e,Threshold,134,-0.760638829255665,-1.4367622330384782,-0.5771212982231788
e,Threshold,135,-0.6761234037828132,-1.4367622330384782,-0.5771212982231788
e,Threshold,136,-0.5916079783099616,-1.4367622330384782,-0.5771212982231788
e,Threshold,137,-0.50709255283711,-1.4367622330384782,-0.5771212982231788
e,Threshold,138,-0.4225771273642583,-1.4367622330384782,-0.5771212982231788
e,Threshold,139,-0.3380617018914066,-1.4367622330384782,-0.5771212982231788
e,Threshold,140,-0.253546276418555,-1.4367622330384782,-0.5771212982231788
e,Threshold,141,-0.1690308509457033,-1.4367622330384782,-0.5771212982231788
e,Threshold,142,-0.08451542547285165,-1.4367622330384782,-0.5771212982231788
e,Threshold,143,0.0,-1.4367622330384782,-0.5771212982231788
e,Threshold,144,0.08451542547285165,-1.4367622330384782,-0.5771212982231788
e,Threshold,145,0.1690308509457033,-1.4367622330384782,-0.5771212982231788
e,Threshold,146,0.253546276418555,-1.4367622330384782,-0.5771212982231788
e,Threshold,147,0.3380617018914066,-1.4367622330384782,-0.5771212982231788
e,Threshold,148,0.4225771273642583,-1.4367622330384782,-0.5771212982231788
e,Threshold,149,0.50709255283711,-1.4367622330384782,-0.5771212982231788
e,Threshold,150,0.5916079783099616,-1.4367622330384782,-0.5771212982231788
e,Threshold,151,0.6761234037828132,-1.4367622330384782,-0.5771212982231788
e,Threshold,152,0.760638829255665,-1.4367622330384782,-0.5771212982231788
e,Threshold,153,0.8451542547285166,-1.4367622330384782,-0.5771212982231788
e,Threshold,154,0.9296696802013682,-1.4367622330384782,-0.5771212982231788
e,Threshold,155,1.01418510567422,-1.4367622330384782,-0.5771212982231788
e,Threshold,156,1.0987005311470714,-1.4367622330384782,-0.5771212982231788
e,Threshold,157,1.1832159566199232,-1.4367622330384782,-0.5771212982231788
e,Threshold,158,1.267731382092775,-1.4367622330384782,-0.5771212982231788
e,Threshold,159,1.3522468075656264,-1.4367622330384782,-0.5771212982231788
e,Threshold,160,1.4367622330384782,-1.4367622330384782,-0.5771212982231788
e,Threshold,161,1.52127765851133,-1.4367622330384782,-0.5771212982231788
e,Threshold,162,1.6057930839841814,-1.4367622330384782,-0.5771212982231788
e,Threshold,163,1.6903085094570331,-1.4367622330384782,-0.5771212982231788
e,Threshold,164,-1.6903085094570331,-1.3522468075656264,-0.5771212982231788
e,Threshold,165,-1.6057930839841814,-1.3522468075656264,-0.5771212982231788
e,Threshold,166,-1.52127765851133,-1.3522468075656264,-0.5771212982231788
e,Threshold,167,-1.4367622330384782,-1.3522468075656264,-0.5771212982231788
e,Threshold,168,-1.3522468075656264,-1.3522468075656264,-0.5771212982231788
e,Threshold,169,-1.267731382092775,-1.3522468075656264,-0.5771212982231788
e,Threshold,170,-1.1832159566199232,-1.3522468075656264,-0.5771212982231788
e,Threshold,171,-1.0987005311470714,-1.3522468075656264,-0.5771212982231788
e,Threshold,172,-1.01418510567422,-1.3522468075656264,-0.5771212982231788
e,Threshold,173,-0.9296696802013682,-1.3522468075656264,-0.5771212982231788
e,Threshold,174,-0.8451542547285166,-1.3522468075656264,-0.5771212982231788
e,Threshold,175,-0.760638829255665,-1.3522468075656264,-0.5771212982231788
e,Threshold,176,-0.6761234037828132,-1.3522468075656264,-0.5771212982231788
e,Threshold,177,-0.5916079783099616,-1.3522468075656264,-0.5771212982231788
e,Threshold,178,-0.50709255283711,-1.3522468075656264,-0.5771212982231788
e,Threshold,179,-0.4225771273642583,-1.3522468075656264,-0.5771212982231788
e,Threshold,180,-0.3380617018914066,-1.3522468075656264,-0.5771212982231788
e,Threshold,181,-0.253546276418555,-1.3522468075656264,-0.5771212982231788
e,Threshold,182,-0.1690308509457033,-1.3522468075656264,-0.5771212982231788
e,Threshold,183,-0.08451542547285165,-1.3522468075656264,-0.5771212982231788
e,Threshold,184,0.0,-1.3522468075656264,-0.5771212982231788
e,Threshold,185,0.08451542547285165,-1.3522468075656264,-0.5771212982231788
e,Threshold,186,0.1690308509457033,-1.3522468075656264,-0.5771212982231788
e,Threshold,187,0.253546276418555,-1.3522468075656264,-0.5771212982231788
e,Threshold,188,0.3380617018914066,-1.3522468075656264,-0.5771212982231788
e,Threshold,189,0.4225771273642583,-1.3522468075656264,-0.5771212982231788
e,Threshold,190,0.50709255283711,-1.3522468075656264,-0.5771212982231788
e,Threshold,191,0.5916079783099616,-1.3522468075656264,-0.5771212982231788
e,Threshold,192,0.6761234037828132,-1.3522468075656264,-0.5771212982231788
e,Threshold,193,0.760638829255665,-1.3522468075656264,-0.5771212982231788
e,Threshold,194,0.8451542547285166,-1.3522468075656264,-0.5771212982231788
e,Threshold,195,0.9296696802013682,-1.3522468075656264,-0.5771212982231788
e,Threshold,196,1.01418510567422,-1.3522468075656264,-0.5771212982231788
e,Threshold,197,1.0987005311470714,-1.3522468075656264,-0.5771212982231788
e,Threshold,198,1.1832159566199232,-1.3522468075656264,-0.5771212982231788
e,Threshold,199,1.267731382092775,-1.3522468075656264,-0.5771212982231788
e,Threshold,200,1.3522468075656264,-1.3522468075656264,-0.5771212982231788
e,Threshold,201,1.4367622330384782,-1.3522468075656264,-0.5771212982231788
e,Threshold,202,1.52127765851133,-1.3522468075656264,-0.5771212982231788
e,Threshold,203,1.6057930839841814,-1.3522468075656264,-0.5771212982231788
e,Threshold,204,1.6903085094570331,-1.3522468075656264,-0.5771212982231788
e,Threshold,205,-1.6903085094570331,-1.267731382092775,-0.5771212982231788
e,Threshold,206,-1.6057930839841814,-1.267731382092775,-0.5771212982231788
e,Threshold,207,-1.52127765851133,-1.267731382092775,-0.5771212982231788
e,Threshold,208,-1.4367622330384782,-1.267731382092775,-0.5771212982231788
e,Threshold,209,-1.3522468075656264,-1.267731382092775,-0.5771212982231788
e,Threshold,210,-1.267731382092775,-1.267731382092775,-0.5771212982231788
e,Threshold,211,-1.1832159566199232,-1.267731382092775,-0.5771212982231788
e,Threshold,212,-1.0987005311470714,-1.267731382092775,-0.5771212982231788
e,Threshold,213,-1.01418510567422,-1.267731382092775,-0.5771212982231788
e,Threshold,214,-0.9296696802013682,-1.267731382092775,-0.5771212982231788
e,Threshold,215,-0.8451542547285166,-1.267731382092775,-0.5771212982231788
e,Threshold,216,-0.760638829255665,-1.267731382092775,-0.5771212982231788
e,Threshold,217,-0.6761234037828132,-1.267731382092775,-0.5771212982231788
e,Threshold,218,-0.5916079783099616,-1.267731382092775,-0.5771212982231788
e,Threshold,219,-0.50709255283711,-1.267731382092775,-0.5771212982231788
e,Threshold,220,-0.4225771273642583,-1.267731382092775,-0.5771212982231788
e,Threshold,221,-0.3380617018914066,-1.267731382092775,-0.5771212982231788
e,Threshold,222,-0.253546276418555,-1.267731382092775,-0.5771212982231788
e,Threshold,223,-0.1690308509457033,-1.267731382092775,-0.5771212982231788
e,Threshold,224,-0.08451542547285165,-1.267731382092775,-0.5771212982231788
e,Threshold,225,0.0,-1.267731382092775,-0.5771212982231788
e,Threshold,226,0.08451542547285165,-1.267731382092775,-0.5771212982231788
e,Threshold,227,0.1690308509457033,-1.267731382092775,-0.5771212982231788
e,Threshold,228,0.253546276418555,-1.267731382092775,-0.5771212982231788
e,Threshold,229,0.3380617018914066,-1.267731382092775,-0.5771212982231788
e,Threshold,230,0.4225771273642583,-1.267731382092775,-0.5771212982231788
e,Threshold,231,0.50709255283711,-1.267731382092775,-0.5771212982231788
e,Threshold,232,0.5916079783099616,-1.267731382092775,-0.5771212982231788
e,Threshold,233,0.6761234037828132,-1.267731382092775,-0.5771212982231788
e,Threshold,234,0.760638829255665,-1.267731382092775,-0.5771212982231788
e,Threshold,235,0.8451542547285166,-1.267731382092775,-0.5771212982231788
e,Threshold,236,0.9296696802013682,-1.267731382092775,-0.5771212982231788
e,Threshold,237,1.01418510567422,-1.267731382092775,-0.5771212982231788
e,Threshold,238,1.0987005311470714,-1.267731382092775,-0.5771212982231788
e,Threshold,239,1.1832159566199232,-1.267731382092775,-0.5771212982231788
e,Threshold,240,1.267731382092775,-1.267731382092775,-0.5771212982231788
e,Threshold,241,1.3522468075656264,-1.267731382092775,-0.5771212982231788
e,Threshold,242,1.4367622330384782,-1.267731382092775,-0.5771212982231788
e,Threshold,243,1.52127765851133,-1.267731382092775,-0.5771212982231788
e,Threshold,244,1.6057930839841814,-1.267731382092775,-0.5771212982231788
e,Threshold,245,1.6903085094570331,-1.267731382092775,-0.5771212982231788
e,Threshold,246,-1.6903085094570331,-1.1832159566199232,-0.5771212982231788
e,Threshold,247,-1.6057930839841814,-1.1832159566199232,-0.5771212982231788
e,Threshold,248,-1.52127765851133,-1.1832159566199232,-0.5771212982231788
e,Threshold,249,-1.4367622330384782,-1.1832159566199232,-0.5771212982231788
e,Threshold,250,-1.3522468075656264,-1.1832159566199232,-0.5771212982231788
e,Threshold,251,-1.267731382092775,-1.1832159566199232,-0.5771212982231788
e,Threshold,252,-1.1832159566199232,-1.1832159566199232,-0.5771212982231788
e,Threshold,253,-1.0987005311470714,-1.1832159566199232,-0.5771212982231788
e,Threshold,254,-1.01418510567422,-1.1832159566199232,-0.5771212982231788
e,Threshold,255,-0.9296696802013682,-1.1832159566199232,-0.5771212982231788
e,Threshold,256,-0.8451542547285166,-1.1832159566199232,-0.5771212982231788
e,Threshold,257,-0.760638829255665,-1.1832159566199232,-0.5771212982231788
e,Threshold,258,-0.6761234037828132,-1.1832159566199232,-0.5771212982231788
e,Threshold,259,-0.5916079783099616,-1.1832159566199232,-0.5771212982231788
e,Threshold,260,-0.50709255283711,-1.1832159566199232,-0.5771212982231788
e,Threshold,261,-0.4225771273642583,-1.1832159566199232,-0.5771212982231788
e,Threshold,262,-0.3380617018914066,-1.1832159566199232,-0.5771212982231788
e,Threshold,263,-0.253546276418555,-1.1832159566199232,-0.5771212982231788
e,Threshold,264,-0.1690308509457033,-1.1832159566199232,-0.5771212982231788
e,Threshold,265,-0.08451542547285165,-1.1832159566199232,-0.5771212982231788
e,Threshold,266,0.0,-1.1832159566199232,-0.5771212982231788
e,Threshold,267,0.08451542547285165,-1.1832159566199232,-0.5771212982231788
e,Threshold,268,0.1690308509457033,-1.1832159566199232,-0.5771212982231788
e,Threshold,269,0.253546276418555,-1.1832159566199232,-0.5771212982231788
e,Threshold,270,0.3380617018914066,-1.1832159566199232,-0.5771212982231788
e,Threshold,271,0.4225771273642583,-1.1832159566199232,-0.5771212982231788
e,Threshold,272,0.50709255283711,-1.1832159566199232,-0.5771212982231788
e,Threshold,273,0.5916079783099616,-1.1832159566199232,-0.5771212982231788
e,Threshold,274,0.6761234037828132,-1.1832159566199232,-0.5771212982231788
e,Threshold,275,0.760638829255665,-1.1832159566199232,-0.5771212982231788
e,Threshold,276,0.8451542547285166,-1.1832159566199232,-0.5771212982231788
e,Threshold,277,0.9296696802013682,-1.1832159566199232,-0.5771212982231788
e,Threshold,278,1.01418510567422,-1.1832159566199232,-0.5771212982231788
e,Threshold,279,1.0987005311470714,-1.1832159566199232,-0.5771212982231788
e,Threshold,280,1.1832159566199232,-1.1832159566199232,-0.5771212982231788
e,Threshold,281,1.267731382092775,-1.1832159566199232,-0.5771212982231788
e,Threshold,282,1.3522468075656264,-1.1832159566199232,-0.5771212982231788
e,Threshold,283,1.4367622330384782,-1.1832159566199232,-0.5771212982231788
e,Threshold,284,1.52127765851133,-1.1832159566199232,-0.5771212982231788
e,Threshold,285,1.6057930839841814,-1.1832159566199232,-0.5771212982231788
e,Threshold,286,1.6903085094570331,-1.1832159566199232,-0.5771212982231788
e,Threshold,287,-1.6903085094570331,-1.0987005311470714,-0.5771212982231788
e,Threshold,288,-1.6057930839841814,-1.0987005311470714,-0.5771212982231788
e,Threshold,289,-1.52127765851133,-1.0987005311470714,-0.5771212982231788
e,Threshold,290,-1.4367622330384782,-1.0987005311470714,-0.5771212982231788
e,Threshold,291,-1.3522468075656264,-1.0987005311470714,-0.5771212982231788
e,Threshold,292,-1.267731382092775,-1.0987005311470714,-0.5771212982231788
e,Threshold,293,-1.1832159566199232,-1.0987005311470714,-0.5771212982231788
e,Threshold,294,-1.0987005311470714,-1.0987005311470714,-0.5771212982231788
e,Threshold,295,-1.01418510567422,-1.0987005311470714,-0.5771212982231788
e,Threshold,296,-0.9296696802013682,-1.0987005311470714,-0.5771212982231788
e,Threshold,297,-0.8451542547285166,-1.0987005311470714,-0.5771212982231788
e,Threshold,298,-0.760638829255665,-1.0987005311470714,-0.5771212982231788
e,Threshold,299,-0.6761234037828132,-1.0987005311470714,-0.5771212982231788
e,Threshold,300,-0.5916079783099616,-1.0987005311470714,-0.5771212982231788
e,Threshold,301,-0.50709255283711,-1.0987005311470714,-0.5771212982231788
e,Threshold,302,-0.4225771273642583,-1.0987005311470714,-0.5771212982231788
e,Threshold,303,-0.3380617018914066,-1.0987005311470714,-0.5771212982231788
e,Threshold,304,-0.253546276418555,-1.0987005311470714,-0.5771212982231788
e,Threshold,305,-0.1690308509457033,-1.0987005311470714,-0.5771212982231788
e,Threshold,306,-0.08451542547285165,-1.0987005311470714,-0.5771212982231788
e,Threshold,307,0.0,-1.0987005311470714,-0.5771212982231788
e,Threshold,308,0.08451542547285165,-1.0987005311470714,-0.5771212982231788
e,Threshold,309,0.1690308509457033,-1.0987005311470714,-0.5771212982231788
e,Threshold,310,0.253546276418555,-1.0987005311470714,-0.5771212982231788
e,Threshold,311,0.3380617018914066,-1.0987005311470714,-0.5771212982231788
e,Threshold,312,0.4225771273642583,-1.0987005311470714,-0.5771212982231788
e,Threshold,313,0.50709255283711,-1.0987005311470714,-0.5771212982231788
e,Threshold,314,0.5916079783099616,-1.0987005311470714,-0.5771212982231788
e,Threshold,315,0.6761234037828132,-1.0987005311470714,-0.5771212982231788
e,Threshold,316,0.760638829255665,-1.0987005311470714,-0.5771212982231788
e,Threshold,317,0.8451542547285166,-1.0987005311470714,-0.5771212982231788
e,Threshold,318,0.9296696802013682,-1.0987005311470714,-0.5771212982231788
e,Threshold,319,1.01418510567422,-1.0987005311470714,-0.5771212982231788
e,Threshold,320,1.0987005311470714,-1.0987005311470714,-0.5771212982231788
e,Threshold,321,1.1832159566199232,-1.0987005311470714,-0.5771212982231788
e,Threshold,322,1.267731382092775,-1.0987005311470714,-0.5771212982231788
e,Threshold,323,1.3522468075656264,-1.0987005311470714,-0.5771212982231788
e,Threshold,324,1.4367622330384782,-1.0987005311470714,-0.5771212982231788
e,Threshold,325,1.52127765851133,-1.0987005311470714,-0.5771212982231788
e,Threshold,326,1.6057930839841814,-1.0987005311470714,-0.5771212982231788
e,Threshold,327,1.6903085094570331,-1.0987005311470714,-0.5771212982231788
e,Threshold,328,-1.6903085094570331,-1.01418510567422,-0.5771212982231788
e,Threshold,329,-1.6057930839841814,-1.01418510567422,-0.5771212982231788
e,Threshold,330,-1.52127765851133,-1.01418510567422,-0.5771212982231788
e,Threshold,331,-1.4367622330384782,-1.01418510567422,-0.5771212982231788
e,Threshold,332,-1.3522468075656264,-1.01418510567422,-0.5771212982231788
e,Threshold,333,-1.267731382092775,-1.01418510567422,-0.5771212982231788
e,Threshold,334,-1.1832159566199232,-1.01418510567422,-0.5771212982231788
e,Threshold,335,-1.0987005311470714,-1.01418510567422,-0.5771212982231788
e,Threshold,336,-1.01418510567422,-1.01418510567422,-0.5771212982231788
e,Threshold,337,-0.9296696802013682,-1.01418510567422,-0.5771212982231788
e,Threshold,338,-0.8451542547285166,-1.01418510567422,-0.5771212982231788
e,Threshold,339,-0.760638829255665,-1.01418510567422,-0.5771212982231788
e,Threshold,340,-0.6761234037828132,-1.01418510567422,-0.5771212982231788
e,Threshold,341,-0.5916079783099616,-1.01418510567422,-0.5771212982231788
e,Threshold,342,-0.50709255283711,-1.01418510567422,-0.5771212982231788
e,Threshold,343,-0.4225771273642583,-1.01418510567422,-0.5771212982231788
e,Threshold,344,-0.3380617018914066,-1.01418510567422,-0.5771212982231788
e,Threshold,345,-0.253546276418555,-1.01418510567422,-0.5771212982231788
e,Threshold,346,-0.1690308509457033,-1.01418510567422,-0.5771212982231788
e,Threshold,347,-0.08451542547285165,-1.01418510567422,-0.5771212982231788
e,Threshold,348,0.0,-1.01418510567422,-0.5771212982231788
e,Threshold,349,0.08451542547285165,-1.01418510567422,-0.5771212982231788
e,Threshold,350,0.1690308509457033,-1.01418510567422,-0.5771212982231788
e,Threshold,351,0.253546276418555,-1.01418510567422,-0.5771212982231788
e,Threshold,352,0.3380617018914066,-1.01418510567422,-0.5771212982231788
e,Threshold,353,0.4225771273642583,-1.01418510567422,-0.5771212982231788
e,Threshold,354,0.50709255283711,-1.01418510567422,-0.5771212982231788
e,Threshold,355,0.5916079783099616,-1.01418510567422,-0.5771212982231788
e,Threshold,356,0.6761234037828132,-1.01418510567422,-0.5771212982231788
e,Threshold,357,0.760638829255665,-1.01418510567422,-0.5771212982231788
e,Threshold,358,0.8451542547285166,-1.01418510567422,-0.5771212982231788
e,Threshold,359,0.9296696802013682,-1.01418510567422,-0.5771212982231788
e,Threshold,360,1.01418510567422,-1.01418510567422,-0.5771212982231788
e,Threshold,361,1.0987005311470714,-1.01418510567422,-0.5771212982231788
e,Threshold,362,1.1832159566199232,-1.01418510567422,-0.5771212982231788
e,Threshold,363,1.267731382092775,-1.01418510567422,-0.5771212982231788
e,Threshold,364,1.3522468075656264,-1.01418510567422,-0.5771212982231788
e,Threshold,365,1.4367622330384782,-1.01418510567422,-0.5771212982231788
e,Threshold,366,1.52127765851133,-1.01418510567422,-0.5771212982231788
e,Threshold,367,1.6057930839841814,-1.01418510567422,-0.5771212982231788
e,Threshold,368,1.6903085094570331,-1.01418510567422,-0.5771212982231788
e,Threshold,369,-1.6903085094570331,-0.9296696802013682,-0.5771212982231788
e,Threshold,370,-1.6057930839841814,-0.9296696802013682,-0.5771212982231788
e,Threshold,371,-1.52127765851133,-0.9296696802013682,-0.5771212982231788
e,Threshold,372,-1.4367622330384782,-0.9296696802013682,-0.5771212982231788
e,Threshold,373,-1.3522468075656264,-0.9296696802013682,-0.5771212982231788
e,Threshold,374,-1.267731382092775,-0.9296696802013682,-0.5771212982231788
e,Threshold,375,-1.1832159566199232,-0.9296696802013682,-0.5771212982231788
e,Threshold,376,-1.0987005311470714,-0.9296696802013682,-0.5771212982231788
e,Threshold,377,-1.01418510567422,-0.9296696802013682,-0.5771212982231788
e,Threshold,378,-0.9296696802013682,-0.9296696802013682,-0.5771212982231788
e,Threshold,379,-0.8451542547285166,-0.9296696802013682,-0.5771212982231788
e,Threshold,380,-0.760638829255665,-0.9296696802013682,-0.5771212982231788
e,Threshold,381,-0.6761234037828132,-0.9296696802013682,-0.5771212982231788
e,Threshold,382,-0.5916079783099616,-0.9296696802013682,-0.5771212982231788
e,Threshold,383,-0.50709255283711,-0.9296696802013682,-0.5771212982231788
e,Threshold,384,-0.4225771273642583,-0.9296696802013682,-0.5771212982231788
e,Threshold,385,-0.3380617018914066,-0.9296696802013682,-0.5771212982231788
e,Threshold,386,-0.253546276418555,-0.9296696802013682,-0.5771212982231788
e,Threshold,387,-0.1690308509457033,-0.9296696802013682,-0.5771212982231788
e,Threshold,388,-0.08451542547285165,-0.9296696802013682,-0.5771212982231788
e,Threshold,389,0.0,-0.9296696802013682,-0.5771212982231788
e,Threshold,390,0.08451542547285165,-0.9296696802013682,-0.5771212982231788
e,Threshold,391,0.1690308509457033,-0.9296696802013682,-0.5771212982231788
e,Threshold,392,0.253546276418555,-0.9296696802013682,-0.5771212982231788
e,Threshold,393,0.3380617018914066,-0.9296696802013682,-0.5771212982231788
e,Threshold,394,0.4225771273642583,-0.9296696802013682,-0.5771212982231788
e,Threshold,395,0.50709255283711,-0.9296696802013682,-0.5771212982231788
e,Threshold,396,0.5916079783099616,-0.9296696802013682,-0.5771212982231788
e,Threshold,397,0.6761234037828132,-0.9296696802013682,-0.5771212982231788
e,Threshold,398,0.760638829255665,-0.9296696802013682,-0.5771212982231788
e,Threshold,399,0.8451542547285166,-0.9296696802013682,-0.5771212982231788
e,Threshold,400,0.9296696802013682,-0.9296696802013682,-0.5771212982231788
e,Threshold,401,1.01418510567422,-0.9296696802013682,-0.5771212982231788
e,Threshold,402,1.0987005311470714,-0.9296696802013682,-0.5771212982231788
e,Threshold,403,1.1832159566199232,-0.9296696802013682,-0.5771212982231788
e,Threshold,404,1.267731382092775,-0.9296696802013682,-0.5771212982231788
e,Threshold,405,1.3522468075656264,-0.9296696802013682,-0.5771212982231788
e,Threshold,406,1.4367622330384782,-0.9296696802013682,-0.5771212982231788
e,Threshold,407,1.52127765851133,-0.9296696802013682,-0.5771212982231788
e,Threshold,408,1.6057930839841814,-0.9296696802013682,-0.5771212982231788
e,Threshold,409,1.6903085094570331,-0.9296696802013682,-0.5771212982231788
e,Threshold,410,-1.6903085094570331,-0.8451542547285166,-0.5771212982231788
e,Threshold,411,-1.6057930839841814,-0.8451542547285166,-0.5771212982231788
e,Threshold,412,-1.52127765851133,-0.8451542547285166,-0.5771212982231788
e,Threshold,413,-1.4367622330384782,-0.8451542547285166,-0.5771212982231788
e,Threshold,414,-1.3522468075656264,-0.8451542547285166,-0.5771212982231788
e,Threshold,415,-1.267731382092775,-0.8451542547285166,-0.5771212982231788
e,Threshold,416,-1.1832159566199232,-0.8451542547285166,-0.5771212982231788
e,Threshold,417,-1.0987005311470714,-0.8451542547285166,-0.5771212982231788
e,Threshold,418,-1.01418510567422,-0.8451542547285166,-0.5771212982231788
e,Threshold,419,-0.9296696802013682,-0.8451542547285166,-0.5771212982231788
e,Threshold,420,-0.8451542547285166,-0.8451542547285166,-0.5771212982231788
e,Threshold,421,-0.760638829255665,-0.8451542547285166,-0.5771212982231788
e,Threshold,422,-0.6761234037828132,-0.8451542547285166,-0.5771212982231788
e,Threshold,423,-0.5916079783099616,-0.8451542547285166,-0.5771212982231788
e,Threshold,424,-0.50709255283711,-0.8451542547285166,-0.5771212982231788
e,Threshold,425,-0.4225771273642583,-0.8451542547285166,-0.5771212982231788
e,Threshold,426,-0.3380617018914066,-0.8451542547285166,-0.5771212982231788
e,Threshold,427,-0.253546276418555,-0.8451542547285166,-0.5771212982231788
e,Threshold,428,-0.1690308509457033,-0.8451542547285166,-0.5771212982231788
e,Threshold,429,-0.08451542547285165,-0.8451542547285166,-0.5771212982231788
e,Threshold,430,0.0,-0.8451542547285166,-0.5771212982231788
e,Threshold,431,0.08451542547285165,-0.8451542547285166,-0.5771212982231788
e,Threshold,432,0.1690308509457033,-0.8451542547285166,-0.5771212982231788
e,Threshold,433,0.253546276418555,-0.8451542547285166,-0.5771212982231788
e,Threshold,434,0.3380617018914066,-0.8451542547285166,-0.5771212982231788
e,Threshold,435,0.4225771273642583,-0.8451542547285166,-0.5771212982231788
e,Threshold,436,0.50709255283711,-0.8451542547285166,-0.5771212982231788
e,Threshold,437,0.5916079783099616,-0.8451542547285166,-0.5771212982231788
e,Threshold,438,0.6761234037828132,-0.8451542547285166,-0.5771212982231788
e,Threshold,439,0.760638829255665,-0.8451542547285166,-0.5771212982231788
e,Threshold,440,0.8451542547285166,-0.8451542547285166,-0.5771212982231788
e,Threshold,441,0.9296696802013682,-0.8451542547285166,-0.5771212982231788
e,Threshold,442,1.01418510567422,-0.8451542547285166,-0.5771212982231788
e,Threshold,443,1.0987005311470714,-0.8451542547285166,-0.5771212982231788
e,Threshold,444,1.1832159566199232,-0.8451542547285166,-0.5771212982231788
e,Threshold,445,1.267731382092775,-0.8451542547285166,-0.5771212982231788
e,Threshold,446,1.3522468075656264,-0.8451542547285166,-0.5771212982231788
e,Threshold,447,1.4367622330384782,-0.8451542547285166,-0.5771212982231788
e,Threshold,448,1.52127765851133,-0.8451542547285166,-0.5771212982231788
e,Threshold,449,1.6057930839841814,-0.8451542547285166,-0.5771212982231788
e,Threshold,450,1.6903085094570331,-0.8451542547285166,-0.5771212982231788
e,Threshold,451,-1.6903085094570331,-0.760638829255665,-0.5771212982231788
e,Threshold,452,-1.6057930839841814,-0.760638829255665,-0.5771212982231788
e,Threshold,453,-1.52127765851133,-0.760638829255665,-0.5771212982231788
e,Threshold,454,-1.4367622330384782,-0.760638829255665,-0.5771212982231788
e,Threshold,455,-1.3522468075656264,-0.760638829255665,-0.5771212982231788
e,Threshold,456,-1.267731382092775,-0.760638829255665,-0.5771212982231788
e,Threshold,457,-1.1832159566199232,-0.760638829255665,-0.5771212982231788
e,Threshold,458,-1.0987005311470714,-0.760638829255665,-0.5771212982231788
e,Threshold,459,-1.01418510567422,-0.760638829255665,-0.5771212982231788
e,Threshold,460,-0.9296696802013682,-0.760638829255665,-0.5771212982231788
e,Threshold,461,-0.8451542547285166,-0.760638829255665,-0.5771212982231788
e,Threshold,462,-0.760638829255665,-0.760638829255665,-0.5771212982231788
e,Threshold,463,-0.6761234037828132,-0.760638829255665,-0.5771212982231788
e,Threshold,464,-0.5916079783099616,-0.760638829255665,-0.5771212982231788
e,Threshold,465,-0.50709255283711,-0.760638829255665,-0.5771212982231788
e,Threshold,466,-0.4225771273642583,-0.760638829255665,-0.5771212982231788
e,Threshold,467,-0.3380617018914066,-0.760638829255665,-0.5771212982231788
e,Threshold,468,-0.253546276418555,-0.760638829255665,-0.5771212982231788
e,Threshold,469,-0.1690308509457033,-0.760638829255665,-0.5771212982231788
e,Threshold,470,-0.08451542547285165,-0.760638829255665,-0.5771212982231788
e,Threshold,471,0.0,-0.760638829255665,-0.5771212982231788
e,Threshold,472,0.08451542547285165,-0.760638829255665,-0.5771212982231788
e,Threshold,473,0.1690308509457033,-0.760638829255665,-0.5771212982231788
e,Threshold,474,0.253546276418555,-0.760638829255665,-0.5771212982231788
e,Threshold,475,0.3380617018914066,-0.760638829255665,-0.5771212982231788
e,Threshold,476,0.4225771273642583,-0.760638829255665,-0.5771212982231788
e,Threshold,477,0.50709255283711,-0.760638829255665,-0.5771212982231788
e,Threshold,478,0.5916079783099616,-0.760638829255665,-0.5771212982231788
e,Threshold,479,0.6761234037828132,-0.760638829255665,-0.5771212982231788
e,Threshold,480,0.760638829255665,-0.760638829255665,-0.5771212982231788
e,Threshold,481,0.8451542547285166,-0.760638829255665,-0.5771212982231788
e,Threshold,482,0.9296696802013682,-0.760638829255665,-0.5771212982231788
e,Threshold,483,1.01418510567422,-0.760638829255665,-0.5771212982231788
e,Threshold,484,1.0987005311470714,-0.760638829255665,-0.5771212982231788
e,Threshold,485,1.1832159566199232,-0.760638829255665,-0.5771212982231788
e,Threshold,486,1.267731382092775,-0.760638829255665,-0.5771212982231788
e,Threshold,487,1.3522468075656264,-0.760638829255665,-0.5771212982231788
e,Threshold,488,1.4367622330384782,-0.760638829255665,-0.5771212982231788
e,Threshold,489,1.52127765851133,-0.760638829255665,-0.5771212982231788
e,Threshold,490,1.6057930839841814,-0.760638829255665,-0.5771212982231788
e,Threshold,491,1.6903085094570331,-0.760638829255665,-0.5771212982231788
e,Threshold,492,-1.6903085094570331,-0.6761234037828132,-0.5771212982231788
e,Threshold,493,-1.6057930839841814,-0.6761234037828132,-0.5771212982231788
e,Threshold,494,-1.52127765851133,-0.6761234037828132,-0.5771212982231788
e,Threshold,495,-1.4367622330384782,-0.6761234037828132,-0.5771212982231788
e,Threshold,496,-1.3522468075656264,-0.6761234037828132,-0.5771212982231788
e,Threshold,497,-1.267731382092775,-0.6761234037828132,-0.5771212982231788
e,Threshold,498,-1.1832159566199232,-0.6761234037828132,-0.5771212982231788
e,Threshold,499,-1.0987005311470714,-0.6761234037828132,-0.5771212982231788
e,Threshold,500,-1.01418510567422,-0.6761234037828132,-0.5771212982231788
e,Threshold,501,-0.9296696802013682,-0.6761234037828132,-0.5771212982231788
e,Threshold,502,-0.8451542547285166,-0.6761234037828132,-0.5771212982231788
e,Threshold,503,-0.760638829255665,-0.6761234037828132,-0.5771212982231788
e,Threshold,504,-0.6761234037828132,-0.6761234037828132,-0.5771212982231788
e,Threshold,505,-0.5916079783099616,-0.6761234037828132,-0.5771212982231788
e,Threshold,506,-0.50709255283711,-0.6761234037828132,-0.5771212982231788
e,Threshold,507,-0.4225771273642583,-0.6761234037828132,-0.5771212982231788
e,Threshold,508,-0.3380617018914066,-0.6761234037828132,-0.5771212982231788
e,Threshold,509,-0.253546276418555,-0.6761234037828132,-0.5771212982231788
e,Threshold,510,-0.1690308509457033,-0.6761234037828132,-0.5771212982231788
e,Threshold,511,-0.08451542547285165,-0.6761234037828132,-0.5771212982231788
e,Threshold,512,0.0,-0.6761234037828132,-0.5771212982231788
e,Threshold,513,0.08451542547285165,-0.6761234037828132,-0.5771212982231788
e,Threshold,514,0.1690308509457033,-0.6761234037828132,-0.5771212982231788
e,Threshold,515,0.253546276418555,-0.6761234037828132,-0.5771212982231788
e,Threshold,516,0.3380617018914066,-0.6761234037828132,-0.5771212982231788
e,Threshold,517,0.4225771273642583,-0.6761234037828132,-0.5771212982231788
e,Threshold,518,0.50709255283711,-0.6761234037828132,-0.5771212982231788
e,Threshold,519,0.5916079783099616,-0.6761234037828132,-0.5771212982231788
e,Threshold,520,0.6761234037828132,-0.6761234037828132,-0.5771212982231788
e,Threshold,521,0.760638829255665,-0.6761234037828132,-0.5771212982231788
e,Threshold,522,0.8451542547285166,-0.6761234037828132,-0.5771212982231788
e,Threshold,523,0.9296696802013682,-0.6761234037828132,-0.5771212982231788
e,Threshold,524,1.01418510567422,-0.6761234037828132,-0.5771212982231788
e,Threshold,525,1.0987005311470714,-0.6761234037828132,-0.5771212982231788
e,Threshold,526,1.1832159566199232,-0.6761234037828132,-0.5771212982231788
e,Threshold,527,1.267731382092775,-0.6761234037828132,-0.5771212982231788
e,Threshold,528,1.3522468075656264,-0.6761234037828132,-0.5771212982231788
e,Threshold,529,1.4367622330384782,-0.6761234037828132,-0.5771212982231788
e,Threshold,530,1.52127765851133,-0.6761234037828132,-0.5771212982231788
e,Threshold,531,1.6057930839841814,-0.6761234037828132,-0.5771212982231788
e,Threshold,532,1.6903085094570331,-0.6761234037828132,-0.5771212982231788
e,Threshold,533,-1.6903085094570331,-0.5916079783099616,-0.5771212982231788
e,Threshold,534,-1.6057930839841814,-0.5916079783099616,-0.5771212982231788
e,Threshold,535,-1.52127765851133,-0.5916079783099616,-0.5771212982231788
e,Threshold,536,-1.4367622330384782,-0.5916079783099616,-0.5771212982231788
e,Threshold,537,-1.3522468075656264,-0.5916079783099616,-0.5771212982231788
e,Threshold,538,-1.267731382092775,-0.5916079783099616,-0.5771212982231788
e,Threshold,539,-1.1832159566199232,-0.5916079783099616,-0.5771212982231788
e,Threshold,540,-1.0987005311470714,-0.5916079783099616,-0.5771212982231788
e,Threshold,541,-1.01418510567422,-0.5916079783099616,-0.5771212982231788
e,Threshold,542,-0.9296696802013682,-0.5916079783099616,-0.5771212982231788
e,Threshold,543,-0.8451542547285166,-0.5916079783099616,-0.5771212982231788
e,Threshold,544,-0.760638829255665,-0.5916079783099616,-0.5771212982231788
e,Threshold,545,-0.6761234037828132,-0.5916079783099616,-0.5771212982231788
e,Threshold,546,-0.5916079783099616,-0.5916079783099616,-0.5771212982231788
e,Threshold,547,-0.50709255283711,-0.5916079783099616,-0.5771212982231788
e,Threshold,548,-0.4225771273642583,-0.5916079783099616,-0.5771212982231788
e,Threshold,549,-0.3380617018914066,-0.5916079783099616,-0.5771212982231788
e,Threshold,550,-0.253546276418555,-0.5916079783099616,-0.5771212982231788
e,Threshold,551,-0.1690308509457033,-0.5916079783099616,-0.5771212982231788
e,Threshold,552,-0.08451542547285165,-0.5916079783099616,-0.5771212982231788
e,Threshold,553,0.0,-0.5916079783099616,-0.5771212982231788
e,Threshold,554,0.08451542547285165,-0.5916079783099616,-0.5771212982231788
e,Threshold,555,0.1690308509457033,-0.5916079783099616,-0.5771212982231788
e,Threshold,556,0.253546276418555,-0.5916079783099616,-0.5771212982231788
e,Threshold,557,0.3380617018914066,-0.5916079783099616,-0.5771212982231788
e,Threshold,558,0.4225771273642583,-0.5916079783099616,-0.5771212982231788
e,Threshold,559,0.50709255283711,-0.5916079783099616,-0.5771212982231788
e,Threshold,560,0.5916079783099616,-0.5916079783099616,-0.5771212982231788
e,Threshold,561,0.6761234037828132,-0.5916079783099616,-0.5771212982231788
e,Threshold,562,0.760638829255665,-0.5916079783099616,-0.5771212982231788
e,Threshold,563,0.8451542547285166,-0.5916079783099616,-0.5771212982231788
e,Threshold,564,0.9296696802013682,-0.5916079783099616,-0.5771212982231788
e,Threshold,565,1.01418510567422,-0.5916079783099616,-0.5771212982231788
e,Threshold,566,1.0987005311470714,-0.5916079783099616,-0.5771212982231788
e,Threshold,567,1.1832159566199232,-0.5916079783099616,-0.5771212982231788
e,Threshold,568,1.267731382092775,-0.5916079783099616,-0.5771212982231788
e,Threshold,569,1.3522468075656264,-0.5916079783099616,-0.5771212982231788
e,Threshold,570,1.4367622330384782,-0.5916079783099616,-0.5771212982231788
e,Threshold,571,1.52127765851133,-0.5916079783099616,-0.5771212982231788
e,Threshold,572,1.6057930839841814,-0.5916079783099616,-0.5771212982231788
e,Threshold,573,1.6903085094570331,-0.5916079783099616,-0.5771212982231788
e,Threshold,574,-1.6903085094570331,-0.50709255283711,-0.5771212982231788
e,Threshold,575,-1.6057930839841814,-0.50709255283711,-0.5771212982231788
e,Threshold,576,-1.52127765851133,-0.50709255283711,-0.5771212982231788
e,Threshold,577,-1.4367622330384782,-0.50709255283711,-0.5771212982231788
e,Threshold,578,-1.3522468075656264,-0.50709255283711,-0.5771212982231788
e,Threshold,579,-1.267731382092775,-0.50709255283711,-0.5771212982231788
e,Threshold,580,-1.1832159566199232,-0.50709255283711,-0.5771212982231788
e,Threshold,581,-1.0987005311470714,-0.50709255283711,-0.5771212982231788
e,Threshold,582,-1.01418510567422,-0.50709255283711,-0.5771212982231788
e,Threshold,583,-0.9296696802013682,-0.50709255283711,-0.5771212982231788
e,Threshold,584,-0.8451542547285166,-0.50709255283711,-0.5771212982231788
e,Threshold,585,-0.760638829255665,-0.50709255283711,-0.5771212982231788
e,Threshold,586,-0.6761234037828132,-0.50709255283711,-0.5771212982231788
e,Threshold,587,-0.5916079783099616,-0.50709255283711,-0.5771212982231788
e,Threshold,588,-0.50709255283711,-0.50709255283711,-0.5771212982231788
e,Threshold,589,-0.4225771273642583,-0.50709255283711,-0.5771212982231788
e,Threshold,590,-0.3380617018914066,-0.50709255283711,-0.5771212982231788
e,Threshold,591,-0.253546276418555,-0.50709255283711,-0.5771212982231788
e,Threshold,592,-0.1690308509457033,-0.50709255283711,-0.5771212982231788
e,Threshold,593,-0.08451542547285165,-0.50709255283711,-0.5771212982231788
e,Threshold,594,0.0,-0.50709255283711,-0.5771212982231788
e,Threshold,595,0.08451542547285165,-0.50709255283711,-0.5771212982231788
e,Threshold,596,0.1690308509457033,-0.50709255283711,-0.5771212982231788
e,Threshold,597,0.253546276418555,-0.50709255283711,-0.5771212982231788
e,Threshold,598,0.3380617018914066,-0.50709255283711,-0.5771212982231788
e,Threshold,599,0.4225771273642583,-0.50709255283711,-0.5771212982231788
e,Threshold,600,0.50709255283711,-0.50709255283711,-0.5771212982231788
e,Threshold,601,0.5916079783099616,-0.50709255283711,-0.5771212982231788
e,Threshold,602,0.6761234037828132,-0.50709255283711,-0.5771212982231788
e,Threshold,603,0.760638829255665,-0.50709255283711,-0.5771212982231788
e,Threshold,604,0.8451542547285166,-0.50709255283711,-0.5771212982231788
e,Threshold,605,0.9296696802013682,-0.50709255283711,-0.5771212982231788
e,Threshold,606,1.01418510567422,-0.50709255283711,-0.5771212982231788
e,Threshold,607,1.0987005311470714,-0.50709255283711,-0.5771212982231788
e,Threshold,608,1.1832159566199232,-0.50709255283711,-0.5771212982231788
e,Threshold,609,1.267731382092775,-0.50709255283711,-0.5771212982231788
e,Threshold,610,1.3522468075656264,-0.50709255283711,-0.5771212982231788
e,Threshold,611,1.4367622330384782,-0.50709255283711,-0.5771212982231788
e,Threshold,612,1.52127765851133,-0.50709255283711,-0.5771212982231788
e,Threshold,613,1.6057930839841814,-0.50709255283711,-0.5771212982231788
e,Threshold,614,1.6903085094570331,-0.50709255283711,-0.5771212982231788
e,Threshold,615,-1.6903085094570331,-0.4225771273642583,-0.5771212982231788
e,Threshold,616,-1.6057930839841814,-0.4225771273642583,-0.5771212982231788
e,Threshold,617,-1.52127765851133,-0.4225771273642583,-0.5771212982231788
e,Threshold,618,-1.4367622330384782,-0.4225771273642583,-0.5771212982231788
e,Threshold,619,-1.3522468075656264,-0.4225771273642583,-0.5771212982231788
e,Threshold,620,-1.267731382092775,-0.4225771273642583,-0.5771212982231788
e,Threshold,621,-1.1832159566199232,-0.4225771273642583,-0.5771212982231788
e,Threshold,622,-1.0987005311470714,-0.4225771273642583,-0.5771212982231788
e,Threshold,623,-1.01418510567422,-0.4225771273642583,-0.5771212982231788
e,Threshold,624,-0.9296696802013682,-0.4225771273642583,-0.5771212982231788
e,Threshold,625,-0.8451542547285166,-0.4225771273642583,-0.5771212982231788
e,Threshold,626,-0.760638829255665,-0.4225771273642583,-0.5771212982231788
e,Threshold,627,-0.6761234037828132,-0.4225771273642583,-0.5771212982231788
e,Threshold,628,-0.5916079783099616,-0.4225771273642583,-0.5771212982231788
e,Threshold,629,-0.50709255283711,-0.4225771273642583,-0.5771212982231788
e,Threshold,630,-0.4225771273642583,-0.4225771273642583,-0.5771212982231788
e,Threshold,631,-0.3380617018914066,-0.4225771273642583,-0.5771212982231788
e,Threshold,632,-0.253546276418555,-0.4225771273642583,-0.5771212982231788
e,Threshold,633,-0.1690308509457033,-0.4225771273642583,-0.5771212982231788
e,Threshold,634,-0.08451542547285165,-0.4225771273642583,-0.5771212982231788
e,Threshold,635,0.0,-0.4225771273642583,-0.5771212982231788
e,Threshold,636,0.08451542547285165,-0.4225771273642583,-0.5771212982231788
e,Threshold,637,0.1690308509457033,-0.4225771273642583,-0.5771212982231788
e,Threshold,638,0.253546276418555,-0.4225771273642583,-0.5771212982231788
e,Threshold,639,0.3380617018914066,-0.4225771273642583,-0.5771212982231788
e,Threshold,640,0.4225771273642583,-0.4225771273642583,-0.5771212982231788
e,Threshold,641,0.50709255283711,-0.4225771273642583,-0.5771212982231788
e,Threshold,642,0.5916079783099616,-0.4225771273642583,-0.5771212982231788
e,Threshold,643,0.6761234037828132,-0.4225771273642583,-0.5771212982231788
e,Threshold,644,0.760638829255665,-0.4225771273642583,-0.5771212982231788
e,Threshold,645,0.8451542547285166,-0.4225771273642583,-0.5771212982231788
e,Threshold,646,0.9296696802013682,-0.4225771273642583,-0.5771212982231788
e,Threshold,647,1.01418510567422,-0.4225771273642583,-0.5771212982231788
e,Threshold,648,1.0987005311470714,-0.4225771273642583,-0.5771212982231788
e,Threshold,649,1.1832159566199232,-0.4225771273642583,-0.5771212982231788
e,Threshold,650,1.267731382092775,-0.4225771273642583,-0.5771212982231788
e,Threshold,651,1.3522468075656264,-0.4225771273642583,-0.5771212982231788
e,Threshold,652,1.4367622330384782,-0.4225771273642583,-0.5771212982231788
e,Threshold,653,1.52127765851133,-0.4225771273642583,-0.5771212982231788
e,Threshold,654,1.6057930839841814,-0.4225771273642583,-0.5771212982231788
e,Threshold,655,1.6903085094570331,-0.4225771273642583,-0.5771212982231788
e,Threshold,656,-1.6903085094570331,-0.3380617018914066,-0.5771212982231788
e,Threshold,657,-1.6057930839841814,-0.3380617018914066,-0.5771212982231788
e,Threshold,658,-1.52127765851133,-0.3380617018914066,-0.5771212982231788
e,Threshold,659,-1.4367622330384782,-0.3380617018914066,-0.5771212982231788
e,Threshold,660,-1.3522468075656264,-0.3380617018914066,-0.5771212982231788
e,Threshold,661,-1.267731382092775,-0.3380617018914066,-0.5771212982231788
e,Threshold,662,-1.1832159566199232,-0.3380617018914066,-0.5771212982231788
e,Threshold,663,-1.0987005311470714,-0.3380617018914066,-0.5771212982231788
e,Threshold,664,-1.01418510567422,-0.3380617018914066,-0.5771212982231788
e,Threshold,665,-0.9296696802013682,-0.3380617018914066,-0.5771212982231788
e,Threshold,666,-0.8451542547285166,-0.3380617018914066,-0.5771212982231788
e,Threshold,667,-0.760638829255665,-0.3380617018914066,-0.5771212982231788
e,Threshold,668,-0.6761234037828132,-0.3380617018914066,-0.5771212982231788
e,Threshold,669,-0.5916079783099616,-0.3380617018914066,-0.5771212982231788
e,Threshold,670,-0.50709255283711,-0.3380617018914066,-0.5771212982231788
e,Threshold,671,-0.4225771273642583,-0.3380617018914066,-0.5771212982231788
e,Threshold,672,-0.3380617018914066,-0.3380617018914066,-0.5771212982231788
e,Threshold,673,-0.253546276418555,-0.3380617018914066,-0.5771212982231788
e,Threshold,674,-0.1690308509457033,-0.3380617018914066,-0.5771212982231788
e,Threshold,675,-0.08451542547285165,-0.3380617018914066,-0.5771212982231788
e,Threshold,676,0.0,-0.3380617018914066,-0.5771212982231788
e,Threshold,677,0.08451542547285165,-0.3380617018914066,-0.5771212982231788
e,Threshold,678,0.1690308509457033,-0.3380617018914066,-0.5771212982231788
e,Threshold,679,0.253546276418555,-0.3380617018914066,-0.5771212982231788
e,Threshold,680,0.3380617018914066,-0.3380617018914066,-0.5771212982231788
e,Threshold,681,0.4225771273642583,-0.3380617018914066,-0.5771212982231788
e,Threshold,682,0.50709255283711,-0.3380617018914066,-0.5771212982231788
e,Threshold,683,0.5916079783099616,-0.3380617018914066,-0.5771212982231788
e,Threshold,684,0.6761234037828132,-0.3380617018914066,-0.5771212982231788
e,Threshold,685,0.760638829255665,-0.3380617018914066,-0.5771212982231788
e,Threshold,686,0.8451542547285166,-0.3380617018914066,-0.5771212982231788
e,Threshold,687,0.9296696802013682,-0.3380617018914066,-0.5771212982231788
e,Threshold,688,1.01418510567422,-0.3380617018914066,-0.5771212982231788
e,Threshold,689,1.0987005311470714,-0.3380617018914066,-0.5771212982231788
e,Threshold,690,1.1832159566199232,-0.3380617018914066,-0.5771212982231788
e,Threshold,691,1.267731382092775,-0.3380617018914066,-0.5771212982231788
e,Threshold,692,1.3522468075656264,-0.3380617018914066,-0.5771212982231788
e,Threshold,693,1.4367622330384782,-0.3380617018914066,-0.5771212982231788
e,Threshold,694,1.52127765851133,-0.3380617018914066,-0.5771212982231788
e,Threshold,695,1.6057930839841814,-0.3380617018914066,-0.5771212982231788
e,Threshold,696,1.6903085094570331,-0.3380617018914066,-0.5771212982231788
e,Threshold,697,-1.6903085094570331,-0.253546276418555,-0.5771212982231788
e,Threshold,698,-1.6057930839841814,-0.253546276418555,-0.5771212982231788
e,Threshold,699,-1.52127765851133,-0.253546276418555,-0.5771212982231788
e,Threshold,700,-1.4367622330384782,-0.253546276418555,-0.5771212982231788
e,Threshold,701,-1.3522468075656264,-0.253546276418555,-0.5771212982231788
e,Threshold,702,-1.267731382092775,-0.253546276418555,-0.5771212982231788
e,Threshold,703,-1.1832159566199232,-0.253546276418555,-0.5771212982231788
e,Threshold,704,-1.0987005311470714,-0.253546276418555,-0.5771212982231788
e,Threshold,705,-1.01418510567422,-0.253546276418555,-0.5771212982231788
e,Threshold,706,-0.9296696802013682,-0.253546276418555,-0.5771212982231788
e,Threshold,707,-0.8451542547285166,-0.253546276418555,-0.5771212982231788
e,Threshold,708,-0.760638829255665,-0.253546276418555,-0.5771212982231788
e,Threshold,709,-0.6761234037828132,-0.253546276418555,-0.5771212982231788
e,Threshold,710,-0.5916079783099616,-0.253546276418555,-0.5771212982231788
e,Threshold,711,-0.50709255283711,-0.253546276418555,-0.5771212982231788
e,Threshold,712,-0.4225771273642583,-0.253546276418555,-0.5771212982231788
e,Threshold,713,-0.3380617018914066,-0.253546276418555,-0.5771212982231788
e,Threshold,714,-0.253546276418555,-0.253546276418555,-0.5771212982231788
e,Threshold,715,-0.1690308509457033,-0.253546276418555,-0.5771212982231788
e,Threshold,716,-0.08451542547285165,-0.253546276418555,-0.5771212982231788
e,Threshold,717,0.0,-0.253546276418555,-0.5771212982231788
e,Threshold,718,0.08451542547285165,-0.253546276418555,-0.5771212982231788
e,Threshold,719,0.1690308509457033,-0.253546276418555,-0.5771212982231788
e,Threshold,720,0.253546276418555,-0.253546276418555,-0.5771212982231788
e,Threshold,721,0.3380617018914066,-0.253546276418555,-0.5771212982231788
e,Threshold,722,0.4225771273642583,-0.253546276418555,-0.5771212982231788
e,Threshold,723,0.50709255283711,-0.253546276418555,-0.5771212982231788
e,Threshold,724,0.5916079783099616,-0.253546276418555,-0.5771212982231788
e,Threshold,725,0.6761234037828132,-0.253546276418555,-0.5771212982231788
e,Threshold,726,0.760638829255665,-0.253546276418555,-0.5771212982231788
e,Threshold,727,0.8451542547285166,-0.253546276418555,-0.5771212982231788
e,Threshold,728,0.9296696802013682,-0.253546276418555,-0.5771212982231788
e,Threshold,729,1.01418510567422,-0.253546276418555,-0.5771212982231788
e,Threshold,730,1.0987005311470714,-0.253546276418555,-0.5771212982231788
e,Threshold,731,1.1832159566199232,-0.253546276418555,-0.5771212982231788
e,Threshold,732,1.267731382092775,-0.253546276418555,-0.5771212982231788
e,Threshold,733,1.3522468075656264,-0.253546276418555,-0.5771212982231788
e,Threshold,734,1.4367622330384782,-0.253546276418555,-0.5771212982231788
e,Threshold,735,1.52127765851133,-0.253546276418555,-0.5771212982231788
e,Threshold,736,1.6057930839841814,-0.253546276418555,-0.5771212982231788
e,Threshold,737,1.6903085094570331,-0.253546276418555,-0.5771212982231788
e,Threshold,738,-1.6903085094570331,-0.1690308509457033,-0.5771212982231788
e,Threshold,739,-1.6057930839841814,-0.1690308509457033,-0.5771212982231788
e,Threshold,740,-1.52127765851133,-0.1690308509457033,-0.5771212982231788
e,Threshold,741,-1.4367622330384782,-0.1690308509457033,-0.5771212982231788
e,Threshold,742,-1.3522468075656264,-0.1690308509457033,-0.5771212982231788
e,Threshold,743,-1.267731382092775,-0.1690308509457033,-0.5771212982231788
e,Threshold,744,-1.1832159566199232,-0.1690308509457033,-0.5771212982231788
e,Threshold,745,-1.0987005311470714,-0.1690308509457033,-0.5771212982231788
e,Threshold,746,-1.01418510567422,-0.1690308509457033,-0.5771212982231788
e,Threshold,747,-0.9296696802013682,-0.1690308509457033,-0.5771212982231788
e,Threshold,748,-0.8451542547285166,-0.1690308509457033,-0.5771212982231788
e,Threshold,749,-0.760638829255665,-0.1690308509457033,-0.5771212982231788
e,Threshold,750,-0.6761234037828132,-0.1690308509457033,-0.5771212982231788
e,Threshold,751,-0.5916079783099616,-0.1690308509457033,-0.5771212982231788
e,Threshold,752,-0.50709255283711,-0.1690308509457033,-0.5771212982231788
e,Threshold,753,-0.4225771273642583,-0.1690308509457033,-0.5771212982231788
e,Threshold,754,-0.3380617018914066,-0.1690308509457033,-0.5771212982231788
e,Threshold,755,-0.253546276418555,-0.1690308509457033,-0.5771212982231788
e,Threshold,756,-0.1690308509457033,-0.1690308509457033,-0.5771212982231788
e,Threshold,757,-0.08451542547285165,-0.1690308509457033,-0.5771212982231788
e,Threshold,758,0.0,-0.1690308509457033,-0.5771212982231788
e,Threshold,759,0.08451542547285165,-0.1690308509457033,-0.5771212982231788
e,Threshold,760,0.1690308509457033,-0.1690308509457033,-0.5771212982231788
e,Threshold,761,0.253546276418555,-0.1690308509457033,-0.5771212982231788
e,Threshold,762,0.3380617018914066,-0.1690308509457033,-0.5771212982231788
e,Threshold,763,0.4225771273642583,-0.1690308509457033,-0.5771212982231788
e,Threshold,764,0.50709255283711,-0.1690308509457033,-0.5771212982231788
e,Threshold,765,0.5916079783099616,-0.1690308509457033,-0.5771212982231788
e,Threshold,766,0.6761234037828132,-0.1690308509457033,-0.5771212982231788
e,Threshold,767,0.760638829255665,-0.1690308509457033,-0.5771212982231788
e,Threshold,768,0.8451542547285166,-0.1690308509457033,-0.5771212982231788
e,Threshold,769,0.9296696802013682,-0.1690308509457033,-0.5771212982231788
e,Threshold,770,1.01418510567422,-0.1690308509457033,-0.5771212982231788
e,Threshold,771,1.0987005311470714,-0.1690308509457033,-0.5771212982231788
e,Threshold,772,1.1832159566199232,-0.1690308509457033,-0.5771212982231788
e,Threshold,773,1.267731382092775,-0.1690308509457033,-0.5771212982231788
e,Threshold,774,1.3522468075656264,-0.1690308509457033,-0.5771212982231788
e,Threshold,775,1.4367622330384782,-0.1690308509457033,-0.5771212982231788
e,Threshold,776,1.52127765851133,-0.1690308509457033,-0.5771212982231788
e,Threshold,777,1.6057930839841814,-0.1690308509457033,-0.5771212982231788
e,Threshold,778,1.6903085094570331,-0.1690308509457033,-0.5771212982231788
e,Threshold,779,-1.6903085094570331,-0.08451542547285165,-0.5771212982231788
e,Threshold,780,-1.6057930839841814,-0.08451542547285165,-0.5771212982231788
e,Threshold,781,-1.52127765851133,-0.08451542547285165,-0.5771212982231788
e,Threshold,782,-1.4367622330384782,-0.08451542547285165,-0.5771212982231788
e,Threshold,783,-1.3522468075656264,-0.08451542547285165,-0.5771212982231788
e,Threshold,784,-1.267731382092775,-0.08451542547285165,-0.5771212982231788
e,Threshold,785,-1.1832159566199232,-0.08451542547285165,-0.5771212982231788
e,Threshold,786,-1.0987005311470714,-0.08451542547285165,-0.5771212982231788
e,Threshold,787,-1.01418510567422,-0.08451542547285165,-0.5771212982231788
e,Threshold,788,-0.9296696802013682,-0.08451542547285165,-0.5771212982231788
e,Threshold,789,-0.8451542547285166,-0.08451542547285165,-0.5771212982231788
e,Threshold,790,-0.760638829255665,-0.08451542547285165,-0.5771212982231788
e,Threshold,791,-0.6761234037828132,-0.08451542547285165,-0.5771212982231788
e,Threshold,792,-0.5916079783099616,-0.08451542547285165,-0.5771212982231788
e,Threshold,793,-0.50709255283711,-0.08451542547285165,-0.5771212982231788
e,Threshold,794,-0.4225771273642583,-0.08451542547285165,-0.5771212982231788
e,Threshold,795,-0.3380617018914066,-0.08451542547285165,-0.5771212982231788
e,Threshold,796,-0.253546276418555,-0.08451542547285165,-0.5771212982231788
e,Threshold,797,-0.1690308509457033,-0.08451542547285165,-0.5771212982231788
e,Threshold,798,-0.08451542547285165,-0.08451542547285165,-0.5771212982231788
e,Threshold,799,0.0,-0.08451542547285165,-0.5771212982231788
e,Threshold,800,0.08451542547285165,-0.08451542547285165,-0.5771212982231788
e,Threshold,801,0.1690308509457033,-0.08451542547285165,-0.5771212982231788
e,Threshold,802,0.253546276418555,-0.08451542547285165,-0.5771212982231788
e,Threshold,803,0.3380617018914066,-0.08451542547285165,-0.5771212982231788
e,Threshold,804,0.4225771273642583,-0.08451542547285165,-0.5771212982231788
e,Threshold,805,0.50709255283711,-0.08451542547285165,-0.5771212982231788
e,Threshold,806,0.5916079783099616,-0.08451542547285165,-0.5771212982231788
e,Threshold,807,0.6761234037828132,-0.08451542547285165,-0.5771212982231788
e,Threshold,808,0.760638829255665,-0.08451542547285165,-0.5771212982231788
e,Threshold,809,0.8451542547285166,-0.08451542547285165,-0.5771212982231788
e,Threshold,810,0.9296696802013682,-0.08451542547285165,-0.5771212982231788
e,Threshold,811,1.01418510567422,-0.08451542547285165,-0.5771212982231788
e,Threshold,812,1.0987005311470714,-0.08451542547285165,-0.5771212982231788
e,Threshold,813,1.1832159566199232,-0.08451542547285165,-0.5771212982231788
e,Threshold,814,1.267731382092775,-0.08451542547285165,-0.5771212982231788
e,Threshold,815,1.3522468075656264,-0.08451542547285165,-0.5771212982231788
e,Threshold,816,1.4367622330384782,-0.08451542547285165,-0.5771212982231788
e,Threshold,817,1.52127765851133,-0.08451542547285165,-0.5771212982231788
e,Threshold,818,1.6057930839841814,-0.08451542547285165,-0.5771212982231788
e,Threshold,819,1.6903085094570331,-0.08451542547285165,-0.5771212982231788
e,Threshold,820,-1.6903085094570331,0.0,-0.5771212982231788
e,Threshold,821,-1.6057930839841814,0.0,-0.5771212982231788
e,Threshold,822,-1.52127765851133,0.0,-0.5771212982231788
e,Threshold,823,-1.4367622330384782,0.0,-0.5771212982231788
e,Threshold,824,-1.3522468075656264,0.0,-0.5771212982231788
e,Threshold,825,-1.267731382092775,0.0,-0.5771212982231788
e,Threshold,826,-1.1832159566199232,0.0,-0.5771212982231788
e,Threshold,827,-1.0987005311470714,0.0,-0.5771212982231788
e,Threshold,828,-1.01418510567422,0.0,-0.5771212982231788
e,Threshold,829,-0.9296696802013682,0.0,-0.5771212982231788
e,Threshold,830,-0.8451542547285166,0.0,-0.5771212982231788
e,Threshold,831,-0.760638829255665,0.0,-0.5771212982231788
e,Threshold,832,-0.6761234037828132,0.0,-0.5771212982231788
e,Threshold,833,-0.5916079783099616,0.0,-0.5771212982231788
e,Threshold,834,-0.50709255283711,0.0,-0.5771212982231788
e,Threshold,835,-0.4225771273642583,0.0,-0.5771212982231788
e,Threshold,836,-0.3380617018914066,0.0,-0.5771212982231788
e,Threshold,837,-0.253546276418555,0.0,-0.5771212982231788
e,Threshold,838,-0.1690308509457033,0.0,-0.5771212982231788
e,Threshold,839,-0.08451542547285165,0.0,-0.5771212982231788
e,Threshold,840,0.0,0.0,-0.5771212982231788
e,Threshold,841,0.08451542547285165,0.0,-0.5771212982231788
e,Threshold,842,0.1690308509457033,0.0,-0.5771212982231788
e,Threshold,843,0.253546276418555,0.0,-0.5771212982231788
e,Threshold,844,0.3380617018914066,0.0,-0.5771212982231788
e,Threshold,845,0.4225771273642583,0.0,-0.5771212982231788
e,Threshold,846,0.50709255283711,0.0,-0.5771212982231788
e,Threshold,847,0.5916079783099616,0.0,-0.5771212982231788
e,Threshold,848,0.6761234037828132,0.0,-0.5771212982231788
e,Threshold,849,0.760638829255665,0.0,-0.5771212982231788
e,Threshold,850,0.8451542547285166,0.0,-0.5771212982231788
e,Threshold,851,0.9296696802013682,0.0,-0.5771212982231788
e,Threshold,852,1.01418510567422,0.0,-0.5771212982231788
e,Threshold,853,1.0987005311470714,0.0,-0.5771212982231788
e,Threshold,854,1.1832159566199232,0.0,-0.5771212982231788
e,Threshold,855,1.267731382092775,0.0,-0.5771212982231788
e,Threshold,856,1.3522468075656264,0.0,-0.5771212982231788
e,Threshold,857,1.4367622330384782,0.0,-0.5771212982231788
e,Threshold,858,1.52127765851133,0.0,-0.5771212982231788
e,Threshold,859,1.6057930839841814,0.0,-0.5771212982231788
e,Threshold,860,1.6903085094570331,0.0,-0.5771212982231788
e,Threshold,861,-1.6903085094570331,0.08451542547285165,-0.5771212982231788
e,Threshold,862,-1.6057930839841814,0.08451542547285165,-0.5771212982231788
e,Threshold,863,-1.52127765851133,0.08451542547285165,-0.5771212982231788
e,Threshold,864,-1.4367622330384782,0.08451542547285165,-0.5771212982231788
e,Threshold,865,-1.3522468075656264,0.08451542547285165,-0.5771212982231788
e,Threshold,866,-1.267731382092775,0.08451542547285165,-0.5771212982231788
e,Threshold,867,-1.1832159566199232,0.08451542547285165,-0.5771212982231788
e,Threshold,868,-1.0987005311470714,0.08451542547285165,-0.5771212982231788
e,Threshold,869,-1.01418510567422,0.08451542547285165,-0.5771212982231788
e,Threshold,870,-0.9296696802013682,0.08451542547285165,-0.5771212982231788
e,Threshold,871,-0.8451542547285166,0.08451542547285165,-0.5771212982231788
e,Threshold,872,-0.760638829255665,0.08451542547285165,-0.5771212982231788
e,Threshold,873,-0.6761234037828132,0.08451542547285165,-0.5771212982231788
e,Threshold,874,-0.5916079783099616,0.08451542547285165,-0.5771212982231788
e,Threshold,875,-0.50709255283711,0.08451542547285165,-0.5771212982231788
e,Threshold,876,-0.4225771273642583,0.08451542547285165,-0.5771212982231788
e,Threshold,877,-0.3380617018914066,0.08451542547285165,-0.5771212982231788
e,Threshold,878,-0.253546276418555,0.08451542547285165,-0.5771212982231788
e,Threshold,879,-0.1690308509457033,0.08451542547285165,-0.5771212982231788
e,Threshold,880,-0.08451542547285165,0.08451542547285165,-0.5771212982231788
e,Threshold,881,0.0,0.08451542547285165,1.7327379929986393
e,Threshold,882,0.08451542547285165,0.08451542547285165,1.7327379929986393
e,Threshold,883,0.1690308509457033,0.08451542547285165,1.7327379929986393
e,Threshold,884,0.253546276418555,0.08451542547285165,1.7327379929986393
e,Threshold,885,0.3380617018914066,0.08451542547285165,1.7327379929986393
e,Threshold,886,0.4225771273642583,0.08451542547285165,1.7327379929986393
e,Threshold,887,0.50709255283711,0.08451542547285165,1.7327379929986393
e,Threshold,888,0.5916079783099616,0.08451542547285165,1.7327379929986393
e,Threshold,889,0.6761234037828132,0.08451542547285165,1.7327379929986393
e,Threshold,890,0.760638829255665,0.08451542547285165,1.7327379929986393
e,Threshold,891,0.8451542547285166,0.08451542547285165,1.7327379929986393
e,Threshold,892,0.9296696802013682,0.08451542547285165,1.7327379929986393
e,Threshold,893,1.01418510567422,0.08451542547285165,1.7327379929986393
e,Threshold,894,1.0987005311470714,0.08451542547285165,1.7327379929986393
e,Threshold,895,1.1832159566199232,0.08451542547285165,1.7327379929986393
e,Threshold,896,1.267731382092775,0.08451542547285165,1.7327379929986393
e,Threshold,897,1.3522468075656264,0.08451542547285165,1.7327379929986393
e,Threshold,898,1.4367622330384782,0.08451542547285165,1.7327379929986393
e,Threshold,899,1.52127765851133,0.08451542547285165,1.7327379929986393
e,Threshold,900,1.6057930839841814,0.08451542547285165,1.7327379929986393
e,Threshold,901,1.6903085094570331,0.08451542547285165,1.7327379929986393
e,Threshold,902,-1.6903085094570331,0.1690308509457033,-0.5771212982231788
e,Threshold,903,-1.6057930839841814,0.1690308509457033,-0.5771212982231788
e,Threshold,904,-1.52127765851133,0.1690308509457033,-0.5771212982231788
e,Threshold,905,-1.4367622330384782,0.1690308509457033,-0.5771212982231788
e,Threshold,906,-1.3522468075656264,0.1690308509457033,-0.5771212982231788
e,Threshold,907,-1.267731382092775,0.1690308509457033,-0.5771212982231788
e,Threshold,908,-1.1832159566199232,0.1690308509457033,-0.5771212982231788
e,Threshold,909,-1.0987005311470714,0.1690308509457033,-0.5771212982231788
e,Threshold,910,-1.01418510567422,0.1690308509457033,-0.5771212982231788
e,Threshold,911,-0.9296696802013682,0.1690308509457033,-0.5771212982231788
e,Threshold,912,-0.8451542547285166,0.1690308509457033,-0.5771212982231788
e,Threshold,913,-0.760638829255665,0.1690308509457033,-0.5771212982231788
e,Threshold,914,-0.6761234037828132,0.1690308509457033,-0.5771212982231788
e,Threshold,915,-0.5916079783099616,0.1690308509457033,-0.5771212982231788
e,Threshold,916,-0.50709255283711,0.1690308509457033,-0.5771212982231788
e,Threshold,917,-0.4225771273642583,0.1690308509457033,-0.5771212982231788
e,Threshold,918,-0.3380617018914066,0.1690308509457033,-0.5771212982231788
e,Threshold,919,-0.253546276418555,0.1690308509457033,-0.5771212982231788
e,Threshold,920,-0.1690308509457033,0.1690308509457033,-0.5771212982231788
e,Threshold,921,-0.08451542547285165,0.1690308509457033,-0.5771212982231788
e,Threshold,922,0.0,0.1690308509457033,1.7327379929986393
e,Threshold,923,0.08451542547285165,0.1690308509457033,1.7327379929986393
e,Threshold,924,0.1690308509457033,0.1690308509457033,1.7327379929986393
e,Threshold,925,0.253546276418555,0.1690308509457033,1.7327379929986393
e,Threshold,926,0.3380617018914066,0.1690308509457033,1.7327379929986393
e,Threshold,927,0.4225771273642583,0.1690308509457033,1.7327379929986393
e,Threshold,928,0.50709255283711,0.1690308509457033,1.7327379929986393
e,Threshold,929,0.5916079783099616,0.1690308509457033,1.7327379929986393
e,Threshold,930,0.6761234037828132,0.1690308509457033,1.7327379929986393
e,Threshold,931,0.760638829255665,0.1690308509457033,1.7327379929986393
e,Threshold,932,0.8451542547285166,0.1690308509457033,1.7327379929986393
e,Threshold,933,0.9296696802013682,0.1690308509457033,1.7327379929986393
e,Threshold,934,1.01418510567422,0.1690308509457033,1.7327379929986393
e,Threshold,935,1.0987005311470714,0.1690308509457033,1.7327379929986393
e,Threshold,936,1.1832159566199232,0.1690308509457033,1.7327379929986393
e,Threshold,937,1.267731382092775,0.1690308509457033,1.7327379929986393
e,Threshold,938,1.3522468075656264,0.1690308509457033,1.7327379929986393
e,Threshold,939,1.4367622330384782,0.1690308509457033,1.7327379929986393
e,Threshold,940,1.52127765851133,0.1690308509457033,1.7327379929986393
e,Threshold,941,1.6057930839841814,0.1690308509457033,1.7327379929986393
e,Threshold,942,1.6903085094570331,0.1690308509457033,1.7327379929986393
e,Threshold,943,-1.6903085094570331,0.253546276418555,-0.5771212982231788
e,Threshold,944,-1.6057930839841814,0.253546276418555,-0.5771212982231788
e,Threshold,945,-1.52127765851133,0.253546276418555,-0.5771212982231788
e,Threshold,946,-1.4367622330384782,0.253546276418555,-0.5771212982231788
e,Threshold,947,-1.3522468075656264,0.253546276418555,-0.5771212982231788
e,Threshold,948,-1.267731382092775,0.253546276418555,-0.5771212982231788
e,Threshold,949,-1.1832159566199232,0.253546276418555,-0.5771212982231788
e,Threshold,950,-1.0987005311470714,0.253546276418555,-0.5771212982231788
e,Threshold,951,-1.01418510567422,0.253546276418555,-0.5771212982231788
e,Threshold,952,-0.9296696802013682,0.253546276418555,-0.5771212982231788
e,Threshold,953,-0.8451542547285166,0.253546276418555,-0.5771212982231788
e,Threshold,954,-0.760638829255665,0.253546276418555,-0.5771212982231788
e,Threshold,955,-0.6761234037828132,0.253546276418555,-0.5771212982231788
e,Threshold,956,-0.5916079783099616,0.253546276418555,-0.5771212982231788
e,Threshold,957,-0.50709255283711,0.253546276418555,-0.5771212982231788
e,Threshold,958,-0.4225771273642583,0.253546276418555,-0.5771212982231788
e,Threshold,959,-0.3380617018914066,0.253546276418555,-0.5771212982231788
e,Threshold,960,-0.253546276418555,0.253546276418555,-0.5771212982231788
e,Threshold,961,-0.1690308509457033,0.253546276418555,-0.5771212982231788
e,Threshold,962,-0.08451542547285165,0.253546276418555,-0.5771212982231788
e,Threshold,963,0.0,0.253546276418555,1.7327379929986393
e,Threshold,964,0.08451542547285165,0.253546276418555,1.7327379929986393
e,Threshold,965,0.1690308509457033,0.253546276418555,1.7327379929986393
e,Threshold,966,0.253546276418555,0.253546276418555,1.7327379929986393
e,Threshold,967,0.3380617018914066,0.253546276418555,1.7327379929986393
e,Threshold,968,0.4225771273642583,0.253546276418555,1.7327379929986393
e,Threshold,969,0.50709255283711,0.253546276418555,1.7327379929986393
e,Threshold,970,0.5916079783099616,0.253546276418555,1.7327379929986393
e,Threshold,971,0.6761234037828132,0.253546276418555,1.7327379929986393
e,Threshold,972,0.760638829255665,0.253546276418555,1.7327379929986393
e,Threshold,973,0.8451542547285166,0.253546276418555,1.7327379929986393
e,Threshold,974,0.9296696802013682,0.253546276418555,1.7327379929986393
e,Threshold,975,1.01418510567422,0.253546276418555,1.7327379929986393
e,Threshold,976,1.0987005311470714,0.253546276418555,1.7327379929986393
e,Threshold,977,1.1832159566199232,0.253546276418555,1.7327379929986393
e,Threshold,978,1.267731382092775,0.253546276418555,1.7327379929986393
e,Threshold,979,1.3522468075656264,0.253546276418555,1.7327379929986393
e,Threshold,980,1.4367622330384782,0.253546276418555,1.7327379929986393
e,Threshold,981,1.52127765851133,0.253546276418555,1.7327379929986393
e,Threshold,982,1.6057930839841814,0.253546276418555,1.7327379929986393
e,Threshold,983,1.6903085094570331,0.253546276418555,1.7327379929986393
e,Threshold,984,-1.6903085094570331,0.3380617018914066,-0.5771212982231788
e,Threshold,985,-1.6057930839841814,0.3380617018914066,-0.5771212982231788
e,Threshold,986,-1.52127765851133,0.3380617018914066,-0.5771212982231788
e,Threshold,987,-1.4367622330384782,0.3380617018914066,-0.5771212982231788
e,Threshold,988,-1.3522468075656264,0.3380617018914066,-0.5771212982231788
e,Threshold,989,-1.267731382092775,0.3380617018914066,-0.5771212982231788
e,Threshold,990,-1.1832159566199232,0.3380617018914066,-0.5771212982231788
e,Threshold,991,-1.0987005311470714,0.3380617018914066,-0.5771212982231788
e,Threshold,992,-1.01418510567422,0.3380617018914066,-0.5771212982231788
e,Threshold,993,-0.9296696802013682,0.3380617018914066,-0.5771212982231788
e,Threshold,994,-0.8451542547285166,0.3380617018914066,-0.5771212982231788
e,Threshold,995,-0.760638829255665,0.3380617018914066,-0.5771212982231788
e,Threshold,996,-0.6761234037828132,0.3380617018914066,-0.5771212982231788
e,Threshold,997,-0.5916079783099616,0.3380617018914066,-0.5771212982231788
e,Threshold,998,-0.50709255283711,0.3380617018914066,-0.5771212982231788
e,Threshold,999,-0.4225771273642583,0.3380617018914066,-0.5771212982231788
e,Threshold,1000,-0.3380617018914066,0.3380617018914066,-0.5771212982231788
e,Threshold,1001,-0.253546276418555,0.3380617018914066,-0.5771212982231788
e,Threshold,1002,-0.1690308509457033,0.3380617018914066,-0.5771212982231788
e,Threshold,1003,-0.08451542547285165,0.3380617018914066,-0.5771212982231788
e,Threshold,1004,0.0,0.3380617018914066,1.7327379929986393
e,Threshold,1005,0.08451542547285165,0.3380617018914066,1.7327379929986393
e,Threshold,1006,0.1690308509457033,0.3380617018914066,1.7327379929986393
e,Threshold,1007,0.253546276418555,0.3380617018914066,1.7327379929986393
e,Threshold,1008,0.3380617018914066,0.3380617018914066,1.7327379929986393
e,Threshold,1009,0.4225771273642583,0.3380617018914066,1.7327379929986393
e,Threshold,1010,0.50709255283711,0.3380617018914066,1.7327379929986393
e,Threshold,1011,0.5916079783099616,0.3380617018914066,1.7327379929986393
e,Threshold,1012,0.6761234037828132,0.3380617018914066,1.7327379929986393
e,Threshold,1013,0.760638829255665,0.3380617018914066,1.7327379929986393
e,Threshold,1014,0.8451542547285166,0.3380617018914066,1.7327379929986393
e,Threshold,1015,0.9296696802013682,0.3380617018914066,1.7327379929986393
e,Threshold,1016,1.01418510567422,0.3380617018914066,1.7327379929986393
e,Threshold,1017,1.0987005311470714,0.3380617018914066,1.7327379929986393
e,Threshold,1018,1.1832159566199232,0.3380617018914066,1.7327379929986393
e,Threshold,1019,1.267731382092775,0.3380617018914066,1.7327379929986393
e,Threshold,1020,1.3522468075656264,0.3380617018914066,1.7327379929986393
e,Threshold,1021,1.4367622330384782,0.3380617018914066,1.7327379929986393
e,Threshold,1022,1.52127765851133,0.3380617018914066,1.7327379929986393
e,Threshold,1023,1.6057930839841814,0.3380617018914066,1.7327379929986393
e,Threshold,1024,1.6903085094570331,0.3380617018914066,1.7327379929986393
e,Threshold,1025,-1.6903085094570331,0.4225771273642583,-0.5771212982231788
e,Threshold,1026,-1.6057930839841814,0.4225771273642583,-0.5771212982231788
e,Threshold,1027,-1.52127765851133,0.4225771273642583,-0.5771212982231788
e,Threshold,1028,-1.4367622330384782,0.4225771273642583,-0.5771212982231788
e,Threshold,1029,-1.3522468075656264,0.4225771273642583,-0.5771212982231788
e,Threshold,1030,-1.267731382092775,0.4225771273642583,-0.5771212982231788
e,Threshold,1031,-1.1832159566199232,0.4225771273642583,-0.5771212982231788
e,Threshold,1032,-1.0987005311470714,0.4225771273642583,-0.5771212982231788
e,Threshold,1033,-1.01418510567422,0.4225771273642583,-0.5771212982231788
e,Threshold,1034,-0.9296696802013682,0.4225771273642583,-0.5771212982231788
e,Threshold,1035,-0.8451542547285166,0.4225771273642583,-0.5771212982231788
e,Threshold,1036,-0.760638829255665,0.4225771273642583,-0.5771212982231788
e,Threshold,1037,-0.6761234037828132,0.4225771273642583,-0.5771212982231788
e,Threshold,1038,-0.5916079783099616,0.4225771273642583,-0.5771212982231788
e,Threshold,1039,-0.50709255283711,0.4225771273642583,-0.5771212982231788
e,Threshold,1040,-0.4225771273642583,0.4225771273642583,-0.5771212982231788
e,Threshold,1041,-0.3380617018914066,0.4225771273642583,-0.5771212982231788
e,Threshold,1042,-0.253546276418555,0.4225771273642583,-0.5771212982231788
e,Threshold,1043,-0.1690308509457033,0.4225771273642583,-0.5771212982231788
e,Threshold,1044,-0.08451542547285165,0.4225771273642583,-0.5771212982231788
e,Threshold,1045,0.0,0.4225771273642583,1.7327379929986393
e,Threshold,1046,0.08451542547285165,0.4225771273642583,1.7327379929986393
e,Threshold,1047,0.1690308509457033,0.4225771273642583,1.7327379929986393
e,Threshold,1048,0.253546276418555,0.4225771273642583,1.7327379929986393
e,Threshold,1049,0.3380617018914066,0.4225771273642583,1.7327379929986393
e,Threshold,1050,0.4225771273642583,0.4225771273642583,1.7327379929986393
e,Threshold,1051,0.50709255283711,0.4225771273642583,1.7327379929986393
e,Threshold,1052,0.5916079783099616,0.4225771273642583,1.7327379929986393
e,Threshold,1053,0.6761234037828132,0.4225771273642583,1.7327379929986393
e,Threshold,1054,0.760638829255665,0.4225771273642583,1.7327379929986393
e,Threshold,1055,0.8451542547285166,0.4225771273642583,1.7327379929986393
e,Threshold,1056,0.9296696802013682,0.4225771273642583,1.7327379929986393
e,Threshold,1057,1.01418510567422,0.4225771273642583,1.7327379929986393
e,Threshold,1058,1.0987005311470714,0.4225771273642583,1.7327379929986393
e,Threshold,1059,1.1832159566199232,0.4225771273642583,1.7327379929986393
e,Threshold,1060,1.267731382092775,0.4225771273642583,1.7327379929986393
e,Threshold,1061,1.3522468075656264,0.4225771273642583,1.7327379929986393
e,Threshold,1062,1.4367622330384782,0.4225771273642583,1.7327379929986393
e,Threshold,1063,1.52127765851133,0.4225771273642583,1.7327379929986393
e,Threshold,1064,1.6057930839841814,0.4225771273642583,1.7327379929986393
e,Threshold,1065,1.6903085094570331,0.4225771273642583,1.7327379929986393
e,Threshold,1066,-1.6903085094570331,0.50709255283711,-0.5771212982231788
e,Threshold,1067,-1.6057930839841814,0.50709255283711,-0.5771212982231788
e,Threshold,1068,-1.52127765851133,0.50709255283711,-0.5771212982231788
e,Threshold,1069,-1.4367622330384782,0.50709255283711,-0.5771212982231788
e,Threshold,1070,-1.3522468075656264,0.50709255283711,-0.5771212982231788
e,Threshold,1071,-1.267731382092775,0.50709255283711,-0.5771212982231788
e,Threshold,1072,-1.1832159566199232,0.50709255283711,-0.5771212982231788
e,Threshold,1073,-1.0987005311470714,0.50709255283711,-0.5771212982231788
e,Threshold,1074,-1.01418510567422,0.50709255283711,-0.5771212982231788
e,Threshold,1075,-0.9296696802013682,0.50709255283711,-0.5771212982231788
e,Threshold,1076,-0.8451542547285166,0.50709255283711,-0.5771212982231788
e,Threshold,1077,-0.760638829255665,0.50709255283711,-0.5771212982231788
e,Threshold,1078,-0.6761234037828132,0.50709255283711,-0.5771212982231788
e,Threshold,1079,-0.5916079783099616,0.50709255283711,-0.5771212982231788
e,Threshold,1080,-0.50709255283711,0.50709255283711,-0.5771212982231788
e,Threshold,1081,-0.4225771273642583,0.50709255283711,-0.5771212982231788
e,Threshold,1082,-0.3380617018914066,0.50709255283711,-0.5771212982231788
e,Threshold,1083,-0.253546276418555,0.50709255283711,-0.5771212982231788
e,Threshold,1084,-0.1690308509457033,0.50709255283711,-0.5771212982231788
e,Threshold,1085,-0.08451542547285165,0.50709255283711,-0.5771212982231788
e,Threshold,1086,0.0,0.50709255283711,1.7327379929986393
e,Threshold,1087,0.08451542547285165,0.50709255283711,1.7327379929986393
e,Threshold,1088,0.1690308509457033,0.50709255283711,1.7327379929986393
e,Threshold,1089,0.253546276418555,0.50709255283711,1.7327379929986393
e,Threshold,1090,0.3380617018914066,0.50709255283711,1.7327379929986393
e,Threshold,1091,0.4225771273642583,0.50709255283711,1.7327379929986393
e,Threshold,1092,0.50709255283711,0.50709255283711,1.7327379929986393
e,Threshold,1093,0.5916079783099616,0.50709255283711,1.7327379929986393
e,Threshold,1094,0.6761234037828132,0.50709255283711,1.7327379929986393
e,Threshold,1095,0.760638829255665,0.50709255283711,1.7327379929986393
e,Threshold,1096,0.8451542547285166,0.50709255283711,1.7327379929986393
e,Threshold,1097,0.9296696802013682,0.50709255283711,1.7327379929986393
e,Threshold,1098,1.01418510567422,0.50709255283711,1.7327379929986393
e,Threshold,1099,1.0987005311470714,0.50709255283711,1.7327379929986393
e,Threshold,1100,1.1832159566199232,0.50709255283711,1.7327379929986393
e,Threshold,1101,1.267731382092775,0.50709255283711,1.7327379929986393
e,Threshold,1102,1.3522468075656264,0.50709255283711,1.7327379929986393
e,Threshold,1103,1.4367622330384782,0.50709255283711,1.7327379929986393
e,Threshold,1104,1.52127765851133,0.50709255283711,1.7327379929986393
e,Threshold,1105,1.6057930839841814,0.50709255283711,1.7327379929986393
e,Threshold,1106,1.6903085094570331,0.50709255283711,1.7327379929986393
e,Threshold,1107,-1.6903085094570331,0.5916079783099616,-0.5771212982231788
e,Threshold,1108,-1.6057930839841814,0.5916079783099616,-0.5771212982231788
e,Threshold,1109,-1.52127765851133,0.5916079783099616,-0.5771212982231788
e,Threshold,1110,-1.4367622330384782,0.5916079783099616,-0.5771212982231788
e,Threshold,1111,-1.3522468075656264,0.5916079783099616,-0.5771212982231788
e,Threshold,1112,-1.267731382092775,0.5916079783099616,-0.5771212982231788
e,Threshold,1113,-1.1832159566199232,0.5916079783099616,-0.5771212982231788
e,Threshold,1114,-1.0987005311470714,0.5916079783099616,-0.5771212982231788
e,Threshold,1115,-1.01418510567422,0.5916079783099616,-0.5771212982231788
e,Threshold,1116,-0.9296696802013682,0.5916079783099616,-0.5771212982231788
e,Threshold,1117,-0.8451542547285166,0.5916079783099616,-0.5771212982231788
e,Threshold,1118,-0.760638829255665,0.5916079783099616,-0.5771212982231788
e,Threshold,1119,-0.6761234037828132,0.5916079783099616,-0.5771212982231788
e,Threshold,1120,-0.5916079783099616,0.5916079783099616,-0.5771212982231788
e,Threshold,1121,-0.50709255283711,0.5916079783099616,-0.5771212982231788
e,Threshold,1122,-0.4225771273642583,0.5916079783099616,-0.5771212982231788
e,Threshold,1123,-0.3380617018914066,0.5916079783099616,-0.5771212982231788
e,Threshold,1124,-0.253546276418555,0.5916079783099616,-0.5771212982231788
e,Threshold,1125,-0.1690308509457033,0.5916079783099616,-0.5771212982231788
e,Threshold,1126,-0.08451542547285165,0.5916079783099616,-0.5771212982231788
e,Threshold,1127,0.0,0.5916079783099616,1.7327379929986393
e,Threshold,1128,0.08451542547285165,0.5916079783099616,1.7327379929986393
e,Threshold,1129,0.1690308509457033,0.5916079783099616,1.7327379929986393
e,Threshold,1130,0.253546276418555,0.5916079783099616,1.7327379929986393
e,Threshold,1131,0.3380617018914066,0.5916079783099616,1.7327379929986393
e,Threshold,1132,0.4225771273642583,0.5916079783099616,1.7327379929986393
e,Threshold,1133,0.50709255283711,0.5916079783099616,1.7327379929986393
e,Threshold,1134,0.5916079783099616,0.5916079783099616,1.7327379929986393
e,Threshold,1135,0.6761234037828132,0.5916079783099616,1.7327379929986393
e,Threshold,1136,0.760638829255665,0.5916079783099616,1.7327379929986393
e,Threshold,1137,0.8451542547285166,0.5916079783099616,1.7327379929986393
e,Threshold,1138,0.9296696802013682,0.5916079783099616,1.7327379929986393
e,Threshold,1139,1.01418510567422,0.5916079783099616,1.7327379929986393
e,Threshold,1140,1.0987005311470714,0.5916079783099616,1.7327379929986393
e,Threshold,1141,1.1832159566199232,0.5916079783099616,1.7327379929986393
e,Threshold,1142,1.267731382092775,0.5916079783099616,1.7327379929986393
e,Threshold,1143,1.3522468075656264,0.5916079783099616,1.7327379929986393
e,Threshold,1144,1.4367622330384782,0.5916079783099616,1.7327379929986393
e,Threshold,1145,1.52127765851133,0.5916079783099616,1.7327379929986393
e,Threshold,1146,1.6057930839841814,0.5916079783099616,1.7327379929986393
e,Threshold,1147,1.6903085094570331,0.5916079783099616,1.7327379929986393
e,Threshold,1148,-1.6903085094570331,0.6761234037828132,-0.5771212982231788
e,Threshold,1149,-1.6057930839841814,0.6761234037828132,-0.5771212982231788
e,Threshold,1150,-1.52127765851133,0.6761234037828132,-0.5771212982231788
e,Threshold,1151,-1.4367622330384782,0.6761234037828132,-0.5771212982231788
e,Threshold,1152,-1.3522468075656264,0.6761234037828132,-0.5771212982231788
e,Threshold,1153,-1.267731382092775,0.6761234037828132,-0.5771212982231788
e,Threshold,1154,-1.1832159566199232,0.6761234037828132,-0.5771212982231788
e,Threshold,1155,-1.0987005311470714,0.6761234037828132,-0.5771212982231788
e,Threshold,1156,-1.01418510567422,0.6761234037828132,-0.5771212982231788
e,Threshold,1157,-0.9296696802013682,0.6761234037828132,-0.5771212982231788
e,Threshold,1158,-0.8451542547285166,0.6761234037828132,-0.5771212982231788
e,Threshold,1159,-0.760638829255665,0.6761234037828132,-0.5771212982231788
e,Threshold,1160,-0.6761234037828132,0.6761234037828132,-0.5771212982231788
e,Threshold,1161,-0.5916079783099616,0.6761234037828132,-0.5771212982231788
e,Threshold,1162,-0.50709255283711,0.6761234037828132,-0.5771212982231788
e,Threshold,1163,-0.4225771273642583,0.6761234037828132,-0.5771212982231788
e,Threshold,1164,-0.3380617018914066,0.6761234037828132,-0.5771212982231788
e,Threshold,1165,-0.253546276418555,0.6761234037828132,-0.5771212982231788
e,Threshold,1166,-0.1690308509457033,0.6761234037828132,-0.5771212982231788
e,Threshold,1167,-0.08451542547285165,0.6761234037828132,-0.5771212982231788
e,Threshold,1168,0.0,0.6761234037828132,1.7327379929986393
e,Threshold,1169,0.08451542547285165,0.6761234037828132,1.7327379929986393
e,Threshold,1170,0.1690308509457033,0.6761234037828132,1.7327379929986393
e,Threshold,1171,0.253546276418555,0.6761234037828132,1.7327379929986393
e,Threshold,1172,0.3380617018914066,0.6761234037828132,1.7327379929986393
e,Threshold,1173,0.4225771273642583,0.6761234037828132,1.7327379929986393
e,Threshold,1174,0.50709255283711,0.6761234037828132,1.7327379929986393
e,Threshold,1175,0.5916079783099616,0.6761234037828132,1.7327379929986393
e,Threshold,1176,0.6761234037828132,0.6761234037828132,1.7327379929986393
e,Threshold,1177,0.760638829255665,0.6761234037828132,1.7327379929986393
e,Threshold,1178,0.8451542547285166,0.6761234037828132,1.7327379929986393
e,Threshold,1179,0.9296696802013682,0.6761234037828132,1.7327379929986393
e,Threshold,1180,1.01418510567422,0.6761234037828132,1.7327379929986393
e,Threshold,1181,1.0987005311470714,0.6761234037828132,1.7327379929986393
e,Threshold,1182,1.1832159566199232,0.6761234037828132,1.7327379929986393
e,Threshold,1183,1.267731382092775,0.6761234037828132,1.7327379929986393
e,Threshold,1184,1.3522468075656264,0.6761234037828132,1.7327379929986393
e,Threshold,1185,1.4367622330384782,0.6761234037828132,1.7327379929986393
e,Threshold,1186,1.52127765851133,0.6761234037828132,1.7327379929986393
e,Threshold,1187,1.6057930839841814,0.6761234037828132,1.7327379929986393
e,Threshold,1188,1.6903085094570331,0.6761234037828132,1.7327379929986393
e,Threshold,1189,-1.6903085094570331,0.760638829255665,-0.5771212982231788
e,Threshold,1190,-1.6057930839841814,0.760638829255665,-0.5771212982231788
e,Threshold,1191,-1.52127765851133,0.760638829255665,-0.5771212982231788
e,Threshold,1192,-1.4367622330384782,0.760638829255665,-0.5771212982231788
e,Threshold,1193,-1.3522468075656264,0.760638829255665,-0.5771212982231788
e,Threshold,1194,-1.267731382092775,0.760638829255665,-0.5771212982231788
e,Threshold,1195,-1.1832159566199232,0.760638829255665,-0.5771212982231788
e,Threshold,1196,-1.0987005311470714,0.760638829255665,-0.5771212982231788
e,Threshold,1197,-1.01418510567422,0.760638829255665,-0.5771212982231788
e,Threshold,1198,-0.9296696802013682,0.760638829255665,-0.5771212982231788
e,Threshold,1199,-0.8451542547285166,0.760638829255665,-0.5771212982231788
e,Threshold,1200,-0.760638829255665,0.760638829255665,-0.5771212982231788
e,Threshold,1201,-0.6761234037828132,0.760638829255665,-0.5771212982231788
e,Threshold,1202,-0.5916079783099616,0.760638829255665,-0.5771212982231788
e,Threshold,1203,-0.50709255283711,0.760638829255665,-0.5771212982231788
e,Threshold,1204,-0.4225771273642583,0.760638829255665,-0.5771212982231788
e,Threshold,1205,-0.3380617018914066,0.760638829255665,-0.5771212982231788
e,Threshold,1206,-0.253546276418555,0.760638829255665,-0.5771212982231788
e,Threshold,1207,-0.1690308509457033,0.760638829255665,-0.5771212982231788
e,Threshold,1208,-0.08451542547285165,0.760638829255665,-0.5771212982231788
e,Threshold,1209,0.0,0.760638829255665,1.7327379929986393
e,Threshold,1210,0.08451542547285165,0.760638829255665,1.7327379929986393
e,Threshold,1211,0.1690308509457033,0.760638829255665,1.7327379929986393
e,Threshold,1212,0.253546276418555,0.760638829255665,1.7327379929986393
e,Threshold,1213,0.3380617018914066,0.760638829255665,1.7327379929986393
e,Threshold,1214,0.4225771273642583,0.760638829255665,1.7327379929986393
e,Threshold,1215,0.50709255283711,0.760638829255665,1.7327379929986393
e,Threshold,1216,0.5916079783099616,0.760638829255665,1.7327379929986393
e,Threshold,1217,0.6761234037828132,0.760638829255665,1.7327379929986393
e,Threshold,1218,0.760638829255665,0.760638829255665,1.7327379929986393
e,Threshold,1219,0.8451542547285166,0.760638829255665,1.7327379929986393
e,Threshold,1220,0.9296696802013682,0.760638829255665,1.7327379929986393
e,Threshold,1221,1.01418510567422,0.760638829255665,1.7327379929986393
e,Threshold,1222,1.0987005311470714,0.760638829255665,1.7327379929986393
e,Threshold,1223,1.1832159566199232,0.760638829255665,1.7327379929986393
e,Threshold,1224,1.267731382092775,0.760638829255665,1.7327379929986393
e,Threshold,1225,1.3522468075656264,0.760638829255665,1.7327379929986393
e,Threshold,1226,1.4367622330384782,0.760638829255665,1.7327379929986393
e,Threshold,1227,1.52127765851133,0.760638829255665,1.7327379929986393
e,Threshold,1228,1.6057930839841814,0.760638829255665,1.7327379929986393
e,Threshold,1229,1.6903085094570331,0.760638829255665,1.7327379929986393
e,Threshold,1230,-1.6903085094570331,0.8451542547285166,-0.5771212982231788
e,Threshold,1231,-1.6057930839841814,0.8451542547285166,-0.5771212982231788
e,Threshold,1232,-1.52127765851133,0.8451542547285166,-0.5771212982231788
e,Threshold,1233,-1.4367622330384782,0.8451542547285166,-0.5771212982231788
e,Threshold,1234,-1.3522468075656264,0.8451542547285166,-0.5771212982231788
e,Threshold,1235,-1.267731382092775,0.8451542547285166,-0.5771212982231788
e,Threshold,1236,-1.1832159566199232,0.8451542547285166,-0.5771212982231788
e,Threshold,1237,-1.0987005311470714,0.8451542547285166,-0.5771212982231788
e,Threshold,1238,-1.01418510567422,0.8451542547285166,-0.5771212982231788
e,Threshold,1239,-0.9296696802013682,0.8451542547285166,-0.5771212982231788
e,Threshold,1240,-0.8451542547285166,0.8451542547285166,-0.5771212982231788
e,Threshold,1241,-0.760638829255665,0.8451542547285166,-0.5771212982231788
e,Threshold,1242,-0.6761234037828132,0.8451542547285166,-0.5771212982231788
e,Threshold,1243,-0.5916079783099616,0.8451542547285166,-0.5771212982231788
e,Threshold,1244,-0.50709255283711,0.8451542547285166,-0.5771212982231788
e,Threshold,1245,-0.4225771273642583,0.8451542547285166,-0.5771212982231788
e,Threshold,1246,-0.3380617018914066,0.8451542547285166,-0.5771212982231788
e,Threshold,1247,-0.253546276418555,0.8451542547285166,-0.5771212982231788
e,Threshold,1248,-0.1690308509457033,0.8451542547285166,-0.5771212982231788
e,Threshold,1249,-0.08451542547285165,0.8451542547285166,-0.5771212982231788
e,Threshold,1250,0.0,0.8451542547285166,1.7327379929986393
e,Threshold,1251,0.08451542547285165,0.8451542547285166,1.7327379929986393
e,Threshold,1252,0.1690308509457033,0.8451542547285166,1.7327379929986393
e,Threshold,1253,0.253546276418555,0.8451542547285166,1.7327379929986393
e,Threshold,1254,0.3380617018914066,0.8451542547285166,1.7327379929986393
e,Threshold,1255,0.4225771273642583,0.8451542547285166,1.7327379929986393
e,Threshold,1256,0.50709255283711,0.8451542547285166,1.7327379929986393
e,Threshold,1257,0.5916079783099616,0.8451542547285166,1.7327379929986393
e,Threshold,1258,0.6761234037828132,0.8451542547285166,1.7327379929986393
e,Threshold,1259,0.760638829255665,0.8451542547285166,1.7327379929986393
e,Threshold,1260,0.8451542547285166,0.8451542547285166,1.7327379929986393
e,Threshold,1261,0.9296696802013682,0.8451542547285166,1.7327379929986393
e,Threshold,1262,1.01418510567422,0.8451542547285166,1.7327379929986393
e,Threshold,1263,1.0987005311470714,0.8451542547285166,1.7327379929986393
e,Threshold,1264,1.1832159566199232,0.8451542547285166,1.7327379929986393
e,Threshold,1265,1.267731382092775,0.8451542547285166,1.7327379929986393
e,Threshold,1266,1.3522468075656264,0.8451542547285166,1.7327379929986393
e,Threshold,1267,1.4367622330384782,0.8451542547285166,1.7327379929986393
e,Threshold,1268,1.52127765851133,0.8451542547285166,1.7327379929986393
e,Threshold,1269,1.6057930839841814,0.8451542547285166,1.7327379929986393
e,Threshold,1270,1.6903085094570331,0.8451542547285166,1.7327379929986393
e,Threshold,1271,-1.6903085094570331,0.9296696802013682,-0.5771212982231788
e,Threshold,1272,-1.6057930839841814,0.9296696802013682,-0.5771212982231788
e,Threshold,1273,-1.52127765851133,0.9296696802013682,-0.5771212982231788
e,Threshold,1274,-1.4367622330384782,0.9296696802013682,-0.5771212982231788
e,Threshold,1275,-1.3522468075656264,0.9296696802013682,-0.5771212982231788
e,Threshold,1276,-1.267731382092775,0.9296696802013682,-0.5771212982231788
e,Threshold,1277,-1.1832159566199232,0.9296696802013682,-0.5771212982231788
e,Threshold,1278,-1.0987005311470714,0.9296696802013682,-0.5771212982231788
e,Threshold,1279,-1.01418510567422,0.9296696802013682,-0.5771212982231788
e,Threshold,1280,-0.9296696802013682,0.9296696802013682,-0.5771212982231788
e,Threshold,1281,-0.8451542547285166,0.9296696802013682,-0.5771212982231788
e,Threshold,1282,-0.760638829255665,0.9296696802013682,-0.5771212982231788
e,Threshold,1283,-0.6761234037828132,0.9296696802013682,-0.5771212982231788
e,Threshold,1284,-0.5916079783099616,0.9296696802013682,-0.5771212982231788
e,Threshold,1285,-0.50709255283711,0.9296696802013682,-0.5771212982231788
e,Threshold,1286,-0.4225771273642583,0.9296696802013682,-0.5771212982231788
e,Threshold,1287,-0.3380617018914066,0.9296696802013682,-0.5771212982231788
e,Threshold,1288,-0.253546276418555,0.9296696802013682,-0.5771212982231788
e,Threshold,1289,-0.1690308509457033,0.9296696802013682,-0.5771212982231788
e,Threshold,1290,-0.08451542547285165,0.9296696802013682,-0.5771212982231788
e,Threshold,1291,0.0,0.9296696802013682,1.7327379929986393
e,Threshold,1292,0.08451542547285165,0.9296696802013682,1.7327379929986393
e,Threshold,1293,0.1690308509457033,0.9296696802013682,1.7327379929986393
e,Threshold,1294,0.253546276418555,0.9296696802013682,1.7327379929986393
e,Threshold,1295,0.3380617018914066,0.9296696802013682,1.7327379929986393
e,Threshold,1296,0.4225771273642583,0.9296696802013682,1.7327379929986393
e,Threshold,1297,0.50709255283711,0.9296696802013682,1.7327379929986393
e,Threshold,1298,0.5916079783099616,0.9296696802013682,1.7327379929986393
e,Threshold,1299,0.6761234037828132,0.9296696802013682,1.7327379929986393
e,Threshold,1300,0.760638829255665,0.9296696802013682,1.7327379929986393
e,Threshold,1301,0.8451542547285166,0.9296696802013682,1.7327379929986393
e,Threshold,1302,0.9296696802013682,0.9296696802013682,1.7327379929986393
e,Threshold,1303,1.01418510567422,0.9296696802013682,1.7327379929986393
e,Threshold,1304,1.0987005311470714,0.9296696802013682,1.7327379929986393
e,Threshold,1305,1.1832159566199232,0.9296696802013682,1.7327379929986393
e,Threshold,1306,1.267731382092775,0.9296696802013682,1.7327379929986393
e,Threshold,1307,1.3522468075656264,0.9296696802013682,1.7327379929986393
e,Threshold,1308,1.4367622330384782,0.9296696802013682,1.7327379929986393
e,Threshold,1309,1.52127765851133,0.9296696802013682,1.7327379929986393
e,Threshold,1310,1.6057930839841814,0.9296696802013682,1.7327379929986393
e,Threshold,1311,1.6903085094570331,0.9296696802013682,1.7327379929986393
e,Threshold,1312,-1.6903085094570331,1.01418510567422,-0.5771212982231788
e,Threshold,1313,-1.6057930839841814,1.01418510567422,-0.5771212982231788
e,Threshold,1314,-1.52127765851133,1.01418510567422,-0.5771212982231788
e,Threshold,1315,-1.4367622330384782,1.01418510567422,-0.5771212982231788
e,Threshold,1316,-1.3522468075656264,1.01418510567422,-0.5771212982231788
e,Threshold,1317,-1.267731382092775,1.01418510567422,-0.5771212982231788
e,Threshold,1318,-1.1832159566199232,1.01418510567422,-0.5771212982231788
e,Threshold,1319,-1.0987005311470714,1.01418510567422,-0.5771212982231788
e,Threshold,1320,-1.01418510567422,1.01418510567422,-0.5771212982231788
e,Threshold,1321,-0.9296696802013682,1.01418510567422,-0.5771212982231788
e,Threshold,1322,-0.8451542547285166,1.01418510567422,-0.5771212982231788
e,Threshold,1323,-0.760638829255665,1.01418510567422,-0.5771212982231788
e,Threshold,1324,-0.6761234037828132,1.01418510567422,-0.5771212982231788
e,Threshold,1325,-0.5916079783099616,1.01418510567422,-0.5771212982231788
e,Threshold,1326,-0.50709255283711,1.01418510567422,-0.5771212982231788
e,Threshold,1327,-0.4225771273642583,1.01418510567422,-0.5771212982231788
e,Threshold,1328,-0.3380617018914066,1.01418510567422,-0.5771212982231788
e,Threshold,1329,-0.253546276418555,1.01418510567422,-0.5771212982231788
e,Threshold,1330,-0.1690308509457033,1.01418510567422,-0.5771212982231788
e,Threshold,1331,-0.08451542547285165,1.01418510567422,-0.5771212982231788
e,Threshold,1332,0.0,1.01418510567422,1.7327379929986393
e,Threshold,1333,0.08451542547285165,1.01418510567422,1.7327379929986393
e,Threshold,1334,0.1690308509457033,1.01418510567422,1.7327379929986393
e,Threshold,1335,0.253546276418555,1.01418510567422,1.7327379929986393
e,Threshold,1336,0.3380617018914066,1.01418510567422,1.7327379929986393
e,Threshold,1337,0.4225771273642583,1.01418510567422,1.7327379929986393
e,Threshold,1338,0.50709255283711,1.01418510567422,1.7327379929986393
e,Threshold,1339,0.5916079783099616,1.01418510567422,1.7327379929986393
e,Threshold,1340,0.6761234037828132,1.01418510567422,1.7327379929986393
e,Threshold,1341,0.760638829255665,1.01418510567422,1.7327379929986393
e,Threshold,1342,0.8451542547285166,1.01418510567422,1.7327379929986393
e,Threshold,1343,0.9296696802013682,1.01418510567422,1.7327379929986393
e,Threshold,1344,1.01418510567422,1.01418510567422,1.7327379929986393
e,Threshold,1345,1.0987005311470714,1.01418510567422,1.7327379929986393
e,Threshold,1346,1.1832159566199232,1.01418510567422,1.7327379929986393
e,Threshold,1347,1.267731382092775,1.01418510567422,1.7327379929986393
e,Threshold,1348,1.3522468075656264,1.01418510567422,1.7327379929986393
e,Threshold,1349,1.4367622330384782,1.01418510567422,1.7327379929986393
e,Threshold,1350,1.52127765851133,1.01418510567422,1.7327379929986393
e,Threshold,1351,1.6057930839841814,1.01418510567422,1.7327379929986393
e,Threshold,1352,1.6903085094570331,1.01418510567422,1.7327379929986393
e,Threshold,1353,-1.6903085094570331,1.0987005311470714,-0.5771212982231788
e,Threshold,1354,-1.6057930839841814,1.0987005311470714,-0.5771212982231788
e,Threshold,1355,-1.52127765851133,1.0987005311470714,-0.5771212982231788
e,Threshold,1356,-1.4367622330384782,1.0987005311470714,-0.5771212982231788
e,Threshold,1357,-1.3522468075656264,1.0987005311470714,-0.5771212982231788
e,Threshold,1358,-1.267731382092775,1.0987005311470714,-0.5771212982231788
e,Threshold,1359,-1.1832159566199232,1.0987005311470714,-0.5771212982231788
e,Threshold,1360,-1.0987005311470714,1.0987005311470714,-0.5771212982231788
e,Threshold,1361,-1.01418510567422,1.0987005311470714,-0.5771212982231788
e,Threshold,1362,-0.9296696802013682,1.0987005311470714,-0.5771212982231788
e,Threshold,1363,-0.8451542547285166,1.0987005311470714,-0.5771212982231788
e,Threshold,1364,-0.760638829255665,1.0987005311470714,-0.5771212982231788
e,Threshold,1365,-0.6761234037828132,1.0987005311470714,-0.5771212982231788
e,Threshold,1366,-0.5916079783099616,1.0987005311470714,-0.5771212982231788
e,Threshold,1367,-0.50709255283711,1.0987005311470714,-0.5771212982231788
e,Threshold,1368,-0.4225771273642583,1.0987005311470714,-0.5771212982231788
e,Threshold,1369,-0.3380617018914066,1.0987005311470714,-0.5771212982231788
e,Threshold,1370,-0.253546276418555,1.0987005311470714,-0.5771212982231788
e,Threshold,1371,-0.1690308509457033,1.0987005311470714,-0.5771212982231788
e,Threshold,1372,-0.08451542547285165,1.0987005311470714,-0.5771212982231788
e,Threshold,1373,0.0,1.0987005311470714,1.7327379929986393
e,Threshold,1374,0.08451542547285165,1.0987005311470714,1.7327379929986393
e,Threshold,1375,0.1690308509457033,1.0987005311470714,1.7327379929986393
e,Threshold,1376,0.253546276418555,1.0987005311470714,1.7327379929986393
e,Threshold,1377,0.3380617018914066,1.0987005311470714,1.7327379929986393
e,Threshold,1378,0.4225771273642583,1.0987005311470714,1.7327379929986393
e,Threshold,1379,0.50709255283711,1.0987005311470714,1.7327379929986393
e,Threshold,1380,0.5916079783099616,1.0987005311470714,1.7327379929986393
e,Threshold,1381,0.6761234037828132,1.0987005311470714,1.7327379929986393
e,Threshold,1382,0.760638829255665,1.0987005311470714,1.7327379929986393
e,Threshold,1383,0.8451542547285166,1.0987005311470714,1.7327379929986393
e,Threshold,1384,0.9296696802013682,1.0987005311470714,1.7327379929986393
e,Threshold,1385,1.01418510567422,1.0987005311470714,1.7327379929986393
e,Threshold,1386,1.0987005311470714,1.0987005311470714,1.7327379929986393
e,Threshold,1387,1.1832159566199232,1.0987005311470714,1.7327379929986393
e,Threshold,1388,1.267731382092775,1.0987005311470714,1.7327379929986393
e,Threshold,1389,1.3522468075656264,1.0987005311470714,1.7327379929986393
e,Threshold,1390,1.4367622330384782,1.0987005311470714,1.7327379929986393
e,Threshold,1391,1.52127765851133,1.0987005311470714,1.7327379929986393
e,Threshold,1392,1.6057930839841814,1.0987005311470714,1.7327379929986393
e,Threshold,1393,1.6903085094570331,1.0987005311470714,1.7327379929986393
e,Threshold,1394,-1.6903085094570331,1.1832159566199232,-0.5771212982231788
e,Threshold,1395,-1.6057930839841814,1.1832159566199232,-0.5771212982231788
e,Threshold,1396,-1.52127765851133,1.1832159566199232,-0.5771212982231788
e,Threshold,1397,-1.4367622330384782,1.1832159566199232,-0.5771212982231788
e,Threshold,1398,-1.3522468075656264,1.1832159566199232,-0.5771212982231788
e,Threshold,1399,-1.267731382092775,1.1832159566199232,-0.5771212982231788
e,Threshold,1400,-1.1832159566199232,1.1832159566199232,-0.5771212982231788
e,Threshold,1401,-1.0987005311470714,1.1832159566199232,-0.5771212982231788
e,Threshold,1402,-1.01418510567422,1.1832159566199232,-0.5771212982231788
e,Threshold,1403,-0.9296696802013682,1.1832159566199232,-0.5771212982231788
e,Threshold,1404,-0.8451542547285166,1.1832159566199232,-0.5771212982231788
e,Threshold,1405,-0.760638829255665,1.1832159566199232,-0.5771212982231788
e,Threshold,1406,-0.6761234037828132,1.1832159566199232,-0.5771212982231788
e,Threshold,1407,-0.5916079783099616,1.1832159566199232,-0.5771212982231788
e,Threshold,1408,-0.50709255283711,1.1832159566199232,-0.5771212982231788
e,Threshold,1409,-0.4225771273642583,1.1832159566199232,-0.5771212982231788
e,Threshold,1410,-0.3380617018914066,1.1832159566199232,-0.5771212982231788
e,Threshold,1411,-0.253546276418555,1.1832159566199232,-0.5771212982231788
e,Threshold,1412,-0.1690308509457033,1.1832159566199232,-0.5771212982231788
e,Threshold,1413,-0.08451542547285165,1.1832159566199232,-0.5771212982231788
e,Threshold,1414,0.0,1.1832159566199232,1.7327379929986393
e,Threshold,1415,0.08451542547285165,1.1832159566199232,1.7327379929986393
e,Threshold,1416,0.1690308509457033,1.1832159566199232,1.7327379929986393
e,Threshold,1417,0.253546276418555,1.1832159566199232,1.7327379929986393
e,Threshold,1418,0.3380617018914066,1.1832159566199232,1.7327379929986393
e,Threshold,1419,0.4225771273642583,1.1832159566199232,1.7327379929986393
e,Threshold,1420,0.50709255283711,1.1832159566199232,1.7327379929986393
e,Threshold,1421,0.5916079783099616,1.1832159566199232,1.7327379929986393
e,Threshold,1422,0.6761234037828132,1.1832159566199232,1.7327379929986393
e,Threshold,1423,0.760638829255665,1.1832159566199232,1.7327379929986393
e,Threshold,1424,0.8451542547285166,1.1832159566199232,1.7327379929986393
e,Threshold,1425,0.9296696802013682,1.1832159566199232,1.7327379929986393
e,Threshold,1426,1.01418510567422,1.1832159566199232,1.7327379929986393
e,Threshold,1427,1.0987005311470714,1.1832159566199232,1.7327379929986393
e,Threshold,1428,1.1832159566199232,1.1832159566199232,1.7327379929986393
e,Threshold,1429,1.267731382092775,1.1832159566199232,1.7327379929986393
e,Threshold,1430,1.3522468075656264,1.1832159566199232,1.7327379929986393
e,Threshold,1431,1.4367622330384782,1.1832159566199232,1.7327379929986393
e,Threshold,1432,1.52127765851133,1.1832159566199232,1.7327379929986393
e,Threshold,1433,1.6057930839841814,1.1832159566199232,1.7327379929986393
e,Threshold,1434,1.6903085094570331,1.1832159566199232,1.7327379929986393
e,Threshold,1435,-1.6903085094570331,1.267731382092775,-0.5771212982231788
e,Threshold,1436,-1.6057930839841814,1.267731382092775,-0.5771212982231788
e,Threshold,1437,-1.52127765851133,1.267731382092775,-0.5771212982231788
e,Threshold,1438,-1.4367622330384782,1.267731382092775,-0.5771212982231788
e,Threshold,1439,-1.3522468075656264,1.267731382092775,-0.5771212982231788
e,Threshold,1440,-1.267731382092775,1.267731382092775,-0.5771212982231788
e,Threshold,1441,-1.1832159566199232,1.267731382092775,-0.5771212982231788
e,Threshold,1442,-1.0987005311470714,1.267731382092775,-0.5771212982231788
e,Threshold,1443,-1.01418510567422,1.267731382092775,-0.5771212982231788
e,Threshold,1444,-0.9296696802013682,1.267731382092775,-0.5771212982231788
e,Threshold,1445,-0.8451542547285166,1.267731382092775,-0.5771212982231788
e,Threshold,1446,-0.760638829255665,1.267731382092775,-0.5771212982231788
e,Threshold,1447,-0.6761234037828132,1.267731382092775,-0.5771212982231788
e,Threshold,1448,-0.5916079783099616,1.267731382092775,-0.5771212982231788
e,Threshold,1449,-0.50709255283711,1.267731382092775,-0.5771212982231788
e,Threshold,1450,-0.4225771273642583,1.267731382092775,-0.5771212982231788
e,Threshold,1451,-0.3380617018914066,1.267731382092775,-0.5771212982231788
e,Threshold,1452,-0.253546276418555,1.267731382092775,-0.5771212982231788
e,Threshold,1453,-0.1690308509457033,1.267731382092775,-0.5771212982231788
e,Threshold,1454,-0.08451542547285165,1.267731382092775,-0.5771212982231788
e,Threshold,1455,0.0,1.267731382092775,1.7327379929986393
e,Threshold,1456,0.08451542547285165,1.267731382092775,1.7327379929986393
e,Threshold,1457,0.1690308509457033,1.267731382092775,1.7327379929986393
e,Threshold,1458,0.253546276418555,1.267731382092775,1.7327379929986393
e,Threshold,1459,0.3380617018914066,1.267731382092775,1.7327379929986393
e,Threshold,1460,0.4225771273642583,1.267731382092775,1.7327379929986393
e,Threshold,1461,0.50709255283711,1.267731382092775,1.7327379929986393
e,Threshold,1462,0.5916079783099616,1.267731382092775,1.7327379929986393
e,Threshold,1463,0.6761234037828132,1.267731382092775,1.7327379929986393
e,Threshold,1464,0.760638829255665,1.267731382092775,1.7327379929986393
e,Threshold,1465,0.8451542547285166,1.267731382092775,1.7327379929986393
e,Threshold,1466,0.9296696802013682,1.267731382092775,1.7327379929986393
e,Threshold,1467,1.01418510567422,1.267731382092775,1.7327379929986393
e,Threshold,1468,1.0987005311470714,1.267731382092775,1.7327379929986393
e,Threshold,1469,1.1832159566199232,1.267731382092775,1.7327379929986393
e,Threshold,1470,1.267731382092775,1.267731382092775,1.7327379929986393
e,Threshold,1471,1.3522468075656264,1.267731382092775,1.7327379929986393
e,Threshold,1472,1.4367622330384782,1.267731382092775,1.7327379929986393
e,Threshold,1473,1.52127765851133,1.267731382092775,1.7327379929986393
e,Threshold,1474,1.6057930839841814,1.267731382092775,1.7327379929986393
e,Threshold,1475,1.6903085094570331,1.267731382092775,1.7327379929986393
e,Threshold,1476,-1.6903085094570331,1.3522468075656264,-0.5771212982231788
e,Threshold,1477,-1.6057930839841814,1.3522468075656264,-0.5771212982231788
e,Threshold,1478,-1.52127765851133,1.3522468075656264,-0.5771212982231788
e,Threshold,1479,-1.4367622330384782,1.3522468075656264,-0.5771212982231788
e,Threshold,1480,-1.3522468075656264,1.3522468075656264,-0.5771212982231788
e,Threshold,1481,-1.267731382092775,1.3522468075656264,-0.5771212982231788
e,Threshold,1482,-1.1832159566199232,1.3522468075656264,-0.5771212982231788
e,Threshold,1483,-1.0987005311470714,1.3522468075656264,-0.5771212982231788
e,Threshold,1484,-1.01418510567422,1.3522468075656264,-0.5771212982231788
e,Threshold,1485,-0.9296696802013682,1.3522468075656264,-0.5771212982231788
e,Threshold,1486,-0.8451542547285166,1.3522468075656264,-0.5771212982231788
e,Threshold,1487,-0.760638829255665,1.3522468075656264,-0.5771212982231788
e,Threshold,1488,-0.6761234037828132,1.3522468075656264,-0.5771212982231788
e,Threshold,1489,-0.5916079783099616,1.3522468075656264,-0.5771212982231788
e,Threshold,1490,-0.50709255283711,1.3522468075656264,-0.5771212982231788
e,Threshold,1491,-0.4225771273642583,1.3522468075656264,-0.5771212982231788
e,Threshold,1492,-0.3380617018914066,1.3522468075656264,-0.5771212982231788
e,Threshold,1493,-0.253546276418555,1.3522468075656264,-0.5771212982231788
e,Threshold,1494,-0.1690308509457033,1.3522468075656264,-0.5771212982231788
e,Threshold,1495,-0.08451542547285165,1.3522468075656264,-0.5771212982231788
e,Threshold,1496,0.0,1.3522468075656264,1.7327379929986393
e,Threshold,1497,0.08451542547285165,1.3522468075656264,1.7327379929986393
e,Threshold,1498,0.1690308509457033,1.3522468075656264,1.7327379929986393
e,Threshold,1499,0.253546276418555,1.3522468075656264,1.7327379929986393
e,Threshold,1500,0.3380617018914066,1.3522468075656264,1.7327379929986393
e,Threshold,1501,0.4225771273642583,1.3522468075656264,1.7327379929986393
e,Threshold,1502,0.50709255283711,1.3522468075656264,1.7327379929986393
e,Threshold,1503,0.5916079783099616,1.3522468075656264,1.7327379929986393
e,Threshold,1504,0.6761234037828132,1.3522468075656264,1.7327379929986393
e,Threshold,1505,0.760638829255665,1.3522468075656264,1.7327379929986393
e,Threshold,1506,0.8451542547285166,1.3522468075656264,1.7327379929986393
e,Threshold,1507,0.9296696802013682,1.3522468075656264,1.7327379929986393
e,Threshold,1508,1.01418510567422,1.3522468075656264,1.7327379929986393
e,Threshold,1509,1.0987005311470714,1.3522468075656264,1.7327379929986393
e,Threshold,1510,1.1832159566199232,1.3522468075656264,1.7327379929986393
e,Threshold,1511,1.267731382092775,1.3522468075656264,1.7327379929986393
e,Threshold,1512,1.3522468075656264,1.3522468075656264,1.7327379929986393
e,Threshold,1513,1.4367622330384782,1.3522468075656264,1.7327379929986393
e,Threshold,1514,1.52127765851133,1.3522468075656264,1.7327379929986393
e,Threshold,1515,1.6057930839841814,1.3522468075656264,1.7327379929986393
e,Threshold,1516,1.6903085094570331,1.3522468075656264,1.7327379929986393
e,Threshold,1517,-1.6903085094570331,1.4367622330384782,-0.5771212982231788
e,Threshold,1518,-1.6057930839841814,1.4367622330384782,-0.5771212982231788
e,Threshold,1519,-1.52127765851133,1.4367622330384782,-0.5771212982231788
e,Threshold,1520,-1.4367622330384782,1.4367622330384782,-0.5771212982231788
e,Threshold,1521,-1.3522468075656264,1.4367622330384782,-0.5771212982231788
e,Threshold,1522,-1.267731382092775,1.4367622330384782,-0.5771212982231788
e,Threshold,1523,-1.1832159566199232,1.4367622330384782,-0.5771212982231788
e,Threshold,1524,-1.0987005311470714,1.4367622330384782,-0.5771212982231788
e,Threshold,1525,-1.01418510567422,1.4367622330384782,-0.5771212982231788
e,Threshold,1526,-0.9296696802013682,1.4367622330384782,-0.5771212982231788
e,Threshold,1527,-0.8451542547285166,1.4367622330384782,-0.5771212982231788
e,Threshold,1528,-0.760638829255665,1.4367622330384782,-0.5771212982231788
e,Threshold,1529,-0.6761234037828132,1.4367622330384782,-0.5771212982231788
e,Threshold,1530,-0.5916079783099616,1.4367622330384782,-0.5771212982231788
e,Threshold,1531,-0.50709255283711,1.4367622330384782,-0.5771212982231788
e,Threshold,1532,-0.4225771273642583,1.4367622330384782,-0.5771212982231788
e,Threshold,1533,-0.3380617018914066,1.4367622330384782,-0.5771212982231788
e,Threshold,1534,-0.253546276418555,1.4367622330384782,-0.5771212982231788
e,Threshold,1535,-0.1690308509457033,1.4367622330384782,-0.5771212982231788
e,Threshold,1536,-0.08451542547285165,1.4367622330384782,-0.5771212982231788
e,Threshold,1537,0.0,1.4367622330384782,1.7327379929986393
e,Threshold,1538,0.08451542547285165,1.4367622330384782,1.7327379929986393
e,Threshold,1539,0.1690308509457033,1.4367622330384782,1.7327379929986393
e,Threshold,1540,0.253546276418555,1.4367622330384782,1.7327379929986393
e,Threshold,1541,0.3380617018914066,1.4367622330384782,1.7327379929986393
e,Threshold,1542,0.4225771273642583,1.4367622330384782,1.7327379929986393
e,Threshold,1543,0.50709255283711,1.4367622330384782,1.7327379929986393
e,Threshold,1544,0.5916079783099616,1.4367622330384782,1.7327379929986393
e,Threshold,1545,0.6761234037828132,1.4367622330384782,1.7327379929986393
e,Threshold,1546,0.760638829255665,1.4367622330384782,1.7327379929986393
e,Threshold,1547,0.8451542547285166,1.4367622330384782,1.7327379929986393
e,Threshold,1548,0.9296696802013682,1.4367622330384782,1.7327379929986393
e,Threshold,1549,1.01418510567422,1.4367622330384782,1.7327379929986393
e,Threshold,1550,1.0987005311470714,1.4367622330384782,1.7327379929986393
e,Threshold,1551,1.1832159566199232,1.4367622330384782,1.7327379929986393
e,Threshold,1552,1.267731382092775,1.4367622330384782,1.7327379929986393
e,Threshold,1553,1.3522468075656264,1.4367622330384782,1.7327379929986393
e,Threshold,1554,1.4367622330384782,1.4367622330384782,1.7327379929986393
e,Threshold,1555,1.52127765851133,1.4367622330384782,1.7327379929986393
e,Threshold,1556,1.6057930839841814,1.4367622330384782,1.7327379929986393
e,Threshold,1557,1.6903085094570331,1.4367622330384782,1.7327379929986393
e,Threshold,1558,-1.6903085094570331,1.52127765851133,-0.5771212982231788
e,Threshold,1559,-1.6057930839841814,1.52127765851133,-0.5771212982231788
e,Threshold,1560,-1.52127765851133,1.52127765851133,-0.5771212982231788
e,Threshold,1561,-1.4367622330384782,1.52127765851133,-0.5771212982231788
e,Threshold,1562,-1.3522468075656264,1.52127765851133,-0.5771212982231788
e,Threshold,1563,-1.267731382092775,1.52127765851133,-0.5771212982231788
e,Threshold,1564,-1.1832159566199232,1.52127765851133,-0.5771212982231788
e,Threshold,1565,-1.0987005311470714,1.52127765851133,-0.5771212982231788
e,Threshold,1566,-1.01418510567422,1.52127765851133,-0.5771212982231788
e,Threshold,1567,-0.9296696802013682,1.52127765851133,-0.5771212982231788
e,Threshold,1568,-0.8451542547285166,1.52127765851133,-0.5771212982231788
e,Threshold,1569,-0.760638829255665,1.52127765851133,-0.5771212982231788
e,Threshold,1570,-0.6761234037828132,1.52127765851133,-0.5771212982231788
e,Threshold,1571,-0.5916079783099616,1.52127765851133,-0.5771212982231788
e,Threshold,1572,-0.50709255283711,1.52127765851133,-0.5771212982231788
e,Threshold,1573,-0.4225771273642583,1.52127765851133,-0.5771212982231788
e,Threshold,1574,-0.3380617018914066,1.52127765851133,-0.5771212982231788
e,Threshold,1575,-0.253546276418555,1.52127765851133,-0.5771212982231788
e,Threshold,1576,-0.1690308509457033,1.52127765851133,-0.5771212982231788
e,Threshold,1577,-0.08451542547285165,1.52127765851133,-0.5771212982231788
e,Threshold,1578,0.0,1.52127765851133,1.7327379929986393
e,Threshold,1579,0.08451542547285165,1.52127765851133,1.7327379929986393
e,Threshold,1580,0.1690308509457033,1.52127765851133,1.7327379929986393
e,Threshold,1581,0.253546276418555,1.52127765851133,1.7327379929986393
e,Threshold,1582,0.3380617018914066,1.52127765851133,1.7327379929986393
e,Threshold,1583,0.4225771273642583,1.52127765851133,1.7327379929986393
e,Threshold,1584,0.50709255283711,1.52127765851133,1.7327379929986393
e,Threshold,1585,0.5916079783099616,1.52127765851133,1.7327379929986393
e,Threshold,1586,0.6761234037828132,1.52127765851133,1.7327379929986393
e,Threshold,1587,0.760638829255665,1.52127765851133,1.7327379929986393
e,Threshold,1588,0.8451542547285166,1.52127765851133,1.7327379929986393
e,Threshold,1589,0.9296696802013682,1.52127765851133,1.7327379929986393
e,Threshold,1590,1.01418510567422,1.52127765851133,1.7327379929986393
e,Threshold,1591,1.0987005311470714,1.52127765851133,1.7327379929986393
e,Threshold,1592,1.1832159566199232,1.52127765851133,1.7327379929986393
e,Threshold,1593,1.267731382092775,1.52127765851133,1.7327379929986393
e,Threshold,1594,1.3522468075656264,1.52127765851133,1.7327379929986393
e,Threshold,1595,1.4367622330384782,1.52127765851133,1.7327379929986393
e,Threshold,1596,1.52127765851133,1.52127765851133,1.7327379929986393
e,Threshold,1597,1.6057930839841814,1.52127765851133,1.7327379929986393
e,Threshold,1598,1.6903085094570331,1.52127765851133,1.7327379929986393
e,Threshold,1599,-1.6903085094570331,1.6057930839841814,-0.5771212982231788
e,Threshold,1600,-1.6057930839841814,1.6057930839841814,-0.5771212982231788
e,Threshold,1601,-1.52127765851133,1.6057930839841814,-0.5771212982231788
e,Threshold,1602,-1.4367622330384782,1.6057930839841814,-0.5771212982231788
e,Threshold,1603,-1.3522468075656264,1.6057930839841814,-0.5771212982231788
e,Threshold,1604,-1.267731382092775,1.6057930839841814,-0.5771212982231788
e,Threshold,1605,-1.1832159566199232,1.6057930839841814,-0.5771212982231788
e,Threshold,1606,-1.0987005311470714,1.6057930839841814,-0.5771212982231788
e,Threshold,1607,-1.01418510567422,1.6057930839841814,-0.5771212982231788
e,Threshold,1608,-0.9296696802013682,1.6057930839841814,-0.5771212982231788
e,Threshold,1609,-0.8451542547285166,1.6057930839841814,-0.5771212982231788
e,Threshold,1610,-0.760638829255665,1.6057930839841814,-0.5771212982231788
e,Threshold,1611,-0.6761234037828132,1.6057930839841814,-0.5771212982231788
e,Threshold,1612,-0.5916079783099616,1.6057930839841814,-0.5771212982231788
e,Threshold,1613,-0.50709255283711,1.6057930839841814,-0.5771212982231788
e,Threshold,1614,-0.4225771273642583,1.6057930839841814,-0.5771212982231788
e,Threshold,1615,-0.3380617018914066,1.6057930839841814,-0.5771212982231788
e,Threshold,1616,-0.253546276418555,1.6057930839841814,-0.5771212982231788
e,Threshold,1617,-0.1690308509457033,1.6057930839841814,-0.5771212982231788
e,Threshold,1618,-0.08451542547285165,1.6057930839841814,-0.5771212982231788
e,Threshold,1619,0.0,1.6057930839841814,1.7327379929986393
e,Threshold,1620,0.08451542547285165,1.6057930839841814,1.7327379929986393
e,Threshold,1621,0.1690308509457033,1.6057930839841814,1.7327379929986393
e,Threshold,1622,0.253546276418555,1.6057930839841814,1.7327379929986393
e,Threshold,1623,0.3380617018914066,1.6057930839841814,1.7327379929986393
e,Threshold,1624,0.4225771273642583,1.6057930839841814,1.7327379929986393
e,Threshold,1625,0.50709255283711,1.6057930839841814,1.7327379929986393
e,Threshold,1626,0.5916079783099616,1.6057930839841814,1.7327379929986393
e,Threshold,1627,0.6761234037828132,1.6057930839841814,1.7327379929986393
e,Threshold,1628,0.760638829255665,1.6057930839841814,1.7327379929986393
e,Threshold,1629,0.8451542547285166,1.6057930839841814,1.7327379929986393
e,Threshold,1630,0.9296696802013682,1.6057930839841814,1.7327379929986393
e,Threshold,1631,1.01418510567422,1.6057930839841814,1.7327379929986393
e,Threshold,1632,1.0987005311470714,1.6057930839841814,1.7327379929986393
e,Threshold,1633,1.1832159566199232,1.6057930839841814,1.7327379929986393
e,Threshold,1634,1.267731382092775,1.6057930839841814,1.7327379929986393
e,Threshold,1635,1.3522468075656264,1.6057930839841814,1.7327379929986393
e,Threshold,1636,1.4367622330384782,1.6057930839841814,1.7327379929986393
e,Threshold,1637,1.52127765851133,1.6057930839841814,1.7327379929986393
e,Threshold,1638,1.6057930839841814,1.6057930839841814,1.7327379929986393
e,Threshold,1639,1.6903085094570331,1.6057930839841814,1.7327379929986393
e,Threshold,1640,-1.6903085094570331,1.6903085094570331,-0.5771212982231788
e,Threshold,1641,-1.6057930839841814,1.6903085094570331,-0.5771212982231788
e,Threshold,1642,-1.52127765851133,1.6903085094570331,-0.5771212982231788
e,Threshold,1643,-1.4367622330384782,1.6903085094570331,-0.5771212982231788
e,Threshold,1644,-1.3522468075656264,1.6903085094570331,-0.5771212982231788
e,Threshold,1645,-1.267731382092775,1.6903085094570331,-0.5771212982231788
e,Threshold,1646,-1.1832159566199232,1.6903085094570331,-0.5771212982231788
e,Threshold,1647,-1.0987005311470714,1.6903085094570331,-0.5771212982231788
e,Threshold,1648,-1.01418510567422,1.6903085094570331,-0.5771212982231788
e,Threshold,1649,-0.9296696802013682,1.6903085094570331,-0.5771212982231788
e,Threshold,1650,-0.8451542547285166,1.6903085094570331,-0.5771212982231788
e,Threshold,1651,-0.760638829255665,1.6903085094570331,-0.5771212982231788
e,Threshold,1652,-0.6761234037828132,1.6903085094570331,-0.5771212982231788
e,Threshold,1653,-0.5916079783099616,1.6903085094570331,-0.5771212982231788
e,Threshold,1654,-0.50709255283711,1.6903085094570331,-0.5771212982231788
e,Threshold,1655,-0.4225771273642583,1.6903085094570331,-0.5771212982231788
e,Threshold,1656,-0.3380617018914066,1.6903085094570331,-0.5771212982231788
e,Threshold,1657,-0.253546276418555,1.6903085094570331,-0.5771212982231788
e,Threshold,1658,-0.1690308509457033,1.6903085094570331,-0.5771212982231788
e,Threshold,1659,-0.08451542547285165,1.6903085094570331,-0.5771212982231788
e,Threshold,1660,0.0,1.6903085094570331,1.7327379929986393
e,Threshold,1661,0.08451542547285165,1.6903085094570331,1.7327379929986393
e,Threshold,1662,0.1690308509457033,1.6903085094570331,1.7327379929986393
e,Threshold,1663,0.253546276418555,1.6903085094570331,1.7327379929986393
e,Threshold,1664,0.3380617018914066,1.6903085094570331,1.7327379929986393
e,Threshold,1665,0.4225771273642583,1.6903085094570331,1.7327379929986393
e,Threshold,1666,0.50709255283711,1.6903085094570331,1.7327379929986393
e,Threshold,1667,0.5916079783099616,1.6903085094570331,1.7327379929986393
e,Threshold,1668,0.6761234037828132,1.6903085094570331,1.7327379929986393
e,Threshold,1669,0.760638829255665,1.6903085094570331,1.7327379929986393
e,Threshold,1670,0.8451542547285166,1.6903085094570331,1.7327379929986393
e,Threshold,1671,0.9296696802013682,1.6903085094570331,1.7327379929986393
e,Threshold,1672,1.01418510567422,1.6903085094570331,1.7327379929986393
e,Threshold,1673,1.0987005311470714,1.6903085094570331,1.7327379929986393
e,Threshold,1674,1.1832159566199232,1.6903085094570331,1.7327379929986393
e,Threshold,1675,1.267731382092775,1.6903085094570331,1.7327379929986393
e,Threshold,1676,1.3522468075656264,1.6903085094570331,1.7327379929986393
e,Threshold,1677,1.4367622330384782,1.6903085094570331,1.7327379929986393
e,Threshold,1678,1.52127765851133,1.6903085094570331,1.7327379929986393
e,Threshold,1679,1.6057930839841814,1.6903085094570331,1.7327379929986393
e,Threshold,1680,1.6903085094570331,1.6903085094570331,1.7327379929986393
f,Custom,0,-1.6903085094570331,-1.6903085094570331,-1.852419203411557
f,Custom,1,-1.6057930839841814,-1.6903085094570331,-1.8370177613932726
f,Custom,2,-1.52127765851133,-1.6903085094570331,-1.8190182819342375
f,Custom,3,-1.4367622330384782,-1.6903085094570331,-1.798031039998691
f,Custom,4,-1.3522468075656264,-1.6903085094570331,-1.7736258964160647
f,Custom,5,-1.267731382092775,-1.6903085094570331,-1.7453349295818203
f,Custom,6,-1.1832159566199232,-1.6903085094570331,-1.7126582021841363
f,Custom,7,-1.0987005311470714,-1.6903085094570331,-1.6750736040568432
f,Custom,8,-1.01418510567422,-1.6903085094570331,-1.6320517375216768
f,Custom,9,-0.9296696802013682,-1.6903085094570331,-1.583076702643579
f,Custom,10,-0.8451542547285166,-1.6903085094570331,-1.5276733283156658
f,Custom,11,-0.760638829255665,-1.6903085094570331,-1.4654408137669441
f,Custom,12,-0.6761234037828132,-1.6903085094570331,-1.3960918504114532
f,Custom,13,-0.5916079783099616,-1.6903085094570331,-1.31949509943892
f,Custom,14,-0.50709255283711,-1.6903085094570331,-1.2357175151256998
f,Custom,15,-0.4225771273642583,-1.6903085094570331,-1.1450616610898687
f,Custom,16,-0.3380617018914066,-1.6903085094570331,-1.048092222274689
f,Custom,17,-0.253546276418555,-1.6903085094570331,-0.9456457889930621
f,Custom,18,-0.1690308509457033,-1.6903085094570331,-0.8388190412432353
f,Custom,19,-0.08451542547285165,-1.6903085094570331,-0.7289328266502546
f,Custom,20,0.0,-1.6903085094570331,-0.6174730678038524
f,Custom,21,0.08451542547285165,-1.6903085094570331,-0.5060133089574501
f,Custom,22,0.1690308509457033,-1.6903085094570331,-0.39612709436446947
f,Custom,23,0.253546276418555,-1.6903085094570331,-0.2893003466146426
f,Custom,24,0.3380617018914066,-1.6903085094570331,-0.18685391333301585
f,Custom,25,0.4225771273642583,-1.6903085094570331,-0.08988447451783604
f,Custom,26,0.50709255283711,-1.6903085094570331,0.0007713795179952982
f,Custom,27,0.5916079783099616,-1.6903085094570331,0.08454896383121537
f,Custom,28,0.6761234037828132,-1.6903085094570331,0.16114571480374854
f,Custom,29,0.760638829255665,-1.6903085094570331,0.23049467815923969
f,Custom,30,0.8451542547285166,-1.6903085094570331,0.2927271927079612
f,Custom,31,0.9296696802013682,-1.6903085094570331,0.3481305670358743
f,Custom,32,1.01418510567422,-1.6903085094570331,0.39710560191397204
f,Custom,33,1.0987005311470714,-1.6903085094570331,0.44012746844913847
f,Custom,34,1.1832159566199232,-1.6903085094570331,0.47771206657643167
f,Custom,35,1.267731382092775,-1.6903085094570331,0.5103887939741156
f,Custom,36,1.3522468075656264,-1.6903085094570331,0.53867976080836
f,Custom,37,1.4367622330384782,-1.6903085094570331,0.5630849043909862
f,Custom,38,1.52127765851133,-1.6903085094570331,0.5840721463265329
f,Custom,39,1.6057930839841814,-1.6903085094570331,0.602071625785568
f,Custom,40,1.6903085094570331,-1.6903085094570331,0.6174730678038524
f,Custom,41,-1.6903085094570331,-1.6057930839841814,-1.844718482402415
f,Custom,42,-1.6057930839841814,-1.6057930839841814,-1.8293170403841306
f,Custom,43,-1.52127765851133,-1.6057930839841814,-1.8113175609250955
f,Custom,44,-1.4367622330384782,-1.6057930839841814,-1.790330318989549
f,Custom,45,-1.3522468075656264,-1.6057930839841814,-1.7659251754069227
f,Custom,46,-1.267731382092775,-1.6057930839841814,-1.7376342085726781
f,Custom,47,-1.1832159566199232,-1.6057930839841814,-1.7049574811749943
f,Custom,48,-1.0987005311470714,-1.6057930839841814,-1.667372883047701
f,Custom,49,-1.01418510567422,-1.6057930839841814,-1.6243510165125348
f,Custom,50,-0.9296696802013682,-1.6057930839841814,-1.5753759816344368
f,Custom,51,-0.8451542547285166,-1.6057930839841814,-1.5199726073065238
f,Custom,52,-0.760638829255665,-1.6057930839841814,-1.4577400927578021
f,Custom,53,-0.6761234037828132,-1.6057930839841814,-1.3883911294023112
f,Custom,54,-0.5916079783099616,-1.6057930839841814,-1.311794378429778
f,Custom,55,-0.50709255283711,-1.6057930839841814,-1.2280167941165578
f,Custom,56,-0.4225771273642583,-1.6057930839841814,-1.1373609400807265
f,Custom,57,-0.3380617018914066,-1.6057930839841814,-1.0403915012655467
f,Custom,58,-0.253546276418555,-1.6057930839841814,-0.93794506798392
f,Custom,59,-0.1690308509457033,-1.6057930839841814,-0.8311183202340932
f,Custom,60,-0.08451542547285165,-1.6057930839841814,-0.7212321056411124
f,Custom,61,0.0,-1.6057930839841814,-0.6097723467947103
f,Custom,62,0.08451542547285165,-1.6057930839841814,-0.49831258794830796
f,Custom,63,0.1690308509457033,-1.6057930839841814,-0.38842637335532726
f,Custom,64,0.253546276418555,-1.6057930839841814,-0.28159962560550045
f,Custom,65,0.3380617018914066,-1.6057930839841814,-0.17915319232387372
f,Custom,66,0.4225771273642583,-1.6057930839841814,-0.08218375350869393
f,Custom,67,0.50709255283711,-1.6057930839841814,0.00847210052713741
f,Custom,68,0.5916079783099616,-1.6057930839841814,0.09224968484035748
f,Custom,69,0.6761234037828132,-1.6057930839841814,0.16884643581289063
f,Custom,70,0.760638829255665,-1.6057930839841814,0.2381953991683818
f,Custom,71,0.8451542547285166,-1.6057930839841814,0.3004279137171033
f,Custom,72,0.9296696802013682,-1.6057930839841814,0.3558312880450164
f,Custom,73,1.01418510567422,-1.6057930839841814,0.4048063229231142
f,Custom,74,1.0987005311470714,-1.6057930839841814,0.44782818945828057
f,Custom,75,1.1832159566199232,-1.6057930839841814,0.4854127875855738
f,Custom,76,1.267731382092775,-1.6057930839841814,0.5180895149832577
f,Custom,77,1.3522468075656264,-1.6057930839841814,0.5463804818175021
f,Custom,78,1.4367622330384782,-1.6057930839841814,0.5707856254001283
f,Custom,79,1.52127765851133,-1.6057930839841814,0.591772867335675
f,Custom,80,1.6057930839841814,-1.6057930839841814,0.6097723467947103
f,Custom,81,1.6903085094570331,-1.6057930839841814,0.6251737888129945
f,Custom,82,-1.6903085094570331,-1.52127765851133,-1.8357187426728974
f,Custom,83,-1.6057930839841814,-1.52127765851133,-1.820317300654613
f,Custom,84,-1.52127765851133,-1.52127765851133,-1.802317821195578
f,Custom,85,-1.4367622330384782,-1.52127765851133,-1.7813305792600314
f,Custom,86,-1.3522468075656264,-1.52127765851133,-1.7569254356774051
f,Custom,87,-1.267731382092775,-1.52127765851133,-1.7286344688431607
f,Custom,88,-1.1832159566199232,-1.52127765851133,-1.6959577414454767
f,Custom,89,-1.0987005311470714,-1.52127765851133,-1.6583731433181834
f,Custom,90,-1.01418510567422,-1.52127765851133,-1.6153512767830172
f,Custom,91,-0.9296696802013682,-1.52127765851133,-1.5663762419049192
f,Custom,92,-0.8451542547285166,-1.52127765851133,-1.5109728675770062
f,Custom,93,-0.760638829255665,-1.52127765851133,-1.4487403530282845
f,Custom,94,-0.6761234037828132,-1.52127765851133,-1.3793913896727936
f,Custom,95,-0.5916079783099616,-1.52127765851133,-1.3027946387002605
f,Custom,96,-0.50709255283711,-1.52127765851133,-1.2190170543870402
f,Custom,97,-0.4225771273642583,-1.52127765851133,-1.128361200351209
f,Custom,98,-0.3380617018914066,-1.52127765851133,-1.0313917615360293
f,Custom,99,-0.253546276418555,-1.52127765851133,-0.9289453282544025
f,Custom,100,-0.1690308509457033,-1.52127765851133,-0.8221185805045756
f,Custom,101,-0.08451542547285165,-1.52127765851133,-0.7122323659115949
f,Custom,102,0.0,-1.52127765851133,-0.6007726070651926
f,Custom,103,0.08451542547285165,-1.52127765851133,-0.4893128482187904
f,Custom,104,0.1690308509457033,-1.52127765851133,-0.3794266336258097
f,Custom,105,0.253546276418555,-1.52127765851133,-0.2725998858759829
f,Custom,106,0.3380617018914066,-1.52127765851133,-0.17015345259435616
f,Custom,107,0.4225771273642583,-1.52127765851133,-0.07318401377917637
f,Custom,108,0.50709255283711,-1.52127765851133,0.01747184025665498
f,Custom,109,0.5916079783099616,-1.52127765851133,0.10124942456987504
f,Custom,110,0.6761234037828132,-1.52127765851133,0.1778461755424082
f,Custom,111,0.760638829255665,-1.52127765851133,0.24719513889789937
f,Custom,112,0.8451542547285166,-1.52127765851133,0.3094276534466209
f,Custom,113,0.9296696802013682,-1.52127765851133,0.36483102777453397
f,Custom,114,1.01418510567422,-1.52127765851133,0.41380606265263176
f,Custom,115,1.0987005311470714,-1.52127765851133,0.45682792918779813
f,Custom,116,1.1832159566199232,-1.52127765851133,0.4944125273150914
f,Custom,117,1.267731382092775,-1.52127765851133,0.5270892547127752
f,Custom,118,1.3522468075656264,-1.52127765851133,0.5553802215470197
f,Custom,119,1.4367622330384782,-1.52127765851133,0.579785365129646
f,Custom,120,1.52127765851133,-1.52127765851133,0.6007726070651926
f,Custom,121,1.6057930839841814,-1.52127765851133,0.6187720865242278
f,Custom,122,1.6903085094570331,-1.52127765851133,0.634173528542512
f,Custom,123,-1.6903085094570331,-1.4367622330384782,-1.8252251217051239
f,Custom,124,-1.6057930839841814,-1.4367622330384782,-1.8098236796868399
f,Custom,125,-1.52127765851133,-1.4367622330384782,-1.7918242002278046
f,Custom,126,-1.4367622330384782,-1.4367622330384782,-1.7708369582922578
f,Custom,127,-1.3522468075656264,-1.4367622330384782,-1.7464318147096316
f,Custom,128,-1.267731382092775,-1.4367622330384782,-1.7181408478753872
f,Custom,129,-1.1832159566199232,-1.4367622330384782,-1.6854641204777032
f,Custom,130,-1.0987005311470714,-1.4367622330384782,-1.64787952235041
f,Custom,131,-1.01418510567422,-1.4367622330384782,-1.6048576558152436
f,Custom,132,-0.9296696802013682,-1.4367622330384782,-1.5558826209371457
f,Custom,133,-0.8451542547285166,-1.4367622330384782,-1.500479246609233
f,Custom,134,-0.760638829255665,-1.4367622330384782,-1.4382467320605115
f,Custom,135,-0.6761234037828132,-1.4367622330384782,-1.3688977687050201
f,Custom,136,-0.5916079783099616,-1.4367622330384782,-1.292301017732487
f,Custom,137,-0.50709255283711,-1.4367622330384782,-1.208523433419267
f,Custom,138,-0.4225771273642583,-1.4367622330384782,-1.1178675793834356
f,Custom,139,-0.3380617018914066,-1.4367622330384782,-1.0208981405682558
f,Custom,140,-0.253546276418555,-1.4367622330384782,-0.918451707286629
f,Custom,141,-0.1690308509457033,-1.4367622330384782,-0.8116249595368021
f,Custom,142,-0.08451542547285165,-1.4367622330384782,-0.7017387449438216
f,Custom,143,0.0,-1.4367622330384782,-0.5902789860974192
f,Custom,144,0.08451542547285165,-1.4367622330384782,-0.47881922725101705
f,Custom,145,0.1690308509457033,-1.4367622330384782,-0.3689330126580364
f,Custom,146,0.253546276418555,-1.4367622330384782,-0.26210626490820954
f,Custom,147,0.3380617018914066,-1.4367622330384782,-0.15965983162658282
f,Custom,148,0.4225771273642583,-1.4367622330384782,-0.06269039281140301
f,Custom,149,0.50709255283711,-1.4367622330384782,0.027965461224428334
f,Custom,150,0.5916079783099616,-1.4367622330384782,0.1117430455376484
f,Custom,151,0.6761234037828132,-1.4367622330384782,0.18833979651018157
f,Custom,152,0.760638829255665,-1.4367622330384782,0.25768875986567275
f,Custom,153,0.8451542547285166,-1.4367622330384782,0.3199212744143943
f,Custom,154,0.9296696802013682,-1.4367622330384782,0.3753246487423073
f,Custom,155,1.01418510567422,-1.4367622330384782,0.4242996836204051
f,Custom,156,1.0987005311470714,-1.4367622330384782,0.46732155015557153
f,Custom,157,1.1832159566199232,-1.4367622330384782,0.5049061482828647
f,Custom,158,1.267731382092775,-1.4367622330384782,0.5375828756805486
f,Custom,159,1.3522468075656264,-1.4367622330384782,0.565873842514793
f,Custom,160,1.4367622330384782,-1.4367622330384782,0.5902789860974192
f,Custom,161,1.52127765851133,-1.4367622330384782,0.611266228032966
f,Custom,162,1.6057930839841814,-1.4367622330384782,0.6292657074920012
f,Custom,163,1.6903085094570331,-1.4367622330384782,0.6446671495102854
f,Custom,164,-1.6903085094570331,-1.3522468075656264,-1.8130225499138106
f,Custom,165,-1.6057930839841814,-1.3522468075656264,-1.7976211078955266
f,Custom,166,-1.52127765851133,-1.3522468075656264,-1.7796216284364914
f,Custom,167,-1.4367622330384782,-1.3522468075656264,-1.7586343865009446
f,Custom,168,-1.3522468075656264,-1.3522468075656264,-1.7342292429183186
f,Custom,169,-1.267731382092775,-1.3522468075656264,-1.705938276084074
f,Custom,170,-1.1832159566199232,-1.3522468075656264,-1.67326154868639
f,Custom,171,-1.0987005311470714,-1.3522468075656264,-1.635676950559097
f,Custom,172,-1.01418510567422,-1.3522468075656264,-1.5926550840239306
f,Custom,173,-0.9296696802013682,-1.3522468075656264,-1.543680049145833
f,Custom,174,-0.8451542547285166,-1.3522468075656264,-1.4882766748179195
f,Custom,175,-0.760638829255665,-1.3522468075656264,-1.4260441602691982
f,Custom,176,-0.6761234037828132,-1.3522468075656264,-1.356695196913707
f,Custom,177,-0.5916079783099616,-1.3522468075656264,-1.280098445941174
f,Custom,178,-0.50709255283711,-1.3522468075656264,-1.196320861627954
f,Custom,179,-0.4225771273642583,-1.3522468075656264,-1.1056650075921224
f,Custom,180,-0.3380617018914066,-1.3522468075656264,-1.0086955687769428
f,Custom,181,-0.253546276418555,-1.3522468075656264,-0.906249135495316
f,Custom,182,-0.1690308509457033,-1.3522468075656264,-0.799422387745489
f,Custom,183,-0.08451542547285165,-1.3522468075656264,-0.6895361731525085
f,Custom,184,0.0,-1.3522468075656264,-0.5780764143061061
f,Custom,185,0.08451542547285165,-1.3522468075656264,-0.46661665545970393
f,Custom,186,0.1690308509457033,-1.3522468075656264,-0.3567304408667233
f,Custom,187,0.253546276418555,-1.3522468075656264,-0.24990369311689642
f,Custom,188,0.3380617018914066,-1.3522468075656264,-0.1474572598352697
f,Custom,189,0.4225771273642583,-1.3522468075656264,-0.05048782102008988
f,Custom,190,0.50709255283711,-1.3522468075656264,0.040168033015741456
f,Custom,191,0.5916079783099616,-1.3522468075656264,0.12394561732896152
f,Custom,192,0.6761234037828132,-1.3522468075656264,0.2005423683014947
f,Custom,193,0.760638829255665,-1.3522468075656264,0.26989133165698587
f,Custom,194,0.8451542547285166,-1.3522468075656264,0.3321238462057074
f,Custom,195,0.9296696802013682,-1.3522468075656264,0.38752722053362043
f,Custom,196,1.01418510567422,-1.3522468075656264,0.4365022554117182
f,Custom,197,1.0987005311470714,-1.3522468075656264,0.47952412194688465
f,Custom,198,1.1832159566199232,-1.3522468075656264,0.5171087200741779
f,Custom,199,1.267731382092775,-1.3522468075656264,0.5497854474718618
f,Custom,200,1.3522468075656264,-1.3522468075656264,0.5780764143061061
f,Custom,201,1.4367622330384782,-1.3522468075656264,0.6024815578887324
f,Custom,202,1.52127765851133,-1.3522468075656264,0.6234687998242792
f,Custom,203,1.6057930839841814,-1.3522468075656264,0.6414682792833143
f,Custom,204,1.6903085094570331,-1.3522468075656264,0.6568697213015985
f,Custom,205,-1.6903085094570331,-1.267731382092775,-1.7988770664966887
f,Custom,206,-1.6057930839841814,-1.267731382092775,-1.7834756244784042
f,Custom,207,-1.52127765851133,-1.267731382092775,-1.765476145019369
f,Custom,208,-1.4367622330384782,-1.267731382092775,-1.7444889030838227
f,Custom,209,-1.3522468075656264,-1.267731382092775,-1.7200837595011964
f,Custom,210,-1.267731382092775,-1.267731382092775,-1.6917927926669518
f,Custom,211,-1.1832159566199232,-1.267731382092775,-1.659116065269268
f,Custom,212,-1.0987005311470714,-1.267731382092775,-1.621531467141975
f,Custom,213,-1.01418510567422,-1.267731382092775,-1.5785096006068084
f,Custom,214,-0.9296696802013682,-1.267731382092775,-1.5295345657287107
f,Custom,215,-0.8451542547285166,-1.267731382092775,-1.4741311914007975
f,Custom,216,-0.760638829255665,-1.267731382092775,-1.4118986768520758
f,Custom,217,-0.6761234037828132,-1.267731382092775,-1.342549713496585
f,Custom,218,-0.5916079783099616,-1.267731382092775,-1.2659529625240518
f,Custom,219,-0.50709255283711,-1.267731382092775,-1.1821753782108315
f,Custom,220,-0.4225771273642583,-1.267731382092775,-1.0915195241750004
f,Custom,221,-0.3380617018914066,-1.267731382092775,-0.9945500853598205
f,Custom,222,-0.253546276418555,-1.267731382092775,-0.8921036520781936
f,Custom,223,-0.1690308509457033,-1.267731382092775,-0.7852769043283668
f,Custom,224,-0.08451542547285165,-1.267731382092775,-0.6753906897353862
f,Custom,225,0.0,-1.267731382092775,-0.5639309308889839
f,Custom,226,0.08451542547285165,-1.267731382092775,-0.4524711720425817
f,Custom,227,0.1690308509457033,-1.267731382092775,-0.34258495744960105
f,Custom,228,0.253546276418555,-1.267731382092775,-0.2357582096997742
f,Custom,229,0.3380617018914066,-1.267731382092775,-0.13331177641814748
f,Custom,230,0.4225771273642583,-1.267731382092775,-0.03634233760296767
f,Custom,231,0.50709255283711,-1.267731382092775,0.054313516432863675
f,Custom,232,0.5916079783099616,-1.267731382092775,0.13809110074608374
f,Custom,233,0.6761234037828132,-1.267731382092775,0.2146878517186169
f,Custom,234,0.760638829255665,-1.267731382092775,0.28403681507410805
f,Custom,235,0.8451542547285166,-1.267731382092775,0.3462693296228296
f,Custom,236,0.9296696802013682,-1.267731382092775,0.40167270395074267
f,Custom,237,1.01418510567422,-1.267731382092775,0.4506477388288404
f,Custom,238,1.0987005311470714,-1.267731382092775,0.49366960536400684
f,Custom,239,1.1832159566199232,-1.267731382092775,0.5312542034913
f,Custom,240,1.267731382092775,-1.267731382092775,0.5639309308889839
f,Custom,241,1.3522468075656264,-1.267731382092775,0.5922218977232284
f,Custom,242,1.4367622330384782,-1.267731382092775,0.6166270413058547
f,Custom,243,1.52127765851133,-1.267731382092775,0.6376142832414013
f,Custom,244,1.6057930839841814,-1.267731382092775,0.6556137627004365
f,Custom,245,1.6903085094570331,-1.267731382092775,0.6710152047187207
f,Custom,246,-1.6903085094570331,-1.1832159566199232,-1.7825387027978468
f,Custom,247,-1.6057930839841814,-1.1832159566199232,-1.7671372607795626
f,Custom,248,-1.52127765851133,-1.1832159566199232,-1.7491377813205276
f,Custom,249,-1.4367622330384782,-1.1832159566199232,-1.7281505393849805
f,Custom,250,-1.3522468075656264,-1.1832159566199232,-1.7037453958023543
f,Custom,251,-1.267731382092775,-1.1832159566199232,-1.67545442896811
f,Custom,252,-1.1832159566199232,-1.1832159566199232,-1.6427777015704261
f,Custom,253,-1.0987005311470714,-1.1832159566199232,-1.6051931034431326
f,Custom,254,-1.01418510567422,-1.1832159566199232,-1.5621712369079663
f,Custom,255,-0.9296696802013682,-1.1832159566199232,-1.5131962020298686
f,Custom,256,-0.8451542547285166,-1.1832159566199232,-1.4577928277019556
f,Custom,257,-0.760638829255665,-1.1832159566199232,-1.3955603131532341
f,Custom,258,-0.6761234037828132,-1.1832159566199232,-1.3262113497977428
f,Custom,259,-0.5916079783099616,-1.1832159566199232,-1.2496145988252096
f,Custom,260,-0.50709255283711,-1.1832159566199232,-1.1658370145119896
f,Custom,261,-0.4225771273642583,-1.1832159566199232,-1.0751811604761583
f,Custom,262,-0.3380617018914066,-1.1832159566199232,-0.9782117216609785
f,Custom,263,-0.253546276418555,-1.1832159566199232,-0.8757652883793517
f,Custom,264,-0.1690308509457033,-1.1832159566199232,-0.7689385406295249
f,Custom,265,-0.08451542547285165,-1.1832159566199232,-0.6590523260365443
f,Custom,266,0.0,-1.1832159566199232,-0.547592567190142
f,Custom,267,0.08451542547285165,-1.1832159566199232,-0.43613280834373974
f,Custom,268,0.1690308509457033,-1.1832159566199232,-0.3262465937507591
f,Custom,269,0.253546276418555,-1.1832159566199232,-0.21941984600093226
f,Custom,270,0.3380617018914066,-1.1832159566199232,-0.11697341271930552
f,Custom,271,0.4225771273642583,-1.1832159566199232,-0.020003973904125727
f,Custom,272,0.50709255283711,-1.1832159566199232,0.07065188013170562
f,Custom,273,0.5916079783099616,-1.1832159566199232,0.1544294644449257
f,Custom,274,0.6761234037828132,-1.1832159566199232,0.23102621541745885
f,Custom,275,0.760638829255665,-1.1832159566199232,0.30037517877295
f,Custom,276,0.8451542547285166,-1.1832159566199232,0.36260769332167153
f,Custom,277,0.9296696802013682,-1.1832159566199232,0.4180110676495846
f,Custom,278,1.01418510567422,-1.1832159566199232,0.46698610252768236
f,Custom,279,1.0987005311470714,-1.1832159566199232,0.5100079690628488
f,Custom,280,1.1832159566199232,-1.1832159566199232,0.547592567190142
f,Custom,281,1.267731382092775,-1.1832159566199232,0.580269294587826
f,Custom,282,1.3522468075656264,-1.1832159566199232,0.6085602614220703
f,Custom,283,1.4367622330384782,-1.1832159566199232,0.6329654050046966
f,Custom,284,1.52127765851133,-1.1832159566199232,0.6539526469402432
f,Custom,285,1.6057930839841814,-1.1832159566199232,0.6719521263992785
f,Custom,286,1.6903085094570331,-1.1832159566199232,0.6873535684175627
f,Custom,287,-1.6903085094570331,-1.0987005311470714,-1.7637464037342
f,Custom,288,-1.6057930839841814,-1.0987005311470714,-1.748344961715916
f,Custom,289,-1.52127765851133,-1.0987005311470714,-1.7303454822568807
f,Custom,290,-1.4367622330384782,-1.0987005311470714,-1.7093582403213339
f,Custom,291,-1.3522468075656264,-1.0987005311470714,-1.6849530967387076
f,Custom,292,-1.267731382092775,-1.0987005311470714,-1.6566621299044633
f,Custom,293,-1.1832159566199232,-1.0987005311470714,-1.6239854025067793
f,Custom,294,-1.0987005311470714,-1.0987005311470714,-1.5864008043794864
f,Custom,295,-1.01418510567422,-1.0987005311470714,-1.5433789378443197
f,Custom,296,-0.9296696802013682,-1.0987005311470714,-1.4944039029662222
f,Custom,297,-0.8451542547285166,-1.0987005311470714,-1.439000528638309
f,Custom,298,-0.760638829255665,-1.0987005311470714,-1.3767680140895875
f,Custom,299,-0.6761234037828132,-1.0987005311470714,-1.3074190507340961
f,Custom,300,-0.5916079783099616,-1.0987005311470714,-1.230822299761563
f,Custom,301,-0.50709255283711,-1.0987005311470714,-1.147044715448343
f,Custom,302,-0.4225771273642583,-1.0987005311470714,-1.0563888614125116
f,Custom,303,-0.3380617018914066,-1.0987005311470714,-0.9594194225973318
f,Custom,304,-0.253546276418555,-1.0987005311470714,-0.8569729893157052
f,Custom,305,-0.1690308509457033,-1.0987005311470714,-0.7501462415658784
f,Custom,306,-0.08451542547285165,-1.0987005311470714,-0.6402600269728976
f,Custom,307,0.0,-1.0987005311470714,-0.5288002681264954
f,Custom,308,0.08451542547285165,-1.0987005311470714,-0.41734050928009314
f,Custom,309,0.1690308509457033,-1.0987005311470714,-0.3074542946871125
f,Custom,310,0.253546276418555,-1.0987005311470714,-0.20062754693728566
f,Custom,311,0.3380617018914066,-1.0987005311470714,-0.09818111365565892
f,Custom,312,0.4225771273642583,-1.0987005311470714,-0.0012116748404791171
f,Custom,313,0.50709255283711,-1.0987005311470714,0.08944417919535223
f,Custom,314,0.5916079783099616,-1.0987005311470714,0.1732217635085723
f,Custom,315,0.6761234037828132,-1.0987005311470714,0.24981851448110545
f,Custom,316,0.760638829255665,-1.0987005311470714,0.3191674778365966
f,Custom,317,0.8451542547285166,-1.0987005311470714,0.38139999238531813
f,Custom,318,0.9296696802013682,-1.0987005311470714,0.4368033667132312
f,Custom,319,1.01418510567422,-1.0987005311470714,0.485778401591329
f,Custom,320,1.0987005311470714,-1.0987005311470714,0.5288002681264954
f,Custom,321,1.1832159566199232,-1.0987005311470714,0.5663848662537886
f,Custom,322,1.267731382092775,-1.0987005311470714,0.5990615936514725
f,Custom,323,1.3522468075656264,-1.0987005311470714,0.627352560485717
f,Custom,324,1.4367622330384782,-1.0987005311470714,0.6517577040683432
f,Custom,325,1.52127765851133,-1.0987005311470714,0.6727449460038898
f,Custom,326,1.6057930839841814,-1.0987005311470714,0.6907444254629249
f,Custom,327,1.6903085094570331,-1.0987005311470714,0.7061458674812093
f,Custom,328,-1.6903085094570331,-1.01418510567422,-1.742235470466617
f,Custom,329,-1.6057930839841814,-1.01418510567422,-1.7268340284483326
f,Custom,330,-1.52127765851133,-1.01418510567422,-1.7088345489892975
f,Custom,331,-1.4367622330384782,-1.01418510567422,-1.687847307053751
f,Custom,332,-1.3522468075656264,-1.01418510567422,-1.6634421634711245
f,Custom,333,-1.267731382092775,-1.01418510567422,-1.6351511966368804
f,Custom,334,-1.1832159566199232,-1.01418510567422,-1.6024744692391963
f,Custom,335,-1.0987005311470714,-1.01418510567422,-1.564889871111903
f,Custom,336,-1.01418510567422,-1.01418510567422,-1.5218680045767365
f,Custom,337,-0.9296696802013682,-1.01418510567422,-1.4728929696986388
f,Custom,338,-0.8451542547285166,-1.01418510567422,-1.4174895953707258
f,Custom,339,-0.760638829255665,-1.01418510567422,-1.3552570808220041
f,Custom,340,-0.6761234037828132,-1.01418510567422,-1.285908117466513
f,Custom,341,-0.5916079783099616,-1.01418510567422,-1.2093113664939799
f,Custom,342,-0.50709255283711,-1.01418510567422,-1.1255337821807598
f,Custom,343,-0.4225771273642583,-1.01418510567422,-1.0348779281449285
f,Custom,344,-0.3380617018914066,-1.01418510567422,-0.9379084893297487
f,Custom,345,-0.253546276418555,-1.01418510567422,-0.8354620560481221
f,Custom,346,-0.1690308509457033,-1.01418510567422,-0.728635308298295
f,Custom,347,-0.08451542547285165,-1.01418510567422,-0.6187490937053145
f,Custom,348,0.0,-1.01418510567422,-0.5072893348589121
f,Custom,349,0.08451542547285165,-1.01418510567422,-0.39582957601250995
f,Custom,350,0.1690308509457033,-1.01418510567422,-0.28594336141952925
f,Custom,351,0.253546276418555,-1.01418510567422,-0.17911661366970244
f,Custom,352,0.3380617018914066,-1.01418510567422,-0.0766701803880757
f,Custom,353,0.4225771273642583,-1.01418510567422,0.020299258427104092
f,Custom,354,0.50709255283711,-1.01418510567422,0.11095511246293543
f,Custom,355,0.5916079783099616,-1.01418510567422,0.1947326967761555
f,Custom,356,0.6761234037828132,-1.01418510567422,0.27132944774868867
f,Custom,357,0.760638829255665,-1.01418510567422,0.34067841110417985
f,Custom,358,0.8451542547285166,-1.01418510567422,0.4029109256529014
f,Custom,359,0.9296696802013682,-1.01418510567422,0.4583142999808144
f,Custom,360,1.01418510567422,-1.01418510567422,0.5072893348589121
f,Custom,361,1.0987005311470714,-1.01418510567422,0.5503112013940786
f,Custom,362,1.1832159566199232,-1.01418510567422,0.5878957995213718
f,Custom,363,1.267731382092775,-1.01418510567422,0.6205725269190557
f,Custom,364,1.3522468075656264,-1.01418510567422,0.6488634937533001
f,Custom,365,1.4367622330384782,-1.01418510567422,0.6732686373359263
f,Custom,366,1.52127765851133,-1.01418510567422,0.6942558792714731
f,Custom,367,1.6057930839841814,-1.01418510567422,0.7122553587305083
f,Custom,368,1.6903085094570331,-1.01418510567422,0.7276568007487925
f,Custom,369,-1.6903085094570331,-0.9296696802013682,-1.7177479530275679
f,Custom,370,-1.6057930839841814,-0.9296696802013682,-1.702346511009284
f,Custom,371,-1.52127765851133,-0.9296696802013682,-1.6843470315502487
f,Custom,372,-1.4367622330384782,-0.9296696802013682,-1.6633597896147019
f,Custom,373,-1.3522468075656264,-0.9296696802013682,-1.6389546460320756
f,Custom,374,-1.267731382092775,-0.9296696802013682,-1.6106636791978313
f,Custom,375,-1.1832159566199232,-0.9296696802013682,-1.5779869518001473
f,Custom,376,-1.0987005311470714,-0.9296696802013682,-1.5404023536728542
f,Custom,377,-1.01418510567422,-0.9296696802013682,-1.4973804871376877
f,Custom,378,-0.9296696802013682,-0.9296696802013682,-1.44840545225959
f,Custom,379,-0.8451542547285166,-0.9296696802013682,-1.3930020779316767
f,Custom,380,-0.760638829255665,-0.9296696802013682,-1.3307695633829555
f,Custom,381,-0.6761234037828132,-0.9296696802013682,-1.2614206000274641
f,Custom,382,-0.5916079783099616,-0.9296696802013682,-1.184823849054931
f,Custom,383,-0.50709255283711,-0.9296696802013682,-1.101046264741711
f,Custom,384,-0.4225771273642583,-0.9296696802013682,-1.0103904107058796
f,Custom,385,-0.3380617018914066,-0.9296696802013682,-0.9134209718906997
f,Custom,386,-0.253546276418555,-0.9296696802013682,-0.8109745386090731
f,Custom,387,-0.1690308509457033,-0.9296696802013682,-0.7041477908592463
f,Custom,388,-0.08451542547285165,-0.9296696802013682,-0.5942615762662655
f,Custom,389,0.0,-0.9296696802013682,-0.48280181741986333
f,Custom,390,0.08451542547285165,-0.9296696802013682,-0.37134205857346103
f,Custom,391,0.1690308509457033,-0.9296696802013682,-0.2614558439804804
f,Custom,392,0.253546276418555,-0.9296696802013682,-0.15462909623065355
f,Custom,393,0.3380617018914066,-0.9296696802013682,-0.05218266294902683
f,Custom,394,0.4225771273642583,-0.9296696802013682,0.04478677586615298
f,Custom,395,0.50709255283711,-0.9296696802013682,0.13544262990198433
f,Custom,396,0.5916079783099616,-0.9296696802013682,0.21922021421520438
f,Custom,397,0.6761234037828132,-0.9296696802013682,0.29581696518773754
f,Custom,398,0.760638829255665,-0.9296696802013682,0.3651659285432287
f,Custom,399,0.8451542547285166,-0.9296696802013682,0.42739844309195024
f,Custom,400,0.9296696802013682,-0.9296696802013682,0.48280181741986333
f,Custom,401,1.01418510567422,-0.9296696802013682,0.5317768522979611
f,Custom,402,1.0987005311470714,-0.9296696802013682,0.5747987188331275
f,Custom,403,1.1832159566199232,-0.9296696802013682,0.6123833169604207
f,Custom,404,1.267731382092775,-0.9296696802013682,0.6450600443581046
f,Custom,405,1.3522468075656264,-0.9296696802013682,0.6733510111923491
f,Custom,406,1.4367622330384782,-0.9296696802013682,0.6977561547749753
f,Custom,407,1.52127765851133,-0.9296696802013682,0.7187433967105219
f,Custom,408,1.6057930839841814,-0.9296696802013682,0.736742876169557
f,Custom,409,1.6903085094570331,-0.9296696802013682,0.7521443181878414
f,Custom,410,-1.6903085094570331,-0.8451542547285166,-1.6900462658636115
f,Custom,411,-1.6057930839841814,-0.8451542547285166,-1.6746448238453273
f,Custom,412,-1.52127765851133,-0.8451542547285166,-1.6566453443862923
f,Custom,413,-1.4367622330384782,-0.8451542547285166,-1.6356581024507453
f,Custom,414,-1.3522468075656264,-0.8451542547285166,-1.611252958868119
f,Custom,415,-1.267731382092775,-0.8451542547285166,-1.5829619920338747
f,Custom,416,-1.1832159566199232,-0.8451542547285166,-1.5502852646361909
f,Custom,417,-1.0987005311470714,-0.8451542547285166,-1.5127006665088973
f,Custom,418,-1.01418510567422,-0.8451542547285166,-1.469678799973731
f,Custom,419,-0.9296696802013682,-0.8451542547285166,-1.4207037650956333
f,Custom,420,-0.8451542547285166,-0.8451542547285166,-1.3653003907677204
f,Custom,421,-0.760638829255665,-0.8451542547285166,-1.3030678762189989
f,Custom,422,-0.6761234037828132,-0.8451542547285166,-1.2337189128635075
f,Custom,423,-0.5916079783099616,-0.8451542547285166,-1.1571221618909744
f,Custom,424,-0.50709255283711,-0.8451542547285166,-1.0733445775777544
f,Custom,425,-0.4225771273642583,-0.8451542547285166,-0.9826887235419232
f,Custom,426,-0.3380617018914066,-0.8451542547285166,-0.8857192847267432
f,Custom,427,-0.253546276418555,-0.8451542547285166,-0.7832728514451165
f,Custom,428,-0.1690308509457033,-0.8451542547285166,-0.6764461036952897
f,Custom,429,-0.08451542547285165,-0.8451542547285166,-0.566559889102309
f,Custom,430,0.0,-0.8451542547285166,-0.4551001302559068
f,Custom,431,0.08451542547285165,-0.8451542547285166,-0.3436403714095045
f,Custom,432,0.1690308509457033,-0.8451542547285166,-0.23375415681652384
f,Custom,433,0.253546276418555,-0.8451542547285166,-0.12692740906669703
f,Custom,434,0.3380617018914066,-0.8451542547285166,-0.02448097578507028
f,Custom,435,0.4225771273642583,-0.8451542547285166,0.07248846303010952
f,Custom,436,0.50709255283711,-0.8451542547285166,0.16314431706594085
f,Custom,437,0.5916079783099616,-0.8451542547285166,0.24692190137916092
f,Custom,438,0.6761234037828132,-0.8451542547285166,0.3235186523516941
f,Custom,439,0.760638829255665,-0.8451542547285166,0.39286761570718526
f,Custom,440,0.8451542547285166,-0.8451542547285166,0.4551001302559068
f,Custom,441,0.9296696802013682,-0.8451542547285166,0.5105035045838199
f,Custom,442,1.01418510567422,-0.8451542547285166,0.5594785394619176
f,Custom,443,1.0987005311470714,-0.8451542547285166,0.602500405997084
f,Custom,444,1.1832159566199232,-0.8451542547285166,0.6400850041243773
f,Custom,445,1.267731382092775,-0.8451542547285166,0.6727617315220611
f,Custom,446,1.3522468075656264,-0.8451542547285166,0.7010526983563056
f,Custom,447,1.4367622330384782,-0.8451542547285166,0.7254578419389318
f,Custom,448,1.52127765851133,-0.8451542547285166,0.7464450838744785
f,Custom,449,1.6057930839841814,-0.8451542547285166,0.7644445633335136
f,Custom,450,1.6903085094570331,-0.8451542547285166,0.7798460053517979
f,Custom,451,-1.6903085094570331,-0.760638829255665,-1.6589300085892507
f,Custom,452,-1.6057930839841814,-0.760638829255665,-1.6435285665709665
f,Custom,453,-1.52127765851133,-0.760638829255665,-1.6255290871119312
f,Custom,454,-1.4367622330384782,-0.760638829255665,-1.6045418451763847
f,Custom,455,-1.3522468075656264,-0.760638829255665,-1.5801367015937584
f,Custom,456,-1.267731382092775,-0.760638829255665,-1.551845734759514
f,Custom,457,-1.1832159566199232,-0.760638829255665,-1.51916900736183
f,Custom,458,-1.0987005311470714,-0.760638829255665,-1.4815844092345367
f,Custom,459,-1.01418510567422,-0.760638829255665,-1.4385625426993705
f,Custom,460,-0.9296696802013682,-0.760638829255665,-1.3895875078212725
f,Custom,461,-0.8451542547285166,-0.760638829255665,-1.3341841334933597
f,Custom,462,-0.760638829255665,-0.760638829255665,-1.271951618944638
f,Custom,463,-0.6761234037828132,-0.760638829255665,-1.202602655589147
f,Custom,464,-0.5916079783099616,-0.760638829255665,-1.1260059046166138
f,Custom,465,-0.50709255283711,-0.760638829255665,-1.0422283203033937
f,Custom,466,-0.4225771273642583,-0.760638829255665,-0.9515724662675623
f,Custom,467,-0.3380617018914066,-0.760638829255665,-0.8546030274523826
f,Custom,468,-0.253546276418555,-0.760638829255665,-0.7521565941707558
f,Custom,469,-0.1690308509457033,-0.760638829255665,-0.6453298464209289
f,Custom,470,-0.08451542547285165,-0.760638829255665,-0.5354436318279483
f,Custom,471,0.0,-0.760638829255665,-0.423983872981546
f,Custom,472,0.08451542547285165,-0.760638829255665,-0.31252411413514375
f,Custom,473,0.1690308509457033,-0.760638829255665,-0.20263789954216307
f,Custom,474,0.253546276418555,-0.760638829255665,-0.09581115179233625
f,Custom,475,0.3380617018914066,-0.760638829255665,0.006635281489290479
f,Custom,476,0.4225771273642583,-0.760638829255665,0.10360472030447028
f,Custom,477,0.50709255283711,-0.760638829255665,0.1942605743403016
f,Custom,478,0.5916079783099616,-0.760638829255665,0.27803815865352166
f,Custom,479,0.6761234037828132,-0.760638829255665,0.3546349096260548
f,Custom,480,0.760638829255665,-0.760638829255665,0.423983872981546
f,Custom,481,0.8451542547285166,-0.760638829255665,0.4862163875302675
f,Custom,482,0.9296696802013682,-0.760638829255665,0.5416197618581806
f,Custom,483,1.01418510567422,-0.760638829255665,0.5905947967362783
f,Custom,484,1.0987005311470714,-0.760638829255665,0.6336166632714448
f,Custom,485,1.1832159566199232,-0.760638829255665,0.6712012613987379
f,Custom,486,1.267731382092775,-0.760638829255665,0.7038779887964218
f,Custom,487,1.3522468075656264,-0.760638829255665,0.7321689556306663
f,Custom,488,1.4367622330384782,-0.760638829255665,0.7565740992132926
f,Custom,489,1.52127765851133,-0.760638829255665,0.7775613411488393
f,Custom,490,1.6057930839841814,-0.760638829255665,0.7955608206078745
f,Custom,491,1.6903085094570331,-0.760638829255665,0.8109622626261586
f,Custom,492,-1.6903085094570331,-0.6761234037828132,-1.6242555269115053
f,Custom,493,-1.6057930839841814,-0.6761234037828132,-1.608854084893221
f,Custom,494,-1.52127765851133,-0.6761234037828132,-1.5908546054341857
f,Custom,495,-1.4367622330384782,-0.6761234037828132,-1.569867363498639
f,Custom,496,-1.3522468075656264,-0.6761234037828132,-1.5454622199160126
f,Custom,497,-1.267731382092775,-0.6761234037828132,-1.5171712530817685
f,Custom,498,-1.1832159566199232,-0.6761234037828132,-1.4844945256840847
f,Custom,499,-1.0987005311470714,-0.6761234037828132,-1.4469099275567912
f,Custom,500,-1.01418510567422,-0.6761234037828132,-1.4038880610216247
f,Custom,501,-0.9296696802013682,-0.6761234037828132,-1.3549130261435272
f,Custom,502,-0.8451542547285166,-0.6761234037828132,-1.299509651815614
f,Custom,503,-0.760638829255665,-0.6761234037828132,-1.2372771372668925
f,Custom,504,-0.6761234037828132,-0.6761234037828132,-1.1679281739114014
f,Custom,505,-0.5916079783099616,-0.6761234037828132,-1.0913314229388682
f,Custom,506,-0.50709255283711,-0.6761234037828132,-1.0075538386256482
f,Custom,507,-0.4225771273642583,-0.6761234037828132,-0.9168979845898166
f,Custom,508,-0.3380617018914066,-0.6761234037828132,-0.8199285457746369
f,Custom,509,-0.253546276418555,-0.6761234037828132,-0.7174821124930103
f,Custom,510,-0.1690308509457033,-0.6761234037828132,-0.6106553647431833
f,Custom,511,-0.08451542547285165,-0.6761234037828132,-0.5007691501502027
f,Custom,512,0.0,-0.6761234037828132,-0.38930939130380043
f,Custom,513,0.08451542547285165,-0.6761234037828132,-0.2778496324573982
f,Custom,514,0.1690308509457033,-0.6761234037828132,-0.1679634178644175
f,Custom,515,0.253546276418555,-0.6761234037828132,-0.061136670114590674
f,Custom,516,0.3380617018914066,-0.6761234037828132,0.041309763167036065
f,Custom,517,0.4225771273642583,-0.6761234037828132,0.13827920198221585
f,Custom,518,0.50709255283711,-0.6761234037828132,0.2289350560180472
f,Custom,519,0.5916079783099616,-0.6761234037828132,0.3127126403312673
f,Custom,520,0.6761234037828132,-0.6761234037828132,0.38930939130380043
f,Custom,521,0.760638829255665,-0.6761234037828132,0.4586583546592916
f,Custom,522,0.8451542547285166,-0.6761234037828132,0.5208908692080131
f,Custom,523,0.9296696802013682,-0.6761234037828132,0.5762942435359262
f,Custom,524,1.01418510567422,-0.6761234037828132,0.6252692784140239
f,Custom,525,1.0987005311470714,-0.6761234037828132,0.6682911449491904
f,Custom,526,1.1832159566199232,-0.6761234037828132,0.7058757430764836
f,Custom,527,1.267731382092775,-0.6761234037828132,0.7385524704741675
f,Custom,528,1.3522468075656264,-0.6761234037828132,0.7668434373084119
f,Custom,529,1.4367622330384782,-0.6761234037828132,0.7912485808910381
f,Custom,530,1.52127765851133,-0.6761234037828132,0.8122358228265849
f,Custom,531,1.6057930839841814,-0.6761234037828132,0.83023530228562
f,Custom,532,1.6903085094570331,-0.6761234037828132,0.8456367443039042
f,Custom,533,-1.6903085094570331,-0.5916079783099616,-1.5859571514252384
f,Custom,534,-1.6057930839841814,-0.5916079783099616,-1.5705557094069542
f,Custom,535,-1.52127765851133,-0.5916079783099616,-1.5525562299479192
f,Custom,536,-1.4367622330384782,-0.5916079783099616,-1.5315689880123724
f,Custom,537,-1.3522468075656264,-0.5916079783099616,-1.5071638444297464
f,Custom,538,-1.267731382092775,-0.5916079783099616,-1.4788728775955016
f,Custom,539,-1.1832159566199232,-0.5916079783099616,-1.4461961501978178
f,Custom,540,-1.0987005311470714,-0.5916079783099616,-1.4086115520705247
f,Custom,541,-1.01418510567422,-0.5916079783099616,-1.3655896855353584
f,Custom,542,-0.9296696802013682,-0.5916079783099616,-1.3166146506572605
f,Custom,543,-0.8451542547285166,-0.5916079783099616,-1.2612112763293475
f,Custom,544,-0.760638829255665,-0.5916079783099616,-1.1989787617806258
f,Custom,545,-0.6761234037828132,-0.5916079783099616,-1.1296297984251347
f,Custom,546,-0.5916079783099616,-0.5916079783099616,-1.0530330474526015
f,Custom,547,-0.50709255283711,-0.5916079783099616,-0.9692554631393816
f,Custom,548,-0.4225771273642583,-0.5916079783099616,-0.8785996091035501
f,Custom,549,-0.3380617018914066,-0.5916079783099616,-0.7816301702883703
f,Custom,550,-0.253546276418555,-0.5916079783099616,-0.6791837370067437
f,Custom,551,-0.1690308509457033,-0.5916079783099616,-0.5723569892569167
f,Custom,552,-0.08451542547285165,-0.5916079783099616,-0.4624707746639361
f,Custom,553,0.0,-0.5916079783099616,-0.35101101581753386
f,Custom,554,0.08451542547285165,-0.5916079783099616,-0.23955125697113158
f,Custom,555,0.1690308509457033,-0.5916079783099616,-0.1296650423781509
f,Custom,556,0.253546276418555,-0.5916079783099616,-0.022838294628324093
f,Custom,557,0.3380617018914066,-0.5916079783099616,0.07960813865330264
f,Custom,558,0.4225771273642583,-0.5916079783099616,0.17657757746848243
f,Custom,559,0.50709255283711,-0.5916079783099616,0.2672334315043138
f,Custom,560,0.5916079783099616,-0.5916079783099616,0.35101101581753386
f,Custom,561,0.6761234037828132,-0.5916079783099616,0.427607766790067
f,Custom,562,0.760638829255665,-0.5916079783099616,0.4969567301455582
f,Custom,563,0.8451542547285166,-0.5916079783099616,0.5591892446942797
f,Custom,564,0.9296696802013682,-0.5916079783099616,0.6145926190221928
f,Custom,565,1.01418510567422,-0.5916079783099616,0.6635676539002905
f,Custom,566,1.0987005311470714,-0.5916079783099616,0.706589520435457
f,Custom,567,1.1832159566199232,-0.5916079783099616,0.7441741185627502
f,Custom,568,1.267731382092775,-0.5916079783099616,0.7768508459604341
f,Custom,569,1.3522468075656264,-0.5916079783099616,0.8051418127946784
f,Custom,570,1.4367622330384782,-0.5916079783099616,0.8295469563773048
f,Custom,571,1.52127765851133,-0.5916079783099616,0.8505341983128515
f,Custom,572,1.6057930839841814,-0.5916079783099616,0.8685336777718866
f,Custom,573,1.6903085094570331,-0.5916079783099616,0.8839351197901708
f,Custom,574,-1.6903085094570331,-0.50709255283711,-1.5440683592686284
f,Custom,575,-1.6057930839841814,-0.50709255283711,-1.5286669172503444
f,Custom,576,-1.52127765851133,-0.50709255283711,-1.5106674377913092
f,Custom,577,-1.4367622330384782,-0.50709255283711,-1.4896801958557624
f,Custom,578,-1.3522468075656264,-0.50709255283711,-1.4652750522731361
f,Custom,579,-1.267731382092775,-0.50709255283711,-1.4369840854388918
f,Custom,580,-1.1832159566199232,-0.50709255283711,-1.4043073580412078
f,Custom,581,-1.0987005311470714,-0.50709255283711,-1.3667227599139147
f,Custom,582,-1.01418510567422,-0.50709255283711,-1.3237008933787482
f,Custom,583,-0.9296696802013682,-0.50709255283711,-1.2747258585006505
f,Custom,584,-0.8451542547285166,-0.50709255283711,-1.2193224841727373
f,Custom,585,-0.760638829255665,-0.50709255283711,-1.1570899696240158
f,Custom,586,-0.6761234037828132,-0.50709255283711,-1.0877410062685247
f,Custom,587,-0.5916079783099616,-0.50709255283711,-1.0111442552959915
f,Custom,588,-0.50709255283711,-0.50709255283711,-0.9273666709827715
f,Custom,589,-0.4225771273642583,-0.50709255283711,-0.8367108169469402
f,Custom,590,-0.3380617018914066,-0.50709255283711,-0.7397413781317602
f,Custom,591,-0.253546276418555,-0.50709255283711,-0.6372949448501336
f,Custom,592,-0.1690308509457033,-0.50709255283711,-0.5304681971003068
f,Custom,593,-0.08451542547285165,-0.50709255283711,-0.42058198250732604
f,Custom,594,0.0,-0.50709255283711,-0.3091222236609238
f,Custom,595,0.08451542547285165,-0.50709255283711,-0.1976624648145216
f,Custom,596,0.1690308509457033,-0.50709255283711,-0.08777625022154088
f,Custom,597,0.253546276418555,-0.50709255283711,0.019050497528285942
f,Custom,598,0.3380617018914066,-0.50709255283711,0.12149693080991267
f,Custom,599,0.4225771273642583,-0.50709255283711,0.21846636962509247
f,Custom,600,0.50709255283711,-0.50709255283711,0.3091222236609238
f,Custom,601,0.5916079783099616,-0.50709255283711,0.3928998079741439
f,Custom,602,0.6761234037828132,-0.50709255283711,0.4694965589466771
f,Custom,603,0.760638829255665,-0.50709255283711,0.5388455223021682
f,Custom,604,0.8451542547285166,-0.50709255283711,0.6010780368508898
f,Custom,605,0.9296696802013682,-0.50709255283711,0.6564814111788029
f,Custom,606,1.01418510567422,-0.50709255283711,0.7054564460569006
f,Custom,607,1.0987005311470714,-0.50709255283711,0.748478312592067
f,Custom,608,1.1832159566199232,-0.50709255283711,0.7860629107193603
f,Custom,609,1.267731382092775,-0.50709255283711,0.8187396381170441
f,Custom,610,1.3522468075656264,-0.50709255283711,0.8470306049512886
f,Custom,611,1.4367622330384782,-0.50709255283711,0.8714357485339148
f,Custom,612,1.52127765851133,-0.50709255283711,0.8924229904694615
f,Custom,613,1.6057930839841814,-0.50709255283711,0.9104224699284966
f,Custom,614,1.6903085094570331,-0.50709255283711,0.9258239119467809
f,Custom,615,-1.6903085094570331,-0.4225771273642583,-1.4987404322507127
f,Custom,616,-1.6057930839841814,-0.4225771273642583,-1.4833389902324285
f,Custom,617,-1.52127765851133,-0.4225771273642583,-1.4653395107733933
f,Custom,618,-1.4367622330384782,-0.4225771273642583,-1.4443522688378467
f,Custom,619,-1.3522468075656264,-0.4225771273642583,-1.4199471252552205
f,Custom,620,-1.267731382092775,-0.4225771273642583,-1.3916561584209761
f,Custom,621,-1.1832159566199232,-0.4225771273642583,-1.358979431023292
f,Custom,622,-1.0987005311470714,-0.4225771273642583,-1.321394832895999
f,Custom,623,-1.01418510567422,-0.4225771273642583,-1.2783729663608325
f,Custom,624,-0.9296696802013682,-0.4225771273642583,-1.2293979314827348
f,Custom,625,-0.8451542547285166,-0.4225771273642583,-1.1739945571548218
f,Custom,626,-0.760638829255665,-0.4225771273642583,-1.1117620426061001
f,Custom,627,-0.6761234037828132,-0.4225771273642583,-1.042413079250609
f,Custom,628,-0.5916079783099616,-0.4225771273642583,-0.9658163282780758
f,Custom,629,-0.50709255283711,-0.4225771273642583,-0.8820387439648557
f,Custom,630,-0.4225771273642583,-0.4225771273642583,-0.7913828899290244
f,Custom,631,-0.3380617018914066,-0.4225771273642583,-0.6944134511138447
f,Custom,632,-0.253546276418555,-0.4225771273642583,-0.5919670178322178
f,Custom,633,-0.1690308509457033,-0.4225771273642583,-0.4851402700823911
f,Custom,634,-0.08451542547285165,-0.4225771273642583,-0.3752540554894104
f,Custom,635,0.0,-0.4225771273642583,-0.26379429664300813
f,Custom,636,0.08451542547285165,-0.4225771273642583,-0.1523345377966059
f,Custom,637,0.1690308509457033,-0.4225771273642583,-0.04244832320362522
f,Custom,638,0.253546276418555,-0.4225771273642583,0.06437842454620162
f,Custom,639,0.3380617018914066,-0.4225771273642583,0.16682485782782835
f,Custom,640,0.4225771273642583,-0.4225771273642583,0.26379429664300813
f,Custom,641,0.50709255283711,-0.4225771273642583,0.3544501506788395
f,Custom,642,0.5916079783099616,-0.4225771273642583,0.4382277349920595
f,Custom,643,0.6761234037828132,-0.4225771273642583,0.5148244859645926
f,Custom,644,0.760638829255665,-0.4225771273642583,0.5841734493200839
f,Custom,645,0.8451542547285166,-0.4225771273642583,0.6464059638688053
f,Custom,646,0.9296696802013682,-0.4225771273642583,0.7018093381967184
f,Custom,647,1.01418510567422,-0.4225771273642583,0.7507843730748162
f,Custom,648,1.0987005311470714,-0.4225771273642583,0.7938062396099826
f,Custom,649,1.1832159566199232,-0.4225771273642583,0.8313908377372758
f,Custom,650,1.267731382092775,-0.4225771273642583,0.8640675651349597
f,Custom,651,1.3522468075656264,-0.4225771273642583,0.8923585319692041
f,Custom,652,1.4367622330384782,-0.4225771273642583,0.9167636755518304
f,Custom,653,1.52127765851133,-0.4225771273642583,0.9377509174873772
f,Custom,654,1.6057930839841814,-0.4225771273642583,0.9557503969464123
f,Custom,655,1.6903085094570331,-0.4225771273642583,0.9711518389646965
f,Custom,656,-1.6903085094570331,-0.3380617018914066,-1.450255712843123
f,Custom,657,-1.6057930839841814,-0.3380617018914066,-1.4348542708248386
f,Custom,658,-1.52127765851133,-0.3380617018914066,-1.4168547913658036
f,Custom,659,-1.4367622330384782,-0.3380617018914066,-1.395867549430257
f,Custom,660,-1.3522468075656264,-0.3380617018914066,-1.3714624058476304
f,Custom,661,-1.267731382092775,-0.3380617018914066,-1.3431714390133862
f,Custom,662,-1.1832159566199232,-0.3380617018914066,-1.3104947116157022
f,Custom,663,-1.0987005311470714,-0.3380617018914066,-1.272910113488409
f,Custom,664,-1.01418510567422,-0.3380617018914066,-1.2298882469532426
f,Custom,665,-0.9296696802013682,-0.3380617018914066,-1.1809132120751449
f,Custom,666,-0.8451542547285166,-0.3380617018914066,-1.1255098377472317
f,Custom,667,-0.760638829255665,-0.3380617018914066,-1.0632773231985102
f,Custom,668,-0.6761234037828132,-0.3380617018914066,-0.9939283598430191
f,Custom,669,-0.5916079783099616,-0.3380617018914066,-0.9173316088704859
f,Custom,670,-0.50709255283711,-0.3380617018914066,-0.8335540245572659
f,Custom,671,-0.4225771273642583,-0.3380617018914066,-0.7428981705214345
f,Custom,672,-0.3380617018914066,-0.3380617018914066,-0.6459287317062548
f,Custom,673,-0.253546276418555,-0.3380617018914066,-0.543482298424628
f,Custom,674,-0.1690308509457033,-0.3380617018914066,-0.43665555067480116
f,Custom,675,-0.08451542547285165,-0.3380617018914066,-0.3267693360818205
f,Custom,676,0.0,-0.3380617018914066,-0.21530957723541824
f,Custom,677,0.08451542547285165,-0.3380617018914066,-0.10384981838901601
f,Custom,678,0.1690308509457033,-0.3380617018914066,0.006036396203964682
f,Custom,679,0.253546276418555,-0.3380617018914066,0.11286314395379152
f,Custom,680,0.3380617018914066,-0.3380617018914066,0.21530957723541824
f,Custom,681,0.4225771273642583,-0.3380617018914066,0.31227901605059805
f,Custom,682,0.50709255283711,-0.3380617018914066,0.40293487008642936
f,Custom,683,0.5916079783099616,-0.3380617018914066,0.48671245439964944
f,Custom,684,0.6761234037828132,-0.3380617018914066,0.5633092053721827
f,Custom,685,0.760638829255665,-0.3380617018914066,0.6326581687276738
f,Custom,686,0.8451542547285166,-0.3380617018914066,0.6948906832763952
f,Custom,687,0.9296696802013682,-0.3380617018914066,0.7502940576043083
f,Custom,688,1.01418510567422,-0.3380617018914066,0.7992690924824062
f,Custom,689,1.0987005311470714,-0.3380617018914066,0.8422909590175726
f,Custom,690,1.1832159566199232,-0.3380617018914066,0.8798755571448658
f,Custom,691,1.267731382092775,-0.3380617018914066,0.9125522845425497
f,Custom,692,1.3522468075656264,-0.3380617018914066,0.9408432513767941
f,Custom,693,1.4367622330384782,-0.3380617018914066,0.9652483949594204
f,Custom,694,1.52127765851133,-0.3380617018914066,0.9862356368949671
f,Custom,695,1.6057930839841814,-0.3380617018914066,1.0042351163540022
f,Custom,696,1.6903085094570331,-0.3380617018914066,1.0196365583722864
f,Custom,697,-1.6903085094570331,-0.253546276418555,-1.3990324962023095
f,Custom,698,-1.6057930839841814,-0.253546276418555,-1.3836310541840253
f,Custom,699,-1.52127765851133,-0.253546276418555,-1.3656315747249903
f,Custom,700,-1.4367622330384782,-0.253546276418555,-1.3446443327894435
f,Custom,701,-1.3522468075656264,-0.253546276418555,-1.3202391892068173
f,Custom,702,-1.267731382092775,-0.253546276418555,-1.2919482223725727
f,Custom,703,-1.1832159566199232,-0.253546276418555,-1.2592714949748889
f,Custom,704,-1.0987005311470714,-0.253546276418555,-1.2216868968475956
f,Custom,705,-1.01418510567422,-0.253546276418555,-1.1786650303124293
f,Custom,706,-0.9296696802013682,-0.253546276418555,-1.1296899954343316
f,Custom,707,-0.8451542547285166,-0.253546276418555,-1.0742866211064184
f,Custom,708,-0.760638829255665,-0.253546276418555,-1.012054106557697
f,Custom,709,-0.6761234037828132,-0.253546276418555,-0.9427051432022057
f,Custom,710,-0.5916079783099616,-0.253546276418555,-0.8661083922296725
f,Custom,711,-0.50709255283711,-0.253546276418555,-0.7823308079164526
f,Custom,712,-0.4225771273642583,-0.253546276418555,-0.6916749538806212
f,Custom,713,-0.3380617018914066,-0.253546276418555,-0.5947055150654413
f,Custom,714,-0.253546276418555,-0.253546276418555,-0.49225908178381467
f,Custom,715,-0.1690308509457033,-0.253546276418555,-0.3854323340339878
f,Custom,716,-0.08451542547285165,-0.253546276418555,-0.2755461194410071
f,Custom,717,0.0,-0.253546276418555,-0.16408636059460488
f,Custom,718,0.08451542547285165,-0.253546276418555,-0.05262660174820264
f,Custom,719,0.1690308509457033,-0.253546276418555,0.05725961284477805
f,Custom,720,0.253546276418555,-0.253546276418555,0.16408636059460488
f,Custom,721,0.3380617018914066,-0.253546276418555,0.26653279387623163
f,Custom,722,0.4225771273642583,-0.253546276418555,0.36350223269141135
f,Custom,723,0.50709255283711,-0.253546276418555,0.4541580867272427
f,Custom,724,0.5916079783099616,-0.253546276418555,0.5379356710404628
f,Custom,725,0.6761234037828132,-0.253546276418555,0.614532422012996
f,Custom,726,0.760638829255665,-0.253546276418555,0.6838813853684872
f,Custom,727,0.8451542547285166,-0.253546276418555,0.7461138999172087
f,Custom,728,0.9296696802013682,-0.253546276418555,0.8015172742451218
f,Custom,729,1.01418510567422,-0.253546276418555,0.8504923091232195
f,Custom,730,1.0987005311470714,-0.253546276418555,0.893514175658386
f,Custom,731,1.1832159566199232,-0.253546276418555,0.9310987737856792
f,Custom,732,1.267731382092775,-0.253546276418555,0.9637755011833631
f,Custom,733,1.3522468075656264,-0.253546276418555,0.9920664680176075
f,Custom,734,1.4367622330384782,-0.253546276418555,1.0164716116002337
f,Custom,735,1.52127765851133,-0.253546276418555,1.0374588535357805
f,Custom,736,1.6057930839841814,-0.253546276418555,1.0554583329948155
f,Custom,737,1.6903085094570331,-0.253546276418555,1.0708597750131
f,Custom,738,-1.6903085094570331,-0.1690308509457033,-1.3456191223273961
f,Custom,739,-1.6057930839841814,-0.1690308509457033,-1.330217680309112
f,Custom,740,-1.52127765851133,-0.1690308509457033,-1.312218200850077
f,Custom,741,-1.4367622330384782,-0.1690308509457033,-1.29123095891453
f,Custom,742,-1.3522468075656264,-0.1690308509457033,-1.2668258153319039
f,Custom,743,-1.267731382092775,-0.1690308509457033,-1.2385348484976595
f,Custom,744,-1.1832159566199232,-0.1690308509457033,-1.2058581210999755
f,Custom,745,-1.0987005311470714,-0.1690308509457033,-1.1682735229726824
f,Custom,746,-1.01418510567422,-0.1690308509457033,-1.125251656437516
f,Custom,747,-0.9296696802013682,-0.1690308509457033,-1.0762766215594182
f,Custom,748,-0.8451542547285166,-0.1690308509457033,-1.020873247231505
f,Custom,749,-0.760638829255665,-0.1690308509457033,-0.9586407326827835
f,Custom,750,-0.6761234037828132,-0.1690308509457033,-0.8892917693272924
f,Custom,751,-0.5916079783099616,-0.1690308509457033,-0.8126950183547592
f,Custom,752,-0.50709255283711,-0.1690308509457033,-0.7289174340415391
f,Custom,753,-0.4225771273642583,-0.1690308509457033,-0.6382615800057078
f,Custom,754,-0.3380617018914066,-0.1690308509457033,-0.5412921411905279
f,Custom,755,-0.253546276418555,-0.1690308509457033,-0.4388457079089012
f,Custom,756,-0.1690308509457033,-0.1690308509457033,-0.3320189601590744
f,Custom,757,-0.08451542547285165,-0.1690308509457033,-0.2221327455660937
f,Custom,758,0.0,-0.1690308509457033,-0.11067298671969146
f,Custom,759,0.08451542547285165,-0.1690308509457033,0.0007867721267107773
f,Custom,760,0.1690308509457033,-0.1690308509457033,0.11067298671969146
f,Custom,761,0.253546276418555,-0.1690308509457033,0.2174997344695183
f,Custom,762,0.3380617018914066,-0.1690308509457033,0.31994616775114504
f,Custom,763,0.4225771273642583,-0.1690308509457033,0.4169156065663248
f,Custom,764,0.50709255283711,-0.1690308509457033,0.5075714606021562
f,Custom,765,0.5916079783099616,-0.1690308509457033,0.5913490449153762
f,Custom,766,0.6761234037828132,-0.1690308509457033,0.6679457958879094
f,Custom,767,0.760638829255665,-0.1690308509457033,0.7372947592434005
f,Custom,768,0.8451542547285166,-0.1690308509457033,0.7995272737921221
f,Custom,769,0.9296696802013682,-0.1690308509457033,0.8549306481200352
f,Custom,770,1.01418510567422,-0.1690308509457033,0.9039056829981329
f,Custom,771,1.0987005311470714,-0.1690308509457033,0.9469275495332993
f,Custom,772,1.1832159566199232,-0.1690308509457033,0.9845121476605925
f,Custom,773,1.267731382092775,-0.1690308509457033,1.0171888750582765
f,Custom,774,1.3522468075656264,-0.1690308509457033,1.0454798418925209
f,Custom,775,1.4367622330384782,-0.1690308509457033,1.069884985475147
f,Custom,776,1.52127765851133,-0.1690308509457033,1.0908722274106937
f,Custom,777,1.6057930839841814,-0.1690308509457033,1.108871706869729
f,Custom,778,1.6903085094570331,-0.1690308509457033,1.124273148888013
f,Custom,779,-1.6903085094570331,-0.08451542547285165,-1.2906760150309058
f,Custom,780,-1.6057930839841814,-0.08451542547285165,-1.2752745730126216
f,Custom,781,-1.52127765851133,-0.08451542547285165,-1.2572750935535864
f,Custom,782,-1.4367622330384782,-0.08451542547285165,-1.2362878516180396
f,Custom,783,-1.3522468075656264,-0.08451542547285165,-1.2118827080354133
f,Custom,784,-1.267731382092775,-0.08451542547285165,-1.183591741201169
f,Custom,785,-1.1832159566199232,-0.08451542547285165,-1.1509150138034852
f,Custom,786,-1.0987005311470714,-0.08451542547285165,-1.1133304156761918
f,Custom,787,-1.01418510567422,-0.08451542547285165,-1.0703085491410254
f,Custom,788,-0.9296696802013682,-0.08451542547285165,-1.0213335142629276
f,Custom,789,-0.8451542547285166,-0.08451542547285165,-0.9659301399350146
f,Custom,790,-0.760638829255665,-0.08451542547285165,-0.9036976253862931
f,Custom,791,-0.6761234037828132,-0.08451542547285165,-0.8343486620308019
f,Custom,792,-0.5916079783099616,-0.08451542547285165,-0.7577519110582688
f,Custom,793,-0.50709255283711,-0.08451542547285165,-0.6739743267450488
f,Custom,794,-0.4225771273642583,-0.08451542547285165,-0.5833184727092174
f,Custom,795,-0.3380617018914066,-0.08451542547285165,-0.4863490338940376
f,Custom,796,-0.253546276418555,-0.08451542547285165,-0.3839026006124109
f,Custom,797,-0.1690308509457033,-0.08451542547285165,-0.27707585286258407
f,Custom,798,-0.08451542547285165,-0.08451542547285165,-0.16718963826960334
f,Custom,799,0.0,-0.08451542547285165,-0.05572987942320112
f,Custom,800,0.08451542547285165,-0.08451542547285165,0.05572987942320112
f,Custom,801,0.1690308509457033,-0.08451542547285165,0.1656160940161818
f,Custom,802,0.253546276418555,-0.08451542547285165,0.27244284176600864
f,Custom,803,0.3380617018914066,-0.08451542547285165,0.37488927504763536
f,Custom,804,0.4225771273642583,-0.08451542547285165,0.47185871386281514
f,Custom,805,0.50709255283711,-0.08451542547285165,0.5625145678986465
f,Custom,806,0.5916079783099616,-0.08451542547285165,0.6462921522118665
f,Custom,807,0.6761234037828132,-0.08451542547285165,0.7228889031843998
f,Custom,808,0.760638829255665,-0.08451542547285165,0.7922378665398909
f,Custom,809,0.8451542547285166,-0.08451542547285165,0.8544703810886125
f,Custom,810,0.9296696802013682,-0.08451542547285165,0.9098737554165256
f,Custom,811,1.01418510567422,-0.08451542547285165,0.9588487902946233
f,Custom,812,1.0987005311470714,-0.08451542547285165,1.0018706568297897
f,Custom,813,1.1832159566199232,-0.08451542547285165,1.039455254957083
f,Custom,814,1.267731382092775,-0.08451542547285165,1.0721319823547668
f,Custom,815,1.3522468075656264,-0.08451542547285165,1.1004229491890114
f,Custom,816,1.4367622330384782,-0.08451542547285165,1.1248280927716376
f,Custom,817,1.52127765851133,-0.08451542547285165,1.1458153347071842
f,Custom,818,1.6057930839841814,-0.08451542547285165,1.1638148141662195
f,Custom,819,1.6903085094570331,-0.08451542547285165,1.1792162561845037
f,Custom,820,-1.6903085094570331,0.0,-1.2349461356077047
f,Custom,821,-1.6057930839841814,0.0,-1.2195446935894205
f,Custom,822,-1.52127765851133,0.0,-1.2015452141303853
f,Custom,823,-1.4367622330384782,0.0,-1.1805579721948385
f,Custom,824,-1.3522468075656264,0.0,-1.1561528286122122
f,Custom,825,-1.267731382092775,0.0,-1.1278618617779679
f,Custom,826,-1.1832159566199232,0.0,-1.095185134380284
f,Custom,827,-1.0987005311470714,0.0,-1.0576005362529908
f,Custom,828,-1.01418510567422,0.0,-1.0145786697178243
f,Custom,829,-0.9296696802013682,0.0,-0.9656036348397267
f,Custom,830,-0.8451542547285166,0.0,-0.9102002605118136
f,Custom,831,-0.760638829255665,0.0,-0.847967745963092
f,Custom,832,-0.6761234037828132,0.0,-0.7786187826076009
f,Custom,833,-0.5916079783099616,0.0,-0.7020220316350677
f,Custom,834,-0.50709255283711,0.0,-0.6182444473218476
f,Custom,835,-0.4225771273642583,0.0,-0.5275885932860163
f,Custom,836,-0.3380617018914066,0.0,-0.4306191544708365
f,Custom,837,-0.253546276418555,0.0,-0.32817272118920976
f,Custom,838,-0.1690308509457033,0.0,-0.22134597343938292
f,Custom,839,-0.08451542547285165,0.0,-0.11145975884640225
f,Custom,840,0.0,0.0,0.0
f,Custom,841,0.08451542547285165,0.0,0.11145975884640225
f,Custom,842,0.1690308509457033,0.0,0.22134597343938292
f,Custom,843,0.253546276418555,0.0,0.32817272118920976
f,Custom,844,0.3380617018914066,0.0,0.4306191544708365
f,Custom,845,0.4225771273642583,0.0,0.5275885932860163
f,Custom,846,0.50709255283711,0.0,0.6182444473218476
f,Custom,847,0.5916079783099616,0.0,0.7020220316350677
f,Custom,848,0.6761234037828132,0.0,0.7786187826076009
f,Custom,849,0.760638829255665,0.0,0.847967745963092
f,Custom,850,0.8451542547285166,0.0,0.9102002605118136
f,Custom,851,0.9296696802013682,0.0,0.9656036348397267
f,Custom,852,1.01418510567422,0.0,1.0145786697178243
f,Custom,853,1.0987005311470714,0.0,1.0576005362529908
f,Custom,854,1.1832159566199232,0.0,1.095185134380284
f,Custom,855,1.267731382092775,0.0,1.1278618617779679
f,Custom,856,1.3522468075656264,0.0,1.1561528286122122
f,Custom,857,1.4367622330384782,0.0,1.1805579721948385
f,Custom,858,1.52127765851133,0.0,1.2015452141303853
f,Custom,859,1.6057930839841814,0.0,1.2195446935894205
f,Custom,860,1.6903085094570331,0.0,1.2349461356077047
f,Custom,861,-1.6903085094570331,0.08451542547285165,-1.1792162561845037
f,Custom,862,-1.6057930839841814,0.08451542547285165,-1.1638148141662195
f,Custom,863,-1.52127765851133,0.08451542547285165,-1.1458153347071842
f,Custom,864,-1.4367622330384782,0.08451542547285165,-1.1248280927716376
f,Custom,865,-1.3522468075656264,0.08451542547285165,-1.1004229491890114
f,Custom,866,-1.267731382092775,0.08451542547285165,-1.0721319823547668
f,Custom,867,-1.1832159566199232,0.08451542547285165,-1.039455254957083
f,Custom,868,-1.0987005311470714,0.08451542547285165,-1.0018706568297897
f,Custom,869,-1.01418510567422,0.08451542547285165,-0.9588487902946233
f,Custom,870,-0.9296696802013682,0.08451542547285165,-0.9098737554165256
f,Custom,871,-0.8451542547285166,0.08451542547285165,-0.8544703810886125
f,Custom,872,-0.760638829255665,0.08451542547285165,-0.7922378665398909
f,Custom,873,-0.6761234037828132,0.08451542547285165,-0.7228889031843998
f,Custom,874,-0.5916079783099616,0.08451542547285165,-0.6462921522118665
f,Custom,875,-0.50709255283711,0.08451542547285165,-0.5625145678986465
f,Custom,876,-0.4225771273642583,0.08451542547285165,-0.47185871386281514
f,Custom,877,-0.3380617018914066,0.08451542547285165,-0.37488927504763536
f,Custom,878,-0.253546276418555,0.08451542547285165,-0.27244284176600864
f,Custom,879,-0.1690308509457033,0.08451542547285165,-0.1656160940161818
f,Custom,880,-0.08451542547285165,0.08451542547285165,-0.05572987942320112
f,Custom,881,0.0,0.08451542547285165,0.05572987942320112
f,Custom,882,0.08451542547285165,0.08451542547285165,0.16718963826960334
f,Custom,883,0.1690308509457033,0.08451542547285165,0.27707585286258407
f,Custom,884,0.253546276418555,0.08451542547285165,0.3839026006124109
f,Custom,885,0.3380617018914066,0.08451542547285165,0.4863490338940376
f,Custom,886,0.4225771273642583,0.08451542547285165,0.5833184727092174
f,Custom,887,0.50709255283711,0.08451542547285165,0.6739743267450488
f,Custom,888,0.5916079783099616,0.08451542547285165,0.7577519110582688
f,Custom,889,0.6761234037828132,0.08451542547285165,0.8343486620308019
f,Custom,890,0.760638829255665,0.08451542547285165,0.9036976253862931
f,Custom,891,0.8451542547285166,0.08451542547285165,0.9659301399350146
f,Custom,892,0.9296696802013682,0.08451542547285165,1.0213335142629276
f,Custom,893,1.01418510567422,0.08451542547285165,1.0703085491410254
f,Custom,894,1.0987005311470714,0.08451542547285165,1.1133304156761918
f,Custom,895,1.1832159566199232,0.08451542547285165,1.1509150138034852
f,Custom,896,1.267731382092775,0.08451542547285165,1.183591741201169
f,Custom,897,1.3522468075656264,0.08451542547285165,1.2118827080354133
f,Custom,898,1.4367622330384782,0.08451542547285165,1.2362878516180396
f,Custom,899,1.52127765851133,0.08451542547285165,1.2572750935535864
f,Custom,900,1.6057930839841814,0.08451542547285165,1.2752745730126216
f,Custom,901,1.6903085094570331,0.08451542547285165,1.2906760150309058
f,Custom,902,-1.6903085094570331,0.1690308509457033,-1.124273148888013
f,Custom,903,-1.6057930839841814,0.1690308509457033,-1.108871706869729
f,Custom,904,-1.52127765851133,0.1690308509457033,-1.0908722274106937
f,Custom,905,-1.4367622330384782,0.1690308509457033,-1.069884985475147
f,Custom,906,-1.3522468075656264,0.1690308509457033,-1.0454798418925209
f,Custom,907,-1.267731382092775,0.1690308509457033,-1.0171888750582765
f,Custom,908,-1.1832159566199232,0.1690308509457033,-0.9845121476605925
f,Custom,909,-1.0987005311470714,0.1690308509457033,-0.9469275495332993
f,Custom,910,-1.01418510567422,0.1690308509457033,-0.9039056829981329
f,Custom,911,-0.9296696802013682,0.1690308509457033,-0.8549306481200352
f,Custom,912,-0.8451542547285166,0.1690308509457033,-0.7995272737921221
f,Custom,913,-0.760638829255665,0.1690308509457033,-0.7372947592434005
f,Custom,914,-0.6761234037828132,0.1690308509457033,-0.6679457958879094
f,Custom,915,-0.5916079783099616,0.1690308509457033,-0.5913490449153762
f,Custom,916,-0.50709255283711,0.1690308509457033,-0.5075714606021562
f,Custom,917,-0.4225771273642583,0.1690308509457033,-0.4169156065663248
f,Custom,918,-0.3380617018914066,0.1690308509457033,-0.31994616775114504
f,Custom,919,-0.253546276418555,0.1690308509457033,-0.2174997344695183
f,Custom,920,-0.1690308509457033,0.1690308509457033,-0.11067298671969146
f,Custom,921,-0.08451542547285165,0.1690308509457033,-0.0007867721267107773
f,Custom,922,0.0,0.1690308509457033,0.11067298671969146
f,Custom,923,0.08451542547285165,0.1690308509457033,0.2221327455660937
f,Custom,924,0.1690308509457033,0.1690308509457033,0.3320189601590744
f,Custom,925,0.253546276418555,0.1690308509457033,0.4388457079089012
f,Custom,926,0.3380617018914066,0.1690308509457033,0.5412921411905279
f,Custom,927,0.4225771273642583,0.1690308509457033,0.6382615800057078
f,Custom,928,0.50709255283711,0.1690308509457033,0.7289174340415391
f,Custom,929,0.5916079783099616,0.1690308509457033,0.8126950183547592
f,Custom,930,0.6761234037828132,0.1690308509457033,0.8892917693272924
f,Custom,931,0.760638829255665,0.1690308509457033,0.9586407326827835
f,Custom,932,0.8451542547285166,0.1690308509457033,1.020873247231505
f,Custom,933,0.9296696802013682,0.1690308509457033,1.0762766215594182
f,Custom,934,1.01418510567422,0.1690308509457033,1.125251656437516
f,Custom,935,1.0987005311470714,0.1690308509457033,1.1682735229726824
f,Custom,936,1.1832159566199232,0.1690308509457033,1.2058581210999755
f,Custom,937,1.267731382092775,0.1690308509457033,1.2385348484976595
f,Custom,938,1.3522468075656264,0.1690308509457033,1.2668258153319039
f,Custom,939,1.4367622330384782,0.1690308509457033,1.29123095891453
f,Custom,940,1.52127765851133,0.1690308509457033,1.312218200850077
f,Custom,941,1.6057930839841814,0.1690308509457033,1.330217680309112
f,Custom,942,1.6903085094570331,0.1690308509457033,1.3456191223273961
f,Custom,943,-1.6903085094570331,0.253546276418555,-1.0708597750131
f,Custom,944,-1.6057930839841814,0.253546276418555,-1.0554583329948155
f,Custom,945,-1.52127765851133,0.253546276418555,-1.0374588535357805
f,Custom,946,-1.4367622330384782,0.253546276418555,-1.0164716116002337
f,Custom,947,-1.3522468075656264,0.253546276418555,-0.9920664680176075
f,Custom,948,-1.267731382092775,0.253546276418555,-0.9637755011833631
f,Custom,949,-1.1832159566199232,0.253546276418555,-0.9310987737856792
f,Custom,950,-1.0987005311470714,0.253546276418555,-0.893514175658386
f,Custom,951,-1.01418510567422,0.253546276418555,-0.8504923091232195
f,Custom,952,-0.9296696802013682,0.253546276418555,-0.8015172742451218
f,Custom,953,-0.8451542547285166,0.253546276418555,-0.7461138999172087
f,Custom,954,-0.760638829255665,0.253546276418555,-0.6838813853684872
f,Custom,955,-0.6761234037828132,0.253546276418555,-0.614532422012996
f,Custom,956,-0.5916079783099616,0.253546276418555,-0.5379356710404628
f,Custom,957,-0.50709255283711,0.253546276418555,-0.4541580867272427
f,Custom,958,-0.4225771273642583,0.253546276418555,-0.36350223269141135
f,Custom,959,-0.3380617018914066,0.253546276418555,-0.26653279387623163
f,Custom,960,-0.253546276418555,0.253546276418555,-0.16408636059460488
f,Custom,961,-0.1690308509457033,0.253546276418555,-0.05725961284477805
f,Custom,962,-0.08451542547285165,0.253546276418555,0.05262660174820264
f,Custom,963,0.0,0.253546276418555,0.16408636059460488
f,Custom,964,0.08451542547285165,0.253546276418555,0.2755461194410071
f,Custom,965,0.1690308509457033,0.253546276418555,0.3854323340339878
f,Custom,966,0.253546276418555,0.253546276418555,0.49225908178381467
f,Custom,967,0.3380617018914066,0.253546276418555,0.5947055150654413
f,Custom,968,0.4225771273642583,0.253546276418555,0.6916749538806212
f,Custom,969,0.50709255283711,0.253546276418555,0.7823308079164526
f,Custom,970,0.5916079783099616,0.253546276418555,0.8661083922296725
f,Custom,971,0.6761234037828132,0.253546276418555,0.9427051432022057
f,Custom,972,0.760638829255665,0.253546276418555,1.012054106557697
f,Custom,973,0.8451542547285166,0.253546276418555,1.0742866211064184
f,Custom,974,0.9296696802013682,0.253546276418555,1.1296899954343316
f,Custom,975,1.01418510567422,0.253546276418555,1.1786650303124293
f,Custom,976,1.0987005311470714,0.253546276418555,1.2216868968475956
f,Custom,977,1.1832159566199232,0.253546276418555,1.2592714949748889
f,Custom,978,1.267731382092775,0.253546276418555,1.2919482223725727
f,Custom,979,1.3522468075656264,0.253546276418555,1.3202391892068173
f,Custom,980,1.4367622330384782,0.253546276418555,1.3446443327894435
f,Custom,981,1.52127765851133,0.253546276418555,1.3656315747249903
f,Custom,982,1.6057930839841814,0.253546276418555,1.3836310541840253
f,Custom,983,1.6903085094570331,0.253546276418555,1.3990324962023095
f,Custom,984,-1.6903085094570331,0.3380617018914066,-1.0196365583722864
f,Custom,985,-1.6057930839841814,0.3380617018914066,-1.0042351163540022
f,Custom,986,-1.52127765851133,0.3380617018914066,-0.9862356368949671
f,Custom,987,-1.4367622330384782,0.3380617018914066,-0.9652483949594204
f,Custom,988,-1.3522468075656264,0.3380617018914066,-0.9408432513767941
f,Custom,989,-1.267731382092775,0.3380617018914066,-0.9125522845425497
f,Custom,990,-1.1832159566199232,0.3380617018914066,-0.8798755571448658
f,Custom,991,-1.0987005311470714,0.3380617018914066,-0.8422909590175726
f,Custom,992,-1.01418510567422,0.3380617018914066,-0.7992690924824062
f,Custom,993,-0.9296696802013682,0.3380617018914066,-0.7502940576043083
f,Custom,994,-0.8451542547285166,0.3380617018914066,-0.6948906832763952
f,Custom,995,-0.760638829255665,0.3380617018914066,-0.6326581687276738
f,Custom,996,-0.6761234037828132,0.3380617018914066,-0.5633092053721827
f,Custom,997,-0.5916079783099616,0.3380617018914066,-0.48671245439964944
f,Custom,998,-0.50709255283711,0.3380617018914066,-0.40293487008642936
f,Custom,999,-0.4225771273642583,0.3380617018914066,-0.31227901605059805
f,Custom,1000,-0.3380617018914066,0.3380617018914066,-0.21530957723541824
f,Custom,1001,-0.253546276418555,0.3380617018914066,-0.11286314395379152
f,Custom,1002,-0.1690308509457033,0.3380617018914066,-0.006036396203964682
f,Custom,1003,-0.08451542547285165,0.3380617018914066,0.10384981838901601
f,Custom,1004,0.0,0.3380617018914066,0.21530957723541824
f,Custom,1005,0.08451542547285165,0.3380617018914066,0.3267693360818205
f,Custom,1006,0.1690308509457033,0.3380617018914066,0.43665555067480116
f,Custom,1007,0.253546276418555,0.3380617018914066,0.543482298424628
f,Custom,1008,0.3380617018914066,0.3380617018914066,0.6459287317062548
f,Custom,1009,0.4225771273642583,0.3380617018914066,0.7428981705214345
f,Custom,1010,0.50709255283711,0.3380617018914066,0.8335540245572659
f,Custom,1011,0.5916079783099616,0.3380617018914066,0.9173316088704859
f,Custom,1012,0.6761234037828132,0.3380617018914066,0.9939283598430191
f,Custom,1013,0.760638829255665,0.3380617018914066,1.0632773231985102
f,Custom,1014,0.8451542547285166,0.3380617018914066,1.1255098377472317
f,Custom,1015,0.9296696802013682,0.3380617018914066,1.1809132120751449
f,Custom,1016,1.01418510567422,0.3380617018914066,1.2298882469532426
f,Custom,1017,1.0987005311470714,0.3380617018914066,1.272910113488409
f,Custom,1018,1.1832159566199232,0.3380617018914066,1.3104947116157022
f,Custom,1019,1.267731382092775,0.3380617018914066,1.3431714390133862
f,Custom,1020,1.3522468075656264,0.3380617018914066,1.3714624058476304
f,Custom,1021,1.4367622330384782,0.3380617018914066,1.395867549430257
f,Custom,1022,1.52127765851133,0.3380617018914066,1.4168547913658036
f,Custom,1023,1.6057930839841814,0.3380617018914066,1.4348542708248386
f,Custom,1024,1.6903085094570331,0.3380617018914066,1.450255712843123
f,Custom,1025,-1.6903085094570331,0.4225771273642583,-0.9711518389646965
f,Custom,1026,-1.6057930839841814,0.4225771273642583,-0.9557503969464123
f,Custom,1027,-1.52127765851133,0.4225771273642583,-0.9377509174873772
f,Custom,1028,-1.4367622330384782,0.4225771273642583,-0.9167636755518304
f,Custom,1029,-1.3522468075656264,0.4225771273642583,-0.8923585319692041
f,Custom,1030,-1.267731382092775,0.4225771273642583,-0.8640675651349597
f,Custom,1031,-1.1832159566199232,0.4225771273642583,-0.8313908377372758
f,Custom,1032,-1.0987005311470714,0.4225771273642583,-0.7938062396099826
f,Custom,1033,-1.01418510567422,0.4225771273642583,-0.7507843730748162
f,Custom,1034,-0.9296696802013682,0.4225771273642583,-0.7018093381967184
f,Custom,1035,-0.8451542547285166,0.4225771273642583,-0.6464059638688053
f,Custom,1036,-0.760638829255665,0.4225771273642583,-0.5841734493200839
f,Custom,1037,-0.6761234037828132,0.4225771273642583,-0.5148244859645926
f,Custom,1038,-0.5916079783099616,0.4225771273642583,-0.4382277349920595
f,Custom,1039,-0.50709255283711,0.4225771273642583,-0.3544501506788395
f,Custom,1040,-0.4225771273642583,0.4225771273642583,-0.26379429664300813
f,Custom,1041,-0.3380617018914066,0.4225771273642583,-0.16682485782782835
f,Custom,1042,-0.253546276418555,0.4225771273642583,-0.06437842454620162
f,Custom,1043,-0.1690308509457033,0.4225771273642583,0.04244832320362522
f,Custom,1044,-0.08451542547285165,0.4225771273642583,0.1523345377966059
f,Custom,1045,0.0,0.4225771273642583,0.26379429664300813
f,Custom,1046,0.08451542547285165,0.4225771273642583,0.3752540554894104
f,Custom,1047,0.1690308509457033,0.4225771273642583,0.4851402700823911
f,Custom,1048,0.253546276418555,0.4225771273642583,0.5919670178322178
f,Custom,1049,0.3380617018914066,0.4225771273642583,0.6944134511138447
f,Custom,1050,0.4225771273642583,0.4225771273642583,0.7913828899290244
f,Custom,1051,0.50709255283711,0.4225771273642583,0.8820387439648557
f,Custom,1052,0.5916079783099616,0.4225771273642583,0.9658163282780758
f,Custom,1053,0.6761234037828132,0.4225771273642583,1.042413079250609
f,Custom,1054,0.760638829255665,0.4225771273642583,1.1117620426061001
f,Custom,1055,0.8451542547285166,0.4225771273642583,1.1739945571548218
f,Custom,1056,0.9296696802013682,0.4225771273642583,1.2293979314827348
f,Custom,1057,1.01418510567422,0.4225771273642583,1.2783729663608325
f,Custom,1058,1.0987005311470714,0.4225771273642583,1.321394832895999
f,Custom,1059,1.1832159566199232,0.4225771273642583,1.358979431023292
f,Custom,1060,1.267731382092775,0.4225771273642583,1.3916561584209761
f,Custom,1061,1.3522468075656264,0.4225771273642583,1.4199471252552205
f,Custom,1062,1.4367622330384782,0.4225771273642583,1.4443522688378467
f,Custom,1063,1.52127765851133,0.4225771273642583,1.4653395107733933
f,Custom,1064,1.6057930839841814,0.4225771273642583,1.4833389902324285
f,Custom,1065,1.6903085094570331,0.4225771273642583,1.4987404322507127
f,Custom,1066,-1.6903085094570331,0.50709255283711,-0.9258239119467809
f,Custom,1067,-1.6057930839841814,0.50709255283711,-0.9104224699284966
f,Custom,1068,-1.52127765851133,0.50709255283711,-0.8924229904694615
f,Custom,1069,-1.4367622330384782,0.50709255283711,-0.8714357485339148
f,Custom,1070,-1.3522468075656264,0.50709255283711,-0.8470306049512886
f,Custom,1071,-1.267731382092775,0.50709255283711,-0.8187396381170441
f,Custom,1072,-1.1832159566199232,0.50709255283711,-0.7860629107193603
f,Custom,1073,-1.0987005311470714,0.50709255283711,-0.748478312592067
f,Custom,1074,-1.01418510567422,0.50709255283711,-0.7054564460569006
f,Custom,1075,-0.9296696802013682,0.50709255283711,-0.6564814111788029
f,Custom,1076,-0.8451542547285166,0.50709255283711,-0.6010780368508898
f,Custom,1077,-0.760638829255665,0.50709255283711,-0.5388455223021682
f,Custom,1078,-0.6761234037828132,0.50709255283711,-0.4694965589466771
f,Custom,1079,-0.5916079783099616,0.50709255283711,-0.3928998079741439
f,Custom,1080,-0.50709255283711,0.50709255283711,-0.3091222236609238
f,Custom,1081,-0.4225771273642583,0.50709255283711,-0.21846636962509247
f,Custom,1082,-0.3380617018914066,0.50709255283711,-0.12149693080991267
f,Custom,1083,-0.253546276418555,0.50709255283711,-0.019050497528285942
f,Custom,1084,-0.1690308509457033,0.50709255283711,0.08777625022154088
f,Custom,1085,-0.08451542547285165,0.50709255283711,0.1976624648145216
f,Custom,1086,0.0,0.50709255283711,0.3091222236609238
f,Custom,1087,0.08451542547285165,0.50709255283711,0.42058198250732604
f,Custom,1088,0.1690308509457033,0.50709255283711,0.5304681971003068
f,Custom,1089,0.253546276418555,0.50709255283711,0.6372949448501336
f,Custom,1090,0.3380617018914066,0.50709255283711,0.7397413781317602
f,Custom,1091,0.4225771273642583,0.50709255283711,0.8367108169469402
f,Custom,1092,0.50709255283711,0.50709255283711,0.9273666709827715
f,Custom,1093,0.5916079783099616,0.50709255283711,1.0111442552959915
f,Custom,1094,0.6761234037828132,0.50709255283711,1.0877410062685247
f,Custom,1095,0.760638829255665,0.50709255283711,1.1570899696240158
f,Custom,1096,0.8451542547285166,0.50709255283711,1.2193224841727373
f,Custom,1097,0.9296696802013682,0.50709255283711,1.2747258585006505
f,Custom,1098,1.01418510567422,0.50709255283711,1.3237008933787482
f,Custom,1099,1.0987005311470714,0.50709255283711,1.3667227599139147
f,Custom,1100,1.1832159566199232,0.50709255283711,1.4043073580412078
f,Custom,1101,1.267731382092775,0.50709255283711,1.4369840854388918
f,Custom,1102,1.3522468075656264,0.50709255283711,1.4652750522731361
f,Custom,1103,1.4367622330384782,0.50709255283711,1.4896801958557624
f,Custom,1104,1.52127765851133,0.50709255283711,1.5106674377913092
f,Custom,1105,1.6057930839841814,0.50709255283711,1.5286669172503444
f,Custom,1106,1.6903085094570331,0.50709255283711,1.5440683592686284
f,Custom,1107,-1.6903085094570331,0.5916079783099616,-0.8839351197901708
f,Custom,1108,-1.6057930839841814,0.5916079783099616,-0.8685336777718866
f,Custom,1109,-1.52127765851133,0.5916079783099616,-0.8505341983128515
f,Custom,1110,-1.4367622330384782,0.5916079783099616,-0.8295469563773048
f,Custom,1111,-1.3522468075656264,0.5916079783099616,-0.8051418127946784
f,Custom,1112,-1.267731382092775,0.5916079783099616,-0.7768508459604341
f,Custom,1113,-1.1832159566199232,0.5916079783099616,-0.7441741185627502
f,Custom,1114,-1.0987005311470714,0.5916079783099616,-0.706589520435457
f,Custom,1115,-1.01418510567422,0.5916079783099616,-0.6635676539002905
f,Custom,1116,-0.9296696802013682,0.5916079783099616,-0.6145926190221928
f,Custom,1117,-0.8451542547285166,0.5916079783099616,-0.5591892446942797
f,Custom,1118,-0.760638829255665,0.5916079783099616,-0.4969567301455582
f,Custom,1119,-0.6761234037828132,0.5916079783099616,-0.427607766790067
f,Custom,1120,-0.5916079783099616,0.5916079783099616,-0.35101101581753386
f,Custom,1121,-0.50709255283711,0.5916079783099616,-0.2672334315043138
f,Custom,1122,-0.4225771273642583,0.5916079783099616,-0.17657757746848243
f,Custom,1123,-0.3380617018914066,0.5916079783099616,-0.07960813865330264
f,Custom,1124,-0.253546276418555,0.5916079783099616,0.022838294628324093
f,Custom,1125,-0.1690308509457033,0.5916079783099616,0.1296650423781509
f,Custom,1126,-0.08451542547285165,0.5916079783099616,0.23955125697113158
f,Custom,1127,0.0,0.5916079783099616,0.35101101581753386
f,Custom,1128,0.08451542547285165,0.5916079783099616,0.4624707746639361
f,Custom,1129,0.1690308509457033,0.5916079783099616,0.5723569892569167
f,Custom,1130,0.253546276418555,0.5916079783099616,0.6791837370067437
f,Custom,1131,0.3380617018914066,0.5916079783099616,0.7816301702883703
f,Custom,1132,0.4225771273642583,0.5916079783099616,0.8785996091035501
f,Custom,1133,0.50709255283711,0.5916079783099616,0.9692554631393816
f,Custom,1134,0.5916079783099616,0.5916079783099616,1.0530330474526015
f,Custom,1135,0.6761234037828132,0.5916079783099616,1.1296297984251347
f,Custom,1136,0.760638829255665,0.5916079783099616,1.1989787617806258
f,Custom,1137,0.8451542547285166,0.5916079783099616,1.2612112763293475
f,Custom,1138,0.9296696802013682,0.5916079783099616,1.3166146506572605
f,Custom,1139,1.01418510567422,0.5916079783099616,1.3655896855353584
f,Custom,1140,1.0987005311470714,0.5916079783099616,1.4086115520705247
f,Custom,1141,1.1832159566199232,0.5916079783099616,1.4461961501978178
f,Custom,1142,1.267731382092775,0.5916079783099616,1.4788728775955016
f,Custom,1143,1.3522468075656264,0.5916079783099616,1.5071638444297464
f,Custom,1144,1.4367622330384782,0.5916079783099616,1.5315689880123724
f,Custom,1145,1.52127765851133,0.5916079783099616,1.5525562299479192
f,Custom,1146,1.6057930839841814,0.5916079783099616,1.5705557094069542
f,Custom,1147,1.6903085094570331,0.5916079783099616,1.5859571514252384
f,Custom,1148,-1.6903085094570331,0.6761234037828132,-0.8456367443039042
f,Custom,1149,-1.6057930839841814,0.6761234037828132,-0.83023530228562
f,Custom,1150,-1.52127765851133,0.6761234037828132,-0.8122358228265849
f,Custom,1151,-1.4367622330384782,0.6761234037828132,-0.7912485808910381
f,Custom,1152,-1.3522468075656264,0.6761234037828132,-0.7668434373084119
f,Custom,1153,-1.267731382092775,0.6761234037828132,-0.7385524704741675
f,Custom,1154,-1.1832159566199232,0.6761234037828132,-0.7058757430764836
f,Custom,1155,-1.0987005311470714,0.6761234037828132,-0.6682911449491904
f,Custom,1156,-1.01418510567422,0.6761234037828132,-0.6252692784140239
f,Custom,1157,-0.9296696802013682,0.6761234037828132,-0.5762942435359262
f,Custom,1158,-0.8451542547285166,0.6761234037828132,-0.5208908692080131
f,Custom,1159,-0.760638829255665,0.6761234037828132,-0.4586583546592916
f,Custom,1160,-0.6761234037828132,0.6761234037828132,-0.38930939130380043
f,Custom,1161,-0.5916079783099616,0.6761234037828132,-0.3127126403312673
f,Custom,1162,-0.50709255283711,0.6761234037828132,-0.2289350560180472
f,Custom,1163,-0.4225771273642583,0.6761234037828132,-0.13827920198221585
f,Custom,1164,-0.3380617018914066,0.6761234037828132,-0.041309763167036065
f,Custom,1165,-0.253546276418555,0.6761234037828132,0.061136670114590674
f,Custom,1166,-0.1690308509457033,0.6761234037828132,0.1679634178644175
f,Custom,1167,-0.08451542547285165,0.6761234037828132,0.2778496324573982
f,Custom,1168,0.0,0.6761234037828132,0.38930939130380043
f,Custom,1169,0.08451542547285165,0.6761234037828132,0.5007691501502027
f,Custom,1170,0.1690308509457033,0.6761234037828132,0.6106553647431833
f,Custom,1171,0.253546276418555,0.6761234037828132,0.7174821124930103
f,Custom,1172,0.3380617018914066,0.6761234037828132,0.8199285457746369
f,Custom,1173,0.4225771273642583,0.6761234037828132,0.9168979845898166
f,Custom,1174,0.50709255283711,0.6761234037828132,1.0075538386256482
f,Custom,1175,0.5916079783099616,0.6761234037828132,1.0913314229388682
f,Custom,1176,0.6761234037828132,0.6761234037828132,1.1679281739114014
f,Custom,1177,0.760638829255665,0.6761234037828132,1.2372771372668925
f,Custom,1178,0.8451542547285166,0.6761234037828132,1.299509651815614
f,Custom,1179,0.9296696802013682,0.6761234037828132,1.3549130261435272
f,Custom,1180,1.01418510567422,0.6761234037828132,1.4038880610216247
f,Custom,1181,1.0987005311470714,0.6761234037828132,1.4469099275567912
f,Custom,1182,1.1832159566199232,0.6761234037828132,1.4844945256840847
f,Custom,1183,1.267731382092775,0.6761234037828132,1.5171712530817685
f,Custom,1184,1.3522468075656264,0.6761234037828132,1.5454622199160126
f,Custom,1185,1.4367622330384782,0.6761234037828132,1.569867363498639
f,Custom,1186,1.52127765851133,0.6761234037828132,1.5908546054341857
f,Custom,1187,1.6057930839841814,0.6761234037828132,1.608854084893221
f,Custom,1188,1.6903085094570331,0.6761234037828132,1.6242555269115053
f,Custom,1189,-1.6903085094570331,0.760638829255665,-0.8109622626261586
f,Custom,1190,-1.6057930839841814,0.760638829255665,-0.7955608206078745
f,Custom,1191,-1.52127765851133,0.760638829255665,-0.7775613411488393
f,Custom,1192,-1.4367622330384782,0.760638829255665,-0.7565740992132926
f,Custom,1193,-1.3522468075656264,0.760638829255665,-0.7321689556306663
f,Custom,1194,-1.267731382092775,0.760638829255665,-0.7038779887964218
f,Custom,1195,-1.1832159566199232,0.760638829255665,-0.6712012613987379
f,Custom,1196,-1.0987005311470714,0.760638829255665,-0.6336166632714448
f,Custom,1197,-1.01418510567422,0.760638829255665,-0.5905947967362783
f,Custom,1198,-0.9296696802013682,0.760638829255665,-0.5416197618581806
f,Custom,1199,-0.8451542547285166,0.760638829255665,-0.4862163875302675
f,Custom,1200,-0.760638829255665,0.760638829255665,-0.423983872981546
f,Custom,1201,-0.6761234037828132,0.760638829255665,-0.3546349096260548
f,Custom,1202,-0.5916079783099616,0.760638829255665,-0.27803815865352166
f,Custom,1203,-0.50709255283711,0.760638829255665,-0.1942605743403016
f,Custom,1204,-0.4225771273642583,0.760638829255665,-0.10360472030447028
f,Custom,1205,-0.3380617018914066,0.760638829255665,-0.006635281489290479
f,Custom,1206,-0.253546276418555,0.760638829255665,0.09581115179233625
f,Custom,1207,-0.1690308509457033,0.760638829255665,0.20263789954216307
f,Custom,1208,-0.08451542547285165,0.760638829255665,0.31252411413514375
f,Custom,1209,0.0,0.760638829255665,0.423983872981546
f,Custom,1210,0.08451542547285165,0.760638829255665,0.5354436318279483
f,Custom,1211,0.1690308509457033,0.760638829255665,0.6453298464209289
f,Custom,1212,0.253546276418555,0.760638829255665,0.7521565941707558
f,Custom,1213,0.3380617018914066,0.760638829255665,0.8546030274523826
f,Custom,1214,0.4225771273642583,0.760638829255665,0.9515724662675623
f,Custom,1215,0.50709255283711,0.760638829255665,1.0422283203033937
f,Custom,1216,0.5916079783099616,0.760638829255665,1.1260059046166138
f,Custom,1217,0.6761234037828132,0.760638829255665,1.202602655589147
f,Custom,1218,0.760638829255665,0.760638829255665,1.271951618944638
f,Custom,1219,0.8451542547285166,0.760638829255665,1.3341841334933597
f,Custom,1220,0.9296696802013682,0.760638829255665,1.3895875078212725
f,Custom,1221,1.01418510567422,0.760638829255665,1.4385625426993705
f,Custom,1222,1.0987005311470714,0.760638829255665,1.4815844092345367
f,Custom,1223,1.1832159566199232,0.760638829255665,1.51916900736183
f,Custom,1224,1.267731382092775,0.760638829255665,1.551845734759514
f,Custom,1225,1.3522468075656264,0.760638829255665,1.5801367015937584
f,Custom,1226,1.4367622330384782,0.760638829255665,1.6045418451763847
f,Custom,1227,1.52127765851133,0.760638829255665,1.6255290871119312
f,Custom,1228,1.6057930839841814,0.760638829255665,1.6435285665709665
f,Custom,1229,1.6903085094570331,0.760638829255665,1.6589300085892507
f,Custom,1230,-1.6903085094570331,0.8451542547285166,-0.7798460053517979
f,Custom,1231,-1.6057930839841814,0.8451542547285166,-0.7644445633335136
f,Custom,1232,-1.52127765851133,0.8451542547285166,-0.7464450838744785
f,Custom,1233,-1.4367622330384782,0.8451542547285166,-0.7254578419389318
f,Custom,1234,-1.3522468075656264,0.8451542547285166,-0.7010526983563056
f,Custom,1235,-1.267731382092775,0.8451542547285166,-0.6727617315220611
f,Custom,1236,-1.1832159566199232,0.8451542547285166,-0.6400850041243773
f,Custom,1237,-1.0987005311470714,0.8451542547285166,-0.602500405997084
f,Custom,1238,-1.01418510567422,0.8451542547285166,-0.5594785394619176
f,Custom,1239,-0.9296696802013682,0.8451542547285166,-0.5105035045838199
f,Custom,1240,-0.8451542547285166,0.8451542547285166,-0.4551001302559068
f,Custom,1241,-0.760638829255665,0.8451542547285166,-0.39286761570718526
f,Custom,1242,-0.6761234037828132,0.8451542547285166,-0.3235186523516941
f,Custom,1243,-0.5916079783099616,0.8451542547285166,-0.24692190137916092
f,Custom,1244,-0.50709255283711,0.8451542547285166,-0.16314431706594085
f,Custom,1245,-0.4225771273642583,0.8451542547285166,-0.07248846303010952
f,Custom,1246,-0.3380617018914066,0.8451542547285166,0.02448097578507028
f,Custom,1247,-0.253546276418555,0.8451542547285166,0.12692740906669703
f,Custom,1248,-0.1690308509457033,0.8451542547285166,0.23375415681652384
f,Custom,1249,-0.08451542547285165,0.8451542547285166,0.3436403714095045
f,Custom,1250,0.0,0.8451542547285166,0.4551001302559068
f,Custom,1251,0.08451542547285165,0.8451542547285166,0.566559889102309
f,Custom,1252,0.1690308509457033,0.8451542547285166,0.6764461036952897
f,Custom,1253,0.253546276418555,0.8451542547285166,0.7832728514451165
f,Custom,1254,0.3380617018914066,0.8451542547285166,0.8857192847267432
f,Custom,1255,0.4225771273642583,0.8451542547285166,0.9826887235419232
f,Custom,1256,0.50709255283711,0.8451542547285166,1.0733445775777544
f,Custom,1257,0.5916079783099616,0.8451542547285166,1.1571221618909744
f,Custom,1258,0.6761234037828132,0.8451542547285166,1.2337189128635075
f,Custom,1259,0.760638829255665,0.8451542547285166,1.3030678762189989
f,Custom,1260,0.8451542547285166,0.8451542547285166,1.3653003907677204
f,Custom,1261,0.9296696802013682,0.8451542547285166,1.4207037650956333
f,Custom,1262,1.01418510567422,0.8451542547285166,1.469678799973731
f,Custom,1263,1.0987005311470714,0.8451542547285166,1.5127006665088973
f,Custom,1264,1.1832159566199232,0.8451542547285166,1.5502852646361909
f,Custom,1265,1.267731382092775,0.8451542547285166,1.5829619920338747
f,Custom,1266,1.3522468075656264,0.8451542547285166,1.611252958868119
f,Custom,1267,1.4367622330384782,0.8451542547285166,1.6356581024507453
f,Custom,1268,1.52127765851133,0.8451542547285166,1.6566453443862923
f,Custom,1269,1.6057930839841814,0.8451542547285166,1.6746448238453273
f,Custom,1270,1.6903085094570331,0.8451542547285166,1.6900462658636115
f,Custom,1271,-1.6903085094570331,0.9296696802013682,-0.7521443181878414
f,Custom,1272,-1.6057930839841814,0.9296696802013682,-0.736742876169557
f,Custom,1273,-1.52127765851133,0.9296696802013682,-0.7187433967105219
f,Custom,1274,-1.4367622330384782,0.9296696802013682,-0.6977561547749753
f,Custom,1275,-1.3522468075656264,0.9296696802013682,-0.6733510111923491
f,Custom,1276,-1.267731382092775,0.9296696802013682,-0.6450600443581046
f,Custom,1277,-1.1832159566199232,0.9296696802013682,-0.6123833169604207
f,Custom,1278,-1.0987005311470714,0.9296696802013682,-0.5747987188331275
f,Custom,1279,-1.01418510567422,0.9296696802013682,-0.5317768522979611
f,Custom,1280,-0.9296696802013682,0.9296696802013682,-0.48280181741986333
f,Custom,1281,-0.8451542547285166,0.9296696802013682,-0.42739844309195024
f,Custom,1282,-0.760638829255665,0.9296696802013682,-0.3651659285432287
f,Custom,1283,-0.6761234037828132,0.9296696802013682,-0.29581696518773754
f,Custom,1284,-0.5916079783099616,0.9296696802013682,-0.21922021421520438
f,Custom,1285,-0.50709255283711,0.9296696802013682,-0.13544262990198433
f,Custom,1286,-0.4225771273642583,0.9296696802013682,-0.04478677586615298
f,Custom,1287,-0.3380617018914066,0.9296696802013682,0.05218266294902683
f,Custom,1288,-0.253546276418555,0.9296696802013682,0.15462909623065355
f,Custom,1289,-0.1690308509457033,0.9296696802013682,0.2614558439804804
f,Custom,1290,-0.08451542547285165,0.9296696802013682,0.37134205857346103
f,Custom,1291,0.0,0.9296696802013682,0.48280181741986333
f,Custom,1292,0.08451542547285165,0.9296696802013682,0.5942615762662655
f,Custom,1293,0.1690308509457033,0.9296696802013682,0.7041477908592463
f,Custom,1294,0.253546276418555,0.9296696802013682,0.8109745386090731
f,Custom,1295,0.3380617018914066,0.9296696802013682,0.9134209718906997
f,Custom,1296,0.4225771273642583,0.9296696802013682,1.0103904107058796
f,Custom,1297,0.50709255283711,0.9296696802013682,1.101046264741711
f,Custom,1298,0.5916079783099616,0.9296696802013682,1.184823849054931
f,Custom,1299,0.6761234037828132,0.9296696802013682,1.2614206000274641
f,Custom,1300,0.760638829255665,0.9296696802013682,1.3307695633829555
f,Custom,1301,0.8451542547285166,0.9296696802013682,1.3930020779316767
f,Custom,1302,0.9296696802013682,0.9296696802013682,1.44840545225959
f,Custom,1303,1.01418510567422,0.9296696802013682,1.4973804871376877
f,Custom,1304,1.0987005311470714,0.9296696802013682,1.5404023536728542
f,Custom,1305,1.1832159566199232,0.9296696802013682,1.5779869518001473
f,Custom,1306,1.267731382092775,0.9296696802013682,1.6106636791978313
f,Custom,1307,1.3522468075656264,0.9296696802013682,1.6389546460320756
f,Custom,1308,1.4367622330384782,0.9296696802013682,1.6633597896147019
f,Custom,1309,1.52127765851133,0.9296696802013682,1.6843470315502487
f,Custom,1310,1.6057930839841814,0.9296696802013682,1.702346511009284
f,Custom,1311,1.6903085094570331,0.9296696802013682,1.7177479530275679
f,Custom,1312,-1.6903085094570331,1.01418510567422,-0.7276568007487925
f,Custom,1313,-1.6057930839841814,1.01418510567422,-0.7122553587305083
f,Custom,1314,-1.52127765851133,1.01418510567422,-0.6942558792714731
f,Custom,1315,-1.4367622330384782,1.01418510567422,-0.6732686373359263
f,Custom,1316,-1.3522468075656264,1.01418510567422,-0.6488634937533001
f,Custom,1317,-1.267731382092775,1.01418510567422,-0.6205725269190557
f,Custom,1318,-1.1832159566199232,1.01418510567422,-0.5878957995213718
f,Custom,1319,-1.0987005311470714,1.01418510567422,-0.5503112013940786
f,Custom,1320,-1.01418510567422,1.01418510567422,-0.5072893348589121
f,Custom,1321,-0.9296696802013682,1.01418510567422,-0.4583142999808144
f,Custom,1322,-0.8451542547285166,1.01418510567422,-0.4029109256529014
f,Custom,1323,-0.760638829255665,1.01418510567422,-0.34067841110417985
f,Custom,1324,-0.6761234037828132,1.01418510567422,-0.27132944774868867
f,Custom,1325,-0.5916079783099616,1.01418510567422,-0.1947326967761555
f,Custom,1326,-0.50709255283711,1.01418510567422,-0.11095511246293543
f,Custom,1327,-0.4225771273642583,1.01418510567422,-0.020299258427104092
f,Custom,1328,-0.3380617018914066,1.01418510567422,0.0766701803880757
f,Custom,1329,-0.253546276418555,1.01418510567422,0.17911661366970244
f,Custom,1330,-0.1690308509457033,1.01418510567422,0.28594336141952925
f,Custom,1331,-0.08451542547285165,1.01418510567422,0.39582957601250995
f,Custom,1332,0.0,1.01418510567422,0.5072893348589121
f,Custom,1333,0.08451542547285165,1.01418510567422,0.6187490937053145
f,Custom,1334,0.1690308509457033,1.01418510567422,0.728635308298295
f,Custom,1335,0.253546276418555,1.01418510567422,0.8354620560481221
f,Custom,1336,0.3380617018914066,1.01418510567422,0.9379084893297487
f,Custom,1337,0.4225771273642583,1.01418510567422,1.0348779281449285
f,Custom,1338,0.50709255283711,1.01418510567422,1.1255337821807598
f,Custom,1339,0.5916079783099616,1.01418510567422,1.2093113664939799
f,Custom,1340,0.6761234037828132,1.01418510567422,1.285908117466513
f,Custom,1341,0.760638829255665,1.01418510567422,1.3552570808220041
f,Custom,1342,0.8451542547285166,1.01418510567422,1.4174895953707258
f,Custom,1343,0.9296696802013682,1.01418510567422,1.4728929696986388
f,Custom,1344,1.01418510567422,1.01418510567422,1.5218680045767365
f,Custom,1345,1.0987005311470714,1.01418510567422,1.564889871111903
f,Custom,1346,1.1832159566199232,1.01418510567422,1.6024744692391963
f,Custom,1347,1.267731382092775,1.01418510567422,1.6351511966368804
f,Custom,1348,1.3522468075656264,1.01418510567422,1.6634421634711245
f,Custom,1349,1.4367622330384782,1.01418510567422,1.687847307053751
f,Custom,1350,1.52127765851133,1.01418510567422,1.7088345489892975
f,Custom,1351,1.6057930839841814,1.01418510567422,1.7268340284483326
f,Custom,1352,1.6903085094570331,1.01418510567422,1.742235470466617
f,Custom,1353,-1.6903085094570331,1.0987005311470714,-0.7061458674812093
f,Custom,1354,-1.6057930839841814,1.0987005311470714,-0.6907444254629249
f,Custom,1355,-1.52127765851133,1.0987005311470714,-0.6727449460038898
f,Custom,1356,-1.4367622330384782,1.0987005311470714,-0.6517577040683432
f,Custom,1357,-1.3522468075656264,1.0987005311470714,-0.627352560485717
f,Custom,1358,-1.267731382092775,1.0987005311470714,-0.5990615936514725
f,Custom,1359,-1.1832159566199232,1.0987005311470714,-0.5663848662537886
f,Custom,1360,-1.0987005311470714,1.0987005311470714,-0.5288002681264954
f,Custom,1361,-1.01418510567422,1.0987005311470714,-0.485778401591329
f,Custom,1362,-0.9296696802013682,1.0987005311470714,-0.4368033667132312
f,Custom,1363,-0.8451542547285166,1.0987005311470714,-0.38139999238531813
f,Custom,1364,-0.760638829255665,1.0987005311470714,-0.3191674778365966
f,Custom,1365,-0.6761234037828132,1.0987005311470714,-0.24981851448110545
f,Custom,1366,-0.5916079783099616,1.0987005311470714,-0.1732217635085723
f,Custom,1367,-0.50709255283711,1.0987005311470714,-0.08944417919535223
f,Custom,1368,-0.4225771273642583,1.0987005311470714,0.0012116748404791171
f,Custom,1369,-0.3380617018914066,1.0987005311470714,0.09818111365565892
f,Custom,1370,-0.253546276418555,1.0987005311470714,0.20062754693728566
f,Custom,1371,-0.1690308509457033,1.0987005311470714,0.3074542946871125
f,Custom,1372,-0.08451542547285165,1.0987005311470714,0.41734050928009314
f,Custom,1373,0.0,1.0987005311470714,0.5288002681264954
f,Custom,1374,0.08451542547285165,1.0987005311470714,0.6402600269728976
f,Custom,1375,0.1690308509457033,1.0987005311470714,0.7501462415658784
f,Custom,1376,0.253546276418555,1.0987005311470714,0.8569729893157052
f,Custom,1377,0.3380617018914066,1.0987005311470714,0.9594194225973318
f,Custom,1378,0.4225771273642583,1.0987005311470714,1.0563888614125116
f,Custom,1379,0.50709255283711,1.0987005311470714,1.147044715448343
f,Custom,1380,0.5916079783099616,1.0987005311470714,1.230822299761563
f,Custom,1381,0.6761234037828132,1.0987005311470714,1.3074190507340961
f,Custom,1382,0.760638829255665,1.0987005311470714,1.3767680140895875
f,Custom,1383,0.8451542547285166,1.0987005311470714,1.439000528638309
f,Custom,1384,0.9296696802013682,1.0987005311470714,1.4944039029662222
f,Custom,1385,1.01418510567422,1.0987005311470714,1.5433789378443197
f,Custom,1386,1.0987005311470714,1.0987005311470714,1.5864008043794864
f,Custom,1387,1.1832159566199232,1.0987005311470714,1.6239854025067793
f,Custom,1388,1.267731382092775,1.0987005311470714,1.6566621299044633
f,Custom,1389,1.3522468075656264,1.0987005311470714,1.6849530967387076
f,Custom,1390,1.4367622330384782,1.0987005311470714,1.7093582403213339
f,Custom,1391,1.52127765851133,1.0987005311470714,1.7303454822568807
f,Custom,1392,1.6057930839841814,1.0987005311470714,1.748344961715916
f,Custom,1393,1.6903085094570331,1.0987005311470714,1.7637464037342
f,Custom,1394,-1.6903085094570331,1.1832159566199232,-0.6873535684175627
f,Custom,1395,-1.6057930839841814,1.1832159566199232,-0.6719521263992785
f,Custom,1396,-1.52127765851133,1.1832159566199232,-0.6539526469402432
f,Custom,1397,-1.4367622330384782,1.1832159566199232,-0.6329654050046966
f,Custom,1398,-1.3522468075656264,1.1832159566199232,-0.6085602614220703
f,Custom,1399,-1.267731382092775,1.1832159566199232,-0.580269294587826
f,Custom,1400,-1.1832159566199232,1.1832159566199232,-0.547592567190142
f,Custom,1401,-1.0987005311470714,1.1832159566199232,-0.5100079690628488
f,Custom,1402,-1.01418510567422,1.1832159566199232,-0.46698610252768236
f,Custom,1403,-0.9296696802013682,1.1832159566199232,-0.4180110676495846
f,Custom,1404,-0.8451542547285166,1.1832159566199232,-0.36260769332167153
f,Custom,1405,-0.760638829255665,1.1832159566199232,-0.30037517877295
f,Custom,1406,-0.6761234037828132,1.1832159566199232,-0.23102621541745885
f,Custom,1407,-0.5916079783099616,1.1832159566199232,-0.1544294644449257
f,Custom,1408,-0.50709255283711,1.1832159566199232,-0.07065188013170562
f,Custom,1409,-0.4225771273642583,1.1832159566199232,0.020003973904125727
f,Custom,1410,-0.3380617018914066,1.1832159566199232,0.11697341271930552
f,Custom,1411,-0.253546276418555,1.1832159566199232,0.21941984600093226
f,Custom,1412,-0.1690308509457033,1.1832159566199232,0.3262465937507591
f,Custom,1413,-0.08451542547285165,1.1832159566199232,0.43613280834373974
f,Custom,1414,0.0,1.1832159566199232,0.547592567190142
f,Custom,1415,0.08451542547285165,1.1832159566199232,0.6590523260365443
f,Custom,1416,0.1690308509457033,1.1832159566199232,0.7689385406295249
f,Custom,1417,0.253546276418555,1.1832159566199232,0.8757652883793517
f,Custom,1418,0.3380617018914066,1.1832159566199232,0.9782117216609785
f,Custom,1419,0.4225771273642583,1.1832159566199232,1.0751811604761583
f,Custom,1420,0.50709255283711,1.1832159566199232,1.1658370145119896
f,Custom,1421,0.5916079783099616,1.1832159566199232,1.2496145988252096
f,Custom,1422,0.6761234037828132,1.1832159566199232,1.3262113497977428
f,Custom,1423,0.760638829255665,1.1832159566199232,1.3955603131532341
f,Custom,1424,0.8451542547285166,1.1832159566199232,1.4577928277019556
f,Custom,1425,0.9296696802013682,1.1832159566199232,1.5131962020298686
f,Custom,1426,1.01418510567422,1.1832159566199232,1.5621712369079663
f,Custom,1427,1.0987005311470714,1.1832159566199232,1.6051931034431326
f,Custom,1428,1.1832159566199232,1.1832159566199232,1.6427777015704261
f,Custom,1429,1.267731382092775,1.1832159566199232,1.67545442896811
f,Custom,1430,1.3522468075656264,1.1832159566199232,1.7037453958023543
f,Custom,1431,1.4367622330384782,1.1832159566199232,1.7281505393849805
f,Custom,1432,1.52127765851133,1.1832159566199232,1.7491377813205276
f,Custom,1433,1.6057930839841814,1.1832159566199232,1.7671372607795626
f,Custom,1434,1.6903085094570331,1.1832159566199232,1.7825387027978468
f,Custom,1435,-1.6903085094570331,1.267731382092775,-0.6710152047187207
f,Custom,1436,-1.6057930839841814,1.267731382092775,-0.6556137627004365
f,Custom,1437,-1.52127765851133,1.267731382092775,-0.6376142832414013
f,Custom,1438,-1.4367622330384782,1.267731382092775,-0.6166270413058547
f,Custom,1439,-1.3522468075656264,1.267731382092775,-0.5922218977232284
f,Custom,1440,-1.267731382092775,1.267731382092775,-0.5639309308889839
f,Custom,1441,-1.1832159566199232,1.267731382092775,-0.5312542034913
f,Custom,1442,-1.0987005311470714,1.267731382092775,-0.49366960536400684
f,Custom,1443,-1.01418510567422,1.267731382092775,-0.4506477388288404
f,Custom,1444,-0.9296696802013682,1.267731382092775,-0.40167270395074267
f,Custom,1445,-0.8451542547285166,1.267731382092775,-0.3462693296228296
f,Custom,1446,-0.760638829255665,1.267731382092775,-0.28403681507410805
f,Custom,1447,-0.6761234037828132,1.267731382092775,-0.2146878517186169
f,Custom,1448,-0.5916079783099616,1.267731382092775,-0.13809110074608374
f,Custom,1449,-0.50709255283711,1.267731382092775,-0.054313516432863675
f,Custom,1450,-0.4225771273642583,1.267731382092775,0.03634233760296767
f,Custom,1451,-0.3380617018914066,1.267731382092775,0.13331177641814748
f,Custom,1452,-0.253546276418555,1.267731382092775,0.2357582096997742
f,Custom,1453,-0.1690308509457033,1.267731382092775,0.34258495744960105
f,Custom,1454,-0.08451542547285165,1.267731382092775,0.4524711720425817
f,Custom,1455,0.0,1.267731382092775,0.5639309308889839
f,Custom,1456,0.08451542547285165,1.267731382092775,0.6753906897353862
f,Custom,1457,0.1690308509457033,1.267731382092775,0.7852769043283668
f,Custom,1458,0.253546276418555,1.267731382092775,0.8921036520781936
f,Custom,1459,0.3380617018914066,1.267731382092775,0.9945500853598205
f,Custom,1460,0.4225771273642583,1.267731382092775,1.0915195241750004
f,Custom,1461,0.50709255283711,1.267731382092775,1.1821753782108315
f,Custom,1462,0.5916079783099616,1.267731382092775,1.2659529625240518
f,Custom,1463,0.6761234037828132,1.267731382092775,1.342549713496585
f,Custom,1464,0.760638829255665,1.267731382092775,1.4118986768520758
f,Custom,1465,0.8451542547285166,1.267731382092775,1.4741311914007975
f,Custom,1466,0.9296696802013682,1.267731382092775,1.5295345657287107
f,Custom,1467,1.01418510567422,1.267731382092775,1.5785096006068084
f,Custom,1468,1.0987005311470714,1.267731382092775,1.621531467141975
f,Custom,1469,1.1832159566199232,1.267731382092775,1.659116065269268
f,Custom,1470,1.267731382092775,1.267731382092775,1.6917927926669518
f,Custom,1471,1.3522468075656264,1.267731382092775,1.7200837595011964
f,Custom,1472,1.4367622330384782,1.267731382092775,1.7444889030838227
f,Custom,1473,1.52127765851133,1.267731382092775,1.765476145019369
f,Custom,1474,1.6057930839841814,1.267731382092775,1.7834756244784042
f,Custom,1475,1.6903085094570331,1.267731382092775,1.7988770664966887
f,Custom,1476,-1.6903085094570331,1.3522468075656264,-0.6568697213015985
f,Custom,1477,-1.6057930839841814,1.3522468075656264,-0.6414682792833143
f,Custom,1478,-1.52127765851133,1.3522468075656264,-0.6234687998242792
f,Custom,1479,-1.4367622330384782,1.3522468075656264,-0.6024815578887324
f,Custom,1480,-1.3522468075656264,1.3522468075656264,-0.5780764143061061
f,Custom,1481,-1.267731382092775,1.3522468075656264,-0.5497854474718618
f,Custom,1482,-1.1832159566199232,1.3522468075656264,-0.5171087200741779
f,Custom,1483,-1.0987005311470714,1.3522468075656264,-0.47952412194688465
f,Custom,1484,-1.01418510567422,1.3522468075656264,-0.4365022554117182
f,Custom,1485,-0.9296696802013682,1.3522468075656264,-0.38752722053362043
f,Custom,1486,-0.8451542547285166,1.3522468075656264,-0.3321238462057074
f,Custom,1487,-0.760638829255665,1.3522468075656264,-0.26989133165698587
f,Custom,1488,-0.6761234037828132,1.3522468075656264,-0.2005423683014947
f,Custom,1489,-0.5916079783099616,1.3522468075656264,-0.12394561732896152
f,Custom,1490,-0.50709255283711,1.3522468075656264,-0.040168033015741456
f,Custom,1491,-0.4225771273642583,1.3522468075656264,0.05048782102008988
f,Custom,1492,-0.3380617018914066,1.3522468075656264,0.1474572598352697
f,Custom,1493,-0.253546276418555,1.3522468075656264,0.24990369311689642
f,Custom,1494,-0.1690308509457033,1.3522468075656264,0.3567304408667233
f,Custom,1495,-0.08451542547285165,1.3522468075656264,0.46661665545970393
f,Custom,1496,0.0,1.3522468075656264,0.5780764143061061
f,Custom,1497,0.08451542547285165,1.3522468075656264,0.6895361731525085
f,Custom,1498,0.1690308509457033,1.3522468075656264,0.799422387745489
f,Custom,1499,0.253546276418555,1.3522468075656264,0.906249135495316
f,Custom,1500,0.3380617018914066,1.3522468075656264,1.0086955687769428
f,Custom,1501,0.4225771273642583,1.3522468075656264,1.1056650075921224
f,Custom,1502,0.50709255283711,1.3522468075656264,1.196320861627954
f,Custom,1503,0.5916079783099616,1.3522468075656264,1.280098445941174
f,Custom,1504,0.6761234037828132,1.3522468075656264,1.356695196913707
f,Custom,1505,0.760638829255665,1.3522468075656264,1.4260441602691982
f,Custom,1506,0.8451542547285166,1.3522468075656264,1.4882766748179195
f,Custom,1507,0.9296696802013682,1.3522468075656264,1.543680049145833
f,Custom,1508,1.01418510567422,1.3522468075656264,1.5926550840239306
f,Custom,1509,1.0987005311470714,1.3522468075656264,1.635676950559097
f,Custom,1510,1.1832159566199232,1.3522468075656264,1.67326154868639
f,Custom,1511,1.267731382092775,1.3522468075656264,1.705938276084074
f,Custom,1512,1.3522468075656264,1.3522468075656264,1.7342292429183186
f,Custom,1513,1.4367622330384782,1.3522468075656264,1.7586343865009446
f,Custom,1514,1.52127765851133,1.3522468075656264,1.7796216284364914
f,Custom,1515,1.6057930839841814,1.3522468075656264,1.7976211078955266
f,Custom,1516,1.6903085094570331,1.3522468075656264,1.8130225499138106
f,Custom,1517,-1.6903085094570331,1.4367622330384782,-0.6446671495102854
f,Custom,1518,-1.6057930839841814,1.4367622330384782,-0.6292657074920012
f,Custom,1519,-1.52127765851133,1.4367622330384782,-0.611266228032966
f,Custom,1520,-1.4367622330384782,1.4367622330384782,-0.5902789860974192
f,Custom,1521,-1.3522468075656264,1.4367622330384782,-0.565873842514793
f,Custom,1522,-1.267731382092775,1.4367622330384782,-0.5375828756805486
f,Custom,1523,-1.1832159566199232,1.4367622330384782,-0.5049061482828647
f,Custom,1524,-1.0987005311470714,1.4367622330384782,-0.46732155015557153
f,Custom,1525,-1.01418510567422,1.4367622330384782,-0.4242996836204051
f,Custom,1526,-0.9296696802013682,1.4367622330384782,-0.3753246487423073
f,Custom,1527,-0.8451542547285166,1.4367622330384782,-0.3199212744143943
f,Custom,1528,-0.760638829255665,1.4367622330384782,-0.25768875986567275
f,Custom,1529,-0.6761234037828132,1.4367622330384782,-0.18833979651018157
f,Custom,1530,-0.5916079783099616,1.4367622330384782,-0.1117430455376484
f,Custom,1531,-0.50709255283711,1.4367622330384782,-0.027965461224428334
f,Custom,1532,-0.4225771273642583,1.4367622330384782,0.06269039281140301
f,Custom,1533,-0.3380617018914066,1.4367622330384782,0.15965983162658282
f,Custom,1534,-0.253546276418555,1.4367622330384782,0.26210626490820954
f,Custom,1535,-0.1690308509457033,1.4367622330384782,0.3689330126580364
f,Custom,1536,-0.08451542547285165,1.4367622330384782,0.47881922725101705
f,Custom,1537,0.0,1.4367622330384782,0.5902789860974192
f,Custom,1538,0.08451542547285165,1.4367622330384782,0.7017387449438216
f,Custom,1539,0.1690308509457033,1.4367622330384782,0.8116249595368021
f,Custom,1540,0.253546276418555,1.4367622330384782,0.918451707286629
f,Custom,1541,0.3380617018914066,1.4367622330384782,1.0208981405682558
f,Custom,1542,0.4225771273642583,1.4367622330384782,1.1178675793834356
f,Custom,1543,0.50709255283711,1.4367622330384782,1.208523433419267
f,Custom,1544,0.5916079783099616,1.4367622330384782,1.292301017732487
f,Custom,1545,0.6761234037828132,1.4367622330384782,1.3688977687050201
f,Custom,1546,0.760638829255665,1.4367622330384782,1.4382467320605115
f,Custom,1547,0.8451542547285166,1.4367622330384782,1.500479246609233
f,Custom,1548,0.9296696802013682,1.4367622330384782,1.5558826209371457
f,Custom,1549,1.01418510567422,1.4367622330384782,1.6048576558152436
f,Custom,1550,1.0987005311470714,1.4367622330384782,1.64787952235041
f,Custom,1551,1.1832159566199232,1.4367622330384782,1.6854641204777032
f,Custom,1552,1.267731382092775,1.4367622330384782,1.7181408478753872
f,Custom,1553,1.3522468075656264,1.4367622330384782,1.7464318147096316
f,Custom,1554,1.4367622330384782,1.4367622330384782,1.7708369582922578
f,Custom,1555,1.52127765851133,1.4367622330384782,1.7918242002278046
f,Custom,1556,1.6057930839841814,1.4367622330384782,1.8098236796868399
f,Custom,1557,1.6903085094570331,1.4367622330384782,1.8252251217051239
f,Custom,1558,-1.6903085094570331,1.52127765851133,-0.634173528542512
f,Custom,1559,-1.6057930839841814,1.52127765851133,-0.6187720865242278
f,Custom,1560,-1.52127765851133,1.52127765851133,-0.6007726070651926
f,Custom,1561,-1.4367622330384782,1.52127765851133,-0.579785365129646
f,Custom,1562,-1.3522468075656264,1.52127765851133,-0.5553802215470197
f,Custom,1563,-1.267731382092775,1.52127765851133,-0.5270892547127752
f,Custom,1564,-1.1832159566199232,1.52127765851133,-0.4944125273150914
f,Custom,1565,-1.0987005311470714,1.52127765851133,-0.45682792918779813
f,Custom,1566,-1.01418510567422,1.52127765851133,-0.41380606265263176
f,Custom,1567,-0.9296696802013682,1.52127765851133,-0.36483102777453397
f,Custom,1568,-0.8451542547285166,1.52127765851133,-0.3094276534466209
f,Custom,1569,-0.760638829255665,1.52127765851133,-0.24719513889789937
f,Custom,1570,-0.6761234037828132,1.52127765851133,-0.1778461755424082
f,Custom,1571,-0.5916079783099616,1.52127765851133,-0.10124942456987504
f,Custom,1572,-0.50709255283711,1.52127765851133,-0.01747184025665498
f,Custom,1573,-0.4225771273642583,1.52127765851133,0.07318401377917637
f,Custom,1574,-0.3380617018914066,1.52127765851133,0.17015345259435616
f,Custom,1575,-0.253546276418555,1.52127765851133,0.2725998858759829
f,Custom,1576,-0.1690308509457033,1.52127765851133,0.3794266336258097
f,Custom,1577,-0.08451542547285165,1.52127765851133,0.4893128482187904
f,Custom,1578,0.0,1.52127765851133,0.6007726070651926
f,Custom,1579,0.08451542547285165,1.52127765851133,0.7122323659115949
f,Custom,1580,0.1690308509457033,1.52127765851133,0.8221185805045756
f,Custom,1581,0.253546276418555,1.52127765851133,0.9289453282544025
f,Custom,1582,0.3380617018914066,1.52127765851133,1.0313917615360293
f,Custom,1583,0.4225771273642583,1.52127765851133,1.128361200351209
f,Custom,1584,0.50709255283711,1.52127765851133,1.2190170543870402
f,Custom,1585,0.5916079783099616,1.52127765851133,1.3027946387002605
f,Custom,1586,0.6761234037828132,1.52127765851133,1.3793913896727936
f,Custom,1587,0.760638829255665,1.52127765851133,1.4487403530282845
f,Custom,1588,0.8451542547285166,1.52127765851133,1.5109728675770062
f,Custom,1589,0.9296696802013682,1.52127765851133,1.5663762419049192
f,Custom,1590,1.01418510567422,1.52127765851133,1.6153512767830172
f,Custom,1591,1.0987005311470714,1.52127765851133,1.6583731433181834
f,Custom,1592,1.1832159566199232,1.52127765851133,1.6959577414454767
f,Custom,1593,1.267731382092775,1.52127765851133,1.7286344688431607
f,Custom,1594,1.3522468075656264,1.52127765851133,1.7569254356774051
f,Custom,1595,1.4367622330384782,1.52127765851133,1.7813305792600314
f,Custom,1596,1.52127765851133,1.52127765851133,1.802317821195578
f,Custom,1597,1.6057930839841814,1.52127765851133,1.820317300654613
f,Custom,1598,1.6903085094570331,1.52127765851133,1.8357187426728974
f,Custom,1599,-1.6903085094570331,1.6057930839841814,-0.6251737888129945
f,Custom,1600,-1.6057930839841814,1.6057930839841814,-0.6097723467947103
f,Custom,1601,-1.52127765851133,1.6057930839841814,-0.591772867335675
f,Custom,1602,-1.4367622330384782,1.6057930839841814,-0.5707856254001283
f,Custom,1603,-1.3522468075656264,1.6057930839841814,-0.5463804818175021
f,Custom,1604,-1.267731382092775,1.6057930839841814,-0.5180895149832577
f,Custom,1605,-1.1832159566199232,1.6057930839841814,-0.4854127875855738
f,Custom,1606,-1.0987005311470714,1.6057930839841814,-0.44782818945828057
f,Custom,1607,-1.01418510567422,1.6057930839841814,-0.4048063229231142
f,Custom,1608,-0.9296696802013682,1.6057930839841814,-0.3558312880450164
f,Custom,1609,-0.8451542547285166,1.6057930839841814,-0.3004279137171033
f,Custom,1610,-0.760638829255665,1.6057930839841814,-0.2381953991683818
f,Custom,1611,-0.6761234037828132,1.6057930839841814,-0.16884643581289063
f,Custom,1612,-0.5916079783099616,1.6057930839841814,-0.09224968484035748
f,Custom,1613,-0.50709255283711,1.6057930839841814,-0.00847210052713741
f,Custom,1614,-0.4225771273642583,1.6057930839841814,0.08218375350869393
f,Custom,1615,-0.3380617018914066,1.6057930839841814,0.17915319232387372
f,Custom,1616,-0.253546276418555,1.6057930839841814,0.28159962560550045
f,Custom,1617,-0.1690308509457033,1.6057930839841814,0.38842637335532726
f,Custom,1618,-0.08451542547285165,1.6057930839841814,0.49831258794830796
f,Custom,1619,0.0,1.6057930839841814,0.6097723467947103
f,Custom,1620,0.08451542547285165,1.6057930839841814,0.7212321056411124
f,Custom,1621,0.1690308509457033,1.6057930839841814,0.8311183202340932
f,Custom,1622,0.253546276418555,1.6057930839841814,0.93794506798392
f,Custom,1623,0.3380617018914066,1.6057930839841814,1.0403915012655467
f,Custom,1624,0.4225771273642583,1.6057930839841814,1.1373609400807265
f,Custom,1625,0.50709255283711,1.6057930839841814,1.2280167941165578
f,Custom,1626,0.5916079783099616,1.6057930839841814,1.311794378429778
f,Custom,1627,0.6761234037828132,1.6057930839841814,1.3883911294023112
f,Custom,1628,0.760638829255665,1.6057930839841814,1.4577400927578021
f,Custom,1629,0.8451542547285166,1.6057930839841814,1.5199726073065238
f,Custom,1630,0.9296696802013682,1.6057930839841814,1.5753759816344368
f,Custom,1631,1.01418510567422,1.6057930839841814,1.6243510165125348
f,Custom,1632,1.0987005311470714,1.6057930839841814,1.667372883047701
f,Custom,1633,1.1832159566199232,1.6057930839841814,1.7049574811749943
f,Custom,1634,1.267731382092775,1.6057930839841814,1.7376342085726781
f,Custom,1635,1.3522468075656264,1.6057930839841814,1.7659251754069227
f,Custom,1636,1.4367622330384782,1.6057930839841814,1.790330318989549
f,Custom,1637,1.52127765851133,1.6057930839841814,1.8113175609250955
f,Custom,1638,1.6057930839841814,1.6057930839841814,1.8293170403841306
f,Custom,1639,1.6903085094570331,1.6057930839841814,1.844718482402415
f,Custom,1640,-1.6903085094570331,1.6903085094570331,-0.6174730678038524
f,Custom,1641,-1.6057930839841814,1.6903085094570331,-0.602071625785568
f,Custom,1642,-1.52127765851133,1.6903085094570331,-0.5840721463265329
f,Custom,1643,-1.4367622330384782,1.6903085094570331,-0.5630849043909862
f,Custom,1644,-1.3522468075656264,1.6903085094570331,-0.53867976080836
f,Custom,1645,-1.267731382092775,1.6903085094570331,-0.5103887939741156
f,Custom,1646,-1.1832159566199232,1.6903085094570331,-0.47771206657643167
f,Custom,1647,-1.0987005311470714,1.6903085094570331,-0.44012746844913847
f,Custom,1648,-1.01418510567422,1.6903085094570331,-0.39710560191397204
f,Custom,1649,-0.9296696802013682,1.6903085094570331,-0.3481305670358743
f,Custom,1650,-0.8451542547285166,1.6903085094570331,-0.2927271927079612
f,Custom,1651,-0.760638829255665,1.6903085094570331,-0.23049467815923969
f,Custom,1652,-0.6761234037828132,1.6903085094570331,-0.16114571480374854
f,Custom,1653,-0.5916079783099616,1.6903085094570331,-0.08454896383121537
f,Custom,1654,-0.50709255283711,1.6903085094570331,-0.0007713795179952982
f,Custom,1655,-0.4225771273642583,1.6903085094570331,0.08988447451783604
f,Custom,1656,-0.3380617018914066,1.6903085094570331,0.18685391333301585
f,Custom,1657,-0.253546276418555,1.6903085094570331,0.2893003466146426
f,Custom,1658,-0.1690308509457033,1.6903085094570331,0.39612709436446947
f,Custom,1659,-0.08451542547285165,1.6903085094570331,0.5060133089574501
f,Custom,1660,0.0,1.6903085094570331,0.6174730678038524
f,Custom,1661,0.08451542547285165,1.6903085094570331,0.7289328266502546
f,Custom,1662,0.1690308509457033,1.6903085094570331,0.8388190412432353
f,Custom,1663,0.253546276418555,1.6903085094570331,0.9456457889930621
f,Custom,1664,0.3380617018914066,1.6903085094570331,1.048092222274689
f,Custom,1665,0.4225771273642583,1.6903085094570331,1.1450616610898687
f,Custom,1666,0.50709255283711,1.6903085094570331,1.2357175151256998
f,Custom,1667,0.5916079783099616,1.6903085094570331,1.31949509943892
f,Custom,1668,0.6761234037828132,1.6903085094570331,1.3960918504114532
f,Custom,1669,0.760638829255665,1.6903085094570331,1.4654408137669441
f,Custom,1670,0.8451542547285166,1.6903085094570331,1.5276733283156658
f,Custom,1671,0.9296696802013682,1.6903085094570331,1.583076702643579
f,Custom,1672,1.01418510567422,1.6903085094570331,1.6320517375216768
f,Custom,1673,1.0987005311470714,1.6903085094570331,1.6750736040568432
f,Custom,1674,1.1832159566199232,1.6903085094570331,1.7126582021841363
f,Custom,1675,1.267731382092775,1.6903085094570331,1.7453349295818203
f,Custom,1676,1.3522468075656264,1.6903085094570331,1.7736258964160647
f,Custom,1677,1.4367622330384782,1.6903085094570331,1.798031039998691
f,Custom,1678,1.52127765851133,1.6903085094570331,1.8190182819342375
f,Custom,1679,1.6057930839841814,1.6903085094570331,1.8370177613932726
f,Custom,1680,1.6903085094570331,1.6903085094570331,1.852419203411557
